0 695.071938722892 3458.05219740825 4909.81160534699 3827.61348623395 5005.30968072906 5320.12687818627 5365.74785095237 6234.83159355567 2706.12730668755 3882.8147007036 1919.96093710263 1344.20050587701 956.55632348545 2731.07121840497 2236.90634582675 2569.65464605655 5957.87294258614 1604.29112071344 4044.904201585 4554.18763337656 3991.71015981872 3889.56938490625 3642.28636985067 1880.99043059767 2916.86904059815 3511.49896767748 3025.82633341704 2457.89544122609 4434.3122352852 6042.91941035126 4674.79946093947 5038.16682931401 4245.65954829164 5853.63135156289 5175.66420858232 5912.11679519273 5422.98349619469 3324.7180331571 3683.23906365036 5662.4862030737 6006.14268894771 2442.33494836396 4669.6493444369 5317.42418845817 6281.17226320056 5147.14726814767 6555.77035900435 3204.29399400242 4607.12763009665 3611.87278292024 4618.50895852763 4494.85817351338 6717.23529437521 6443.89245720318 5843.5327499724 5127.98693446073 5463.85852671901 4243.22990185542 6076.8515696864 5414.85226021911 5435.81870558612 3745.16354783072 4556.86295602578 5554.50267800818 5247.73760776966 5635.04658365838 4863.76911458593 3821.7306289167 4727.97525374235 2849.34202931133 4492.49373956158 5197.89620904458 1380.67012714841 2288.69504303216 2591.45229552851 5070.37967020222 5142.83482138013 1862.45805321892 3318.69703347564 3561.33752963686 3997.34286745583 4899.48976935354 2832.95340589993 4412.26982402482 4288.13770767684 1826.71152621316 2093.59141190443 2778.60126682473 3089.19487892881 2349.73402750184 2836.04037347849 3207.90040369086 3095.25847062891 2644.56990832158 3885.22843601248 4387.19728300426 2757.82976269385 3317.6610737084 2810.13789697232 4498.68036206175 4579.64245329261 4716.46053730973 2455.35129869434 3461.3942277643 3427.55379242981 4388.90646972569 4981.34018111592 2627.49881065625 2383.66839136655 3569.83893194077 3343.37030554499 3318.88535505522 3528.54431742043 3710.96348675112 4013.88216070178 4426.20040215081 3232.2592717788 3758.73981541686 3659.40568945287 3555.01406466979 3870.4812362289 4451.7552718001 5425.57600628726 4635.25889244603 4520.37056003156 4157.29780025439 3758.82295406421 5361.78608301376 4432.90254799268 4304.4308566871 4556.65721774197 5074.32261489157 3792.17945250485 5405.43707760991 4193.22370020966 5141.13314357837 4500.41664737833 4576.57076859956 4948.29516096201 5264.08824014188 5058.96481505851 3744.74631984598 5261.41615917236 5853.36441715361 5436.5660117394 6015.91638904664 6046.17647774195 5673.73333881669 5417.67939250746 3444.74237062803 4755.19452809241 3827.12359350988 3584.07937970129 4889.52962972922 5840.91174389752 4884.73387197297 5363.8838540744 4490.68480301167 4621.55276936226 5103.55268416032 5293.21499657817 4931.84803091093 5999.63540558924 6664.08283261845 6001.87470712277 6214.95172949879 6612.53544413941 6236.28495179622 6864.30987062793 6171.15264760158 7034.42428347907 7241.67625622687 6514.26319701622 6297.27123443163 6793.88511825156 8904.984559223 7654.73709542006 8255.22561775267 9200.30570144275 8427.96683666945 7310.18125630275 9476.35214626388 8311.47550077602 9095.12231913348 9291.25933337349 7367.66584475708 8342.43669439571 8078.17275130954 7759.26865110366 8885.73294669607 7608.13709129903 7595.22876548166 7817.00869898454 9304.90462068258 8546.05171994647 7912.52962079764 7022.59745393398 7551.98649363199 7936.82083708584 8729.7623106245 8027.21931929108 6545.84792062877 7141.86600266345 7126.18411213182 7763.45606028655 8041.33850798485 8533.75649992429 8353.180531989 6879.72564859966 7562.28305473949 7431.39455284134 7336.80788899369
695.071938722892 0 3593.22278741522 4676.73764498288 3849.1882261069 4636.13524392893 4967.4565926639 5020.76936335458 5762.81181368956 3235.93108702889 3886.75635974266 2125.5881539 1721.55453006868 1538.87133965124 3009.25655270534 2629.28222144372 2867.2722228627 5534.71995678191 2070.17511336602 3686.88554202595 4100.45729157127 3529.60691862423 3353.82244610534 3469.60012105142 1753.92417167904 3037.68003581681 3529.16420700426 2768.12210713328 2457.76829664637 4248.5291572496 5601.67385698239 4481.8383504986 4649.32790841859 3829.3276172195 5395.65797655856 4718.91142108008 5418.48687365763 4899.29841916167 3764.72110520819 3833.48731574789 5280.80249583337 5493.80332738623 2540.79219929533 5040.33729030112 4928.04474411505 5824.94635168428 4878.39625286835 6060.32177363546 3247.78770857949 4130.52660081012 3135.08373093926 4109.59243721321 3930.25126423235 6217.86739967973 5860.1941094131 5246.78472971781 4560.77022003959 4877.69156466458 3702.11088434693 5523.0200072062 4966.38701673561 4985.98034492716 3650.42805709139 4355.81507871948 5144.47519189275 4814.36652115312 5098.83565140121 4506.17631701202 3678.99442782943 4304.86643230658 2630.23287942342 4195.0119189342 4784.34948556227 956.882960450232 2136.29351915883 2231.87141206656 4588.36844640881 4980.1480901676 1324.05626768654 2938.00527569302 3181.39120511766 3543.56811702555 4585.37075927345 2571.23511177022 4172.07981706966 3977.27922077392 1310.05725065739 1499.58327544688 2234.11056127489 2559.78514723404 1811.249568668 2191.74587943037 2587.22824659905 2418.93571638438 2071.38238864774 3328.75727562104 3854.62384675859 2072.43817760627 2715.00460404766 2156.67568261897 3899.19863561732 3962.63801021491 4123.78770064609 1761.2140698961 2786.23850378965 2798.43706379114 3757.40934687718 4368.8528242549 2123.82320356474 1763.16476825055 3038.19436507936 2746.1336456917 2851.42508230534 2940.23808559783 3035.31299868729 3373.8887059297 3797.77895617952 2653.88865629287 3169.77917211909 3137.17627812018 2985.38104770564 3230.90544584641 3999.53122253096 4910.57532270914 4070.93355386698 4006.63512189468 3824.26463519459 3433.92996434115 4740.3190820872 4058.17077018698 3967.83946247829 3930.33077488397 4481.8383504986 3326.03367391252 4831.98975578384 3810.67579308448 4692.7470632882 4041.11680108358 4010.68884357787 4324.63871323374 4767.46788138106 4545.73976377883 3093.13756564431 4571.99354767699 5191.7001069014 4746.64355097368 5409.30910560674 5476.48381719512 5059.95306302341 4755.85165874631 2765.97631949372 4078.75593778299 3208.77702559714 2904.30714629152 4216.41138884716 5168.35321935334 4205.20510795847 4701.13018326445 3859.16117828732 4056.24518489699 4463.95284473302 4661.41073066942 4281.79284879593 5313.66163770333 5971.02378156376 5354.96265159711 5550.90082779363 5922.94268079643 5596.70662086195 6182.38424881534 5496.47614385799 6383.27893797537 6591.37694264256 5843.47927180374 5630.6083152711 6125.05102019567 8227.27931943483 7008.25406217554 7566.74467654354 8519.3162871207 7744.35278122065 6631.88321670399 8797.8335401393 7633.15138065531 8413.49362631244 8601.92565650274 6680.61561534564 7654.85956762108 7397.88821218596 7066.51434584265 8213.59391496804 6914.70353666735 6912.89555830261 7137.3139205166 8633.40170500597 7877.69795054367 7248.1032001483 6350.88576499373 6922.29188925171 7268.85479288175 8036.51821375401 7426.85162097641 5886.74358198147 6520.0172545784 6513.49560527986 7081.09278289728 7453.77421176681 7892.59938169929 7689.11568387419 6288.58092100277 6921.61469600844 6763.3201905573 6679.49286997149
3458.05219740825 3593.22278741522 0 2782.64712099828 701.78344238091 5032.64344057872 4915.34586778998 4508.53357534354 5863.55267734502 2441.05509974683 1113.83347049727 2244.29833132763 2569.77625485177 2867.16323218613 1259.71226873441 2471.2092181764 1806.23918681884 4957.38086089822 2735.07312516503 5263.257071434 6641.06542657125 6265.03192330255 6138.55642639212 3429.01224844707 3612.47837363769 1666.95830781697 1720.10174117696 4451.26386546563 2878.69327994491 2899.3533761858 5577.07360539558 2719.94944805965 5699.01307245386 6136.97808371514 6445.20170359315 6429.47315104434 6873.95446595335 7054.29833505785 2233.13120975907 1803.29559418305 3926.59203381253 4944.25171284796 2306.10602531627 3070.62697180885 3770.36138851437 4794.39777240062 2875.10869359751 5382.26253540275 2538.33114466966 5254.04605994276 4433.39598953218 4639.50428386482 5032.95390402098 5974.37235197138 6470.55832212337 6180.1092223358 6366.46487463804 6128.26443620051 5643.41430341597 5848.18347865386 4127.19638495674 4091.60726365569 1325.47161418116 2136.73231828416 3960.82377795327 4044.98145854836 4830.82549881488 3235.06182321142 2210.48637181956 3447.19088534418 1883.31489666492 2660.00469924397 3698.1414250945 2986.11369508932 2487.46859276655 2810.0266902647 4044.36336151934 3068.89638143747 3269.07861636884 2859.742121241 2628.45011366014 3209.45867709806 3301.60945600778 3012.05909636581 3318.69703347564 2885.52421580551 3308.1339150645 3363.77763831083 3379.5339915438 3396.50555718668 3142.74959231562 4019.32830209228 4120.98289246631 4546.97701775586 3721.30689408976 4471.08767527545 4354.66703664011 4407.23836432748 4454.07117141161 4012.01321034714 5132.9815896806 5040.46128841399 5077.46245677898 4455.96510309495 4601.29057982649 4261.74846747201 5070.56456422754 5196.45311727143 3401.74587528228 3870.23901070722 3993.35385359224 4159.62738715861 3046.41182376907 4067.093556829 4905.16309616714 4746.24851856706 4816.31342418659 3629.47999030164 4069.24440160578 3565.89750273336 3808.70712972263 4478.00178651148 4007.33702101533 5127.49939054116 4715.00265111272 4065.17219807476 3177.85304883659 3526.77260395393 5625 3846.26442148743 3503.0343989176 5068.40704758408 5137.91056753618 3894.38698642033 5419.23656985004 3906.2449999968 4462.97266404355 4278.06907377616 4293.96378652638 5245.11677658372 4592.24890440403 4720.96388463204 4892.21320058724 6276.99171578233 6970.38377709578 6875.09090848986 7678.09383896811 8070.81935121831 7036.37868509079 6004.42545128175 5301.12016464445 5708.21776038721 5235.81416782529 4975.3140604388 6453.14845637383 6577.09092228471 5704.60340426922 5947.74116787205 6147.00130144772 6641.5830191303 5342.10866606062 5400.69439979712 5370.87050672421 6811.11224397308 7644.81033119854 6376.56843451084 7036.95601805212 7707.30173277263 6344.33802693394 7413.71195825681 6668.48933417457 7182.79193628773 7230.75030684921 7186.27163416469 6732.38442158497 7223.13989896361 9194.12176338773 7993.31752153009 8841.20325521362 9538.99889925562 8931.33528650672 8022.50740105611 9736.17609742141 8676.76495014127 9715.0977864353 9890.30459591614 8273.79145253251 9176.77094625337 8565.84788564448 8589.92869586238 9043.54051243206 8569.82351043474 8168.11636792719 8572.41214594819 9772.25025262861 8886.54179082054 8154.98313916099 7796.39339694964 7496.70761067817 8106.941470123 9622.2073870812 8795.34678111102 8015.4538237083 8598.87347272886 7148.47011604581 8860.90429922364 7772.14577835491 9205.19554382198 9725.032133623 7933.78850234867 8107.48111314482 8649.63872077904 8256.62612693587
4909.81160534699 4676.73764498288 2782.64712099828 0 2334.65736244101 3365.72800445907 2970.47975923082 2289.9235795109 3533.67726313539 5090.00245579509 1781.15131305569 4329.40527093503 4151.88210333579 4677.20536217943 3865.39131266163 4890.16870874615 4301.8164767921 2388.77583711825 4957.69603747547 4462.48249296286 6015.24105917627 5855.23270246367 5696.81928798869 2734.7303340549 4106.47354794841 2756.24291382309 2084.91606545683 4229.2877650971 3343.46377279611 1287.1965661856 3265.44407393543 668.954408012983 4318.34748486038 5512.99600943081 4740.38500546105 5217.1591886773 5315.2492886035 5933.48548494053 4989.36368688433 4087.32797803161 2579.72866790289 2930.01706479672 4310.88737964703 5697.53236059261 2709.93542358485 2827.87464361488 1272.05542332086 2891.69068193678 4447.33066007015 3827.94004655245 3460.5815985178 2871.51963252909 3531.64267728206 3409.17878674616 4281.93881320133 4239.76709265969 5043.93199795556 4417.29555271096 4643.67849877659 3594.52708989653 1880.65812948553 2209.49654899029 1511.20812597074 1259.464171781 1765.29034439097 1644.30836524053 2907.96320471907 2301.35829457301 3259.8888017845 1722.64331769522 2082.96663439432 2036.84805520687 1951.12147238454 3953.9537174833 3881.12419280806 3555.36566333197 2510.72698635276 3595.48327766936 3930.80780501922 3120.09615236454 1837.96762757128 2045.11613362176 3038.70860728698 4087.2515214995 3987.24528967055 2851.86342590244 4067.32405888687 3644.2591839769 3471.40101399997 3320.67387739296 3284.62326606873 3664.78171246256 3979.08595031573 4407.73467894791 3383.23070451898 3247.88392649737 2689.56316155617 4223.37246759033 3701.43553233067 3887.56028892158 3690.95177427178 3556.94742721902 3455.97309017301 4531.55602414888 4043.6678894291 3468.51913646155 3749.49996666222 3510.69793630839 3836.82811707796 4223.52045099819 4001.09360050474 4080.51773675841 2308.40854269776 3802.2197464113 4459.96076215924 4198.66050068352 3480.84041576169 3166.820171718 3527.304211434 2462.72207120495 2851.64426252645 3742.74297808439 3805.34164037869 4559.94791636922 4142.68934389244 3302.08267613032 3372.22107816199 4188.9736213063 4688.68318400806 4037.40324961478 3793.49772637338 4387.69586457403 4278.72644603508 4038.17718779154 4673.46231395953 4238.58761853521 4062.01920231798 4199.2558864637 3020.55458484034 4334.38288571741 3772.01869030364 4139.21792129866 4007.10306830259 5237.24641390874 5500.73858677178 5810.2280506018 6453.97164542888 7091.72052466819 5677.25726033267 4952.14599946326 4865.56779831501 4508.67219921786 4365.27490543265 4317.04470674094 5459.281088202 5009.24145954255 4559.94791636922 4426.20040215081 5216.91958918287 5889.71561282886 3860.37562939152 3828.59308362746 4286.97154177632 5571.523579776 6216.20865158177 4556.45147016842 5374.1859848725 6261.83878744894 4969.02908021275 5822.80001373909 5153.21501589057 5185.13500306405 5432.13816098228 5457.16272434678 5385.68704995008 5407.9224291774 7229.88589121571 5893.11038416896 7135.38716538914 7752.62052470002 7056.33580550132 6238.99030292563 7736.92445355388 6992.27252043282 7756.93238335877 8025.19470168793 6624.66980309208 7407.59745126583 6680.80272123044 6982.92560464452 7094.8044370511 7015.42942377728 6677.48081240223 6754.30418325974 7682.52888051845 6815.88218794897 6127.14248243013 6028.31858813052 5271.02931124463 6219.37496859612 7932.92190809918 6797.33403622332 6654.9323813244 7106.77493663617 4918.96838778214 7227.89734293453 5317.01278915144 7148.16409996301 8142.59633040961 6213.94600877735 6076.23444248163 7052.79200033575 6466.54853843996
3827.61348623395 3849.1882261069 701.78344238091 2334.65736244101 0 4948.2320074952 4772.38148097991 4283.9088459023 5579.09042765933 3039.94243366548 1009.02180353053 2543.98801097804 3060.84138759263 3366.47070386778 1746.96164811939 2896.01018644617 2205.67450001128 4589.18565760855 3183.64963524569 5353.21165283048 6727.27656633797 6371.86197276746 6198.53813410872 3528.89855337328 3905.4449170357 2058.82247899133 1889.11354873126 4645.29331689615 3191.68842464298 2744.31230001252 5312.13234021894 2427.06097986845 5684.29854951339 6240.5929205485 6345.32308082102 6424.61088315861 6789.42191942731 7029.44699105129 2750.79533953364 1857.92222657462 3263.52953104457 4366.70642475539 2464.87829314147 3365.82085084753 3132.59078080748 4158.27488268873 2225.7021364055 4838.25898438684 2541.77595393457 5166.47849119688 4396.30526692585 4405.39442048042 4841.81009540853 5565.12578474198 6124.59182313401 5888.01749318054 6265.92969957372 5915.92131455448 5609.42287584026 5487.14406590532 3589.39409928751 3500.89274328706 988.36987003854 1499.37486973738 3370.55262531235 3575.17482090037 4297.31020523304 2608.75928364424 1812.80169902833 2913.0096120679 1779.5715776557 2035.46677693349 3096.97432989038 3110.76759016163 2492.99017246358 2665.28610096552 3488.10478627005 2512.09573862144 3282.81510292615 2525.98990496795 2265.22625801486 2782.64712099828 2697.80002965379 2880.97205817759 2897.62834055715 2341.7408054693 3332.22898372846 3344.02452144119 3196.67796313611 3145.83057395022 3062.16834938904 3918.22663969301 3910.88225340523 4410.49883800007 3678.73959393703 4312.55434748363 4079.29221802018 4347.84429344014 4366.77798840289 3881.526761469 4920.87390612684 4767.20568047992 4812.28895641149 4452.87828263922 4416.65880502445 4083.50339781908 4830.95487455638 4863.70486357879 3258.3546461366 3805.75222525061 3702.95490115664 3926.19408588012 2776.35102247536 3785.66374629338 4692.08109478086 4449.92977472679 4506.86975627208 3382.39929635754 3744.16212255826 3282.24389709235 3557.56236768943 4187.48134324202 3555.45355756477 4636.40485721426 4298.40086543822 3589.65527592832 2711.77985832184 3223.44923955691 5195.73142108019 3414.12507093692 3062.47448968967 4709.43202520219 4694.74440198825 3563.88131115502 4958.64144700945 3532.8812603879 3946.59663507686 3858.35133185147 3854.29954725888 4839.03399450758 4053.54782875446 4236.15391599503 4739.59386445716 5971.4424555546 6735.07609459611 6652.58408439908 7569.22221896015 8029.04882286812 6893.88315827879 5621.22095278241 5233.72477304644 5449.19718857741 5153.03308741561 4836.70859159408 6292.90274833483 6256.64646595922 5397.68468882724 5617.43936326864 6057.27867940711 6639.32413728988 4957.38086089822 4990.49095781167 4992.36917705412 6450.678258912 7311.33537734387 6017.73420815509 6741.19796475374 7406.07858451421 5870.74313864948 7005.39970308618 6269.86841967198 6751.66646095614 6734.51928499726 6845.43643604993 6304.56184044538 6827.42630864662 8727.65002735559 7612.53078811508 8412.60215391171 9055.66121274421 8505.21898601088 7665.05870819004 9258.00329444746 8205.866803696 9315.07514730826 9462.85501315539 7933.35521705665 8809.68926807297 8147.92918476836 8211.38691086956 8551.64457867608 8217.16952484248 7734.05618029763 8214.24068310638 9361.99097414647 8460.68111915347 7716.78365642059 7466.50855487356 7054.65272001393 7631.18601529277 9244.0183361999 8545.94201946163 7815.04958397578 8429.15327894801 6755.2294557624 8554.12911990461 7348.04395740798 8884.7129948018 9473.18584215469 7750.64513443881 7776.1655074979 8388.16130030891 7968.49264290305
5005.30968072906 4636.13524392893 5032.64344057872 3365.72800445907 4948.2320074952 0 648.556088553642 1349.76849866931 1741.76634483504 6487.39161759177 4165.4081432676 5689.62872250905 4504.5810016027 5087.79176067575 5681.7140899556 6296.17939706295 6013.73428079426 2160.00578702928 5987.53914392215 1779.5715776557 3389.1370583085 3536.3293115885 3606.50454041028 1874.33321477266 3293.55431107489 3802.13755669097 3497.32040282271 2402.34260670704 3067.06292729706 2465.51211718783 1480.28713430875 2964.47718830825 1037.42469606232 2866.1821295933 1551.00773692461 2127.93914386667 2207.65712917563 3098.89093063954 6806.01755801438 6430.15357514889 5082.62973272695 4283.76294862356 5940.80171357368 7991.94907391182 5098.1001363253 4776.89752873138 4365.63282927 3794.23905414511 6411.95173094745 1123.61025271221 1665.08258053467 1562.84996080878 1857.58579882599 2777.25133900409 2830.74636800968 2552.69465467376 2471.2092181764 2250.69433731016 2263.43212842798 2489.72890090467 3485.14705572089 4123.56035483901 3979.55713616478 4326.73375654199 3897.1945037424 2899.46115683587 3961.92819218118 4778.14032862159 5656.74376297884 3658.2953680642 3498.83909318505 4663.2204537208 4150.75294374406 4453.8606848441 5301.88645672463 4844.45559376903 4187.10819062512 6427.91762548339 4423.44605483101 4760.5803217675 3428.73883519874 3487.2087692021 5554.78397419738 5573.59847854149 6257.09597177477 5191.21854673833 4603.93853130122 3866.84626019706 4225.36980630098 4245.43872880059 3743.91172438667 3332.04141630923 4410.78224354819 4320.01157405857 2914.29665614192 2011.37390855107 2084.01655463674 3700.84449821929 2581.90820905779 3959.6401351638 2251.66604983954 2650.2358385623 2305.56392234091 4025 3733.88202813104 3002.49895920049 2735.07312516503 2842.20425022552 4704.98405948416 4529.48672588849 5013.66881634597 4683.4816109386 3174.21250076298 4511.5130499645 4358.97063536794 4536.72514045098 3123.59968625943 3703.12368143436 4245.73315223649 2868.90658614044 2967.11138988748 3950.31644302074 5474.60044204141 6009.05566624241 5192.18162240113 4727.64476245836 5470.94598766977 5919.30105671269 5303.83116247114 5932.22133774525 5828.27161343738 4902.67783971168 5162.18219360766 5385.51297463853 5717.35297143704 5960.80950878318 5890.93583397409 5758.63482085815 3877.25740698241 4899.87244731942 5425.05760338082 5597.32078766261 2965.0042158486 4722.35375633804 3738.14793714749 4537.27616527802 4001.64028868163 4545.12101049026 3315.2111546627 5045.60452275047 3761.89779233833 3578.58212145537 2705.78084847979 3456.33476387922 3893.98574727746 3906.16499907518 4063.86515524322 3619.4785536041 3282.62471202542 3575.69923231807 3737.39548348847 3811.82371050918 4468.64073292987 5129.69297326848 5204.62534674687 3559.58213839771 3855.67763175295 4964.37307220156 5352.62785928557 5263.8507767603 4735.10823529938 4477.16428110473 5448.50897035143 4220.78191808106 5362.13576851612 4545.46477271577 6546.89812048423 4509.78103681321 6427.82039263699 7346.76799688135 6144.20458643753 4956.37216116788 7066.69123423402 6677.48081240223 6472.8760995403 7041.88362584898 5324.06095006434 6096.15657607316 5732.47328820641 6004.32136048696 6663.00420230995 5893.37551832564 6328.35879197759 5375.75576082098 6360.96494252248 5728.49238456332 5279.79639758959 4561.38685050939 4436.2850449447 5827.94989683336 6761.79524978389 4366.13387334837 4654.03051128804 4660.00268240266 3712.22642089623 5620.99857676552 4192.10567614892 5179.82866512011 6125.6632293981 3601.7356926904 4312.62680972977 5154.00329840795 4577.8679535347
5320.12687818627 4967.4565926639 4915.34586778998 2970.47975923082 4772.38148097991 648.556088553642 0 770.551750371122 1488.49756466042 6577.3759965506 3960.58707769442 5803.3395558075 4723.41243170655 5331.15841070212 5688.47519112108 6409.07559637113 6059.54825048864 1662.82891483159 6161.98020120156 2407.02098038218 4022.67013313297 4154.81648210845 4189.42120107301 1993.11314279947 3673.63920384134 3798.76624708602 3380.1812081603 2910.8632740134 3281.1964281341 2154.21099245176 1133.85404704486 2592.53736713668 1657.36990439672 3507.58107532812 1971.35740037163 2734.27321239118 2688.05226883705 3673.55413734438 6826.877031264 6364.45205811152 4790.22442063 4016.68395570276 6013.83820866508 7939.81265522052 4859.91255065356 4444.1675260953 4015.20547419432 3417.69293530007 6430.49376020224 1651.70366591589 2104.90498597918 1641.83586268543 2139.80139265307 2415.31571435289 2802.00820841053 2672.19479080399 2971.74191342384 2543.37374367198 2822.45460548084 2362.59920426635 3163.95717417287 3841.95588209964 3787.6443866868 4038.71885627113 3543.12714984941 2555.63103753261 3755.82880334022 4552.74642386329 5559.95728400857 3423.63111330646 3480.84041576169 4447.89275949859 3869.8352678118 4681.47946700613 5394.03605846309 4932.22819828929 3992.64949626185 6225.85335516345 4643.94767412382 4760.38338792161 3343.93106986373 3385.81600208871 5368.77546559735 5652.04608969177 6175.50605213856 5055.3807967353 4825.25906040287 4102.81915272901 4361.98062810921 4339.71485238374 3923.8055507377 3609.44940399502 4587.82355807195 4589.45802900517 3205.07410210747 2291.01505887674 2123.97033877594 4038.02241202299 2944.16796395858 4197.09721116869 2517.06674524137 2816.58037343158 2462.4682739073 4387.3397406629 3988.57744064221 3242.39494818259 2964.58260131169 2913.97494841668 4852.19022710363 4771.33367099808 5107.22527406027 4838.71108870947 3195.11345651449 4628.51217995589 4595.10609235521 4683.88193702617 3244.03298380272 3820.50389346746 4329.04435181715 2907.96320471907 3078.65636276607 4091.83638480328 5436.62349257331 5963.48262343406 5216.85968758984 4671.45587584856 5391.02263026228 5937.27631157587 5345.09120595711 5888.28285665694 5766.44387816269 5001.56225593564 5173.61092468307 5433.74870600399 5716.20503481112 5958.76455316033 5802.90875337533 5750.54345257907 3833.56883334576 4955.36325610949 5319.01071628926 5551.63264274574 3295.54623696892 4931.91139417569 4051.31151604021 4868.39295866716 4483.85994428907 5089.57267361416 3756.99347883384 5151.9413816541 4176.87083831904 3825.98026654608 3154.06483763413 3794.15669154557 4293.16316950567 4087.02214332147 4250.66171319243 3766.62979332984 3763.64185331176 4147.5896614781 3790.61340682481 3827.61348623395 4557.06868502111 5284.70670898584 5406.36199305966 3644.34493427831 4071.62436872558 5207.26655741762 5347.42928892005 5353.62027043383 4823.57491908232 4466.89209630141 5396.12129218756 4373.856993547 5426.38231236982 4617.15550961845 6548.75942450171 4553.15824455948 6507.9758758004 7357.18186536122 6206.90140086017 5100.36763380837 7056.1143698214 6702.09855194625 6563.82129555642 7118.37411211296 5511.01170385257 6249.29996079561 5797.03588051687 6153.14960000161 6632.11881678849 6078.34270175679 6407.51511898333 5523.30290677598 6412.19541186948 5751.63020369008 5282.3408636702 4736.62590880893 4356.46071943728 5809.74397026237 6916.55622401785 4575.20491344377 5028.4813810931 5058.40884073243 3663.50242254594 5857.58055855829 4029.50058940311 5319.89191619529 6433.55461622889 3948.17996043747 4431.35137401673 5444.32043509564 4805.59569668527
5365.74785095237 5020.76936335458 4508.53357534354 2289.9235795109 4283.9088459023 1349.76849866931 770.551750371122 0 1578.96326746381 6383.42580437808 3495.53286352739 5587.4860178796 4713.34541488315 5322.00620067282 5386.55734212493 6201.20955943274 5782.03035273943 1121.94028361584 6030.65087697837 2998.33287011299 4608.2127772055 4673.46231395953 4639.50428386482 2097.31971811643 3877.09620721488 3602.51648157229 3074.18688436471 3320.86208686841 3351.49220497378 1684.67355888314 1206.49285120137 1986.51705253189 2379.73212778245 4101.44791506609 2638.89181286388 3402.02145789823 3329.88363160036 4268.63561340155 6543.31720154235 5947.68862668516 4157.97426639463 3488.01519492103 5736.83274987166 7554.84116312183 4270.09953045594 3825.98026654608 3333.63540297976 2874.56518451052 6080.19325350765 2161.45205822382 2404.55297300767 1661.88898546203 2332.11277600377 2138.04817532253 2853.7256350252 2823.67225435248 3463.37985210979 2865.09162157164 3291.0864467528 2280.48788639624 2560.39547726518 3250.86526943212 3300.37876614185 3418.15008447552 2887.68938772853 1945.50764583437 3290.51667675458 3970.6737463559 5090.49359099881 2862.90935937553 3166.22803979751 3873.79013370626 3261.61386433158 4599.184710359 5133.89472038529 4666.70386889933 3477.78665245584 5645.46277996764 4543.95202439462 4398.1530214398 2932.25595744983 2957.82859543957 4810.27545988793 5363.00988251933 5706.8489554219 4547.32063967343 4722.08905040979 4035.70006318606 4165.70822309964 4095.80578152822 3793.74485172633 3614.12160835797 4442.05751876312 4560.35908673867 3241.72022235109 2403.90307624912 1995.93336562121 4105.56025409444 3095.25847062891 4131.66128815032 2660.23965085855 2819.68526612457 2499.74998749875 4475.06983185738 3970.20150622106 3230.61526647789 3020.14072519808 2830.85676077049 4655.64173879391 4692.08109478086 4850 4661.20960695826 2908.39302708558 4413.40288213075 4541.88837379344 4523.27315115946 3142.053468673 3624.05160007415 4088.16890551259 2665.75505251327 2915.58313206809 3939.78108528888 5031.96035357991 5568.94289789364 4904.65340263713 4272.14817158769 4934.12859581102 5575.05605352987 5089.08144953488 5464.71636958406 5323.59136298045 4790.9419741842 4868.90644806408 5117.18916984706 5388.52948400582 5577.6899340139 5349.64952123034 5374.24413289906 3490.16475255825 4711.75391972034 4867.30161383081 5156.24621211982 3415.13176905372 4918.96838778214 4302.68811326129 5040.08928492343 4956.4352109152 5614.82412903557 4186.73500475012 4997.87454824548 4364.91695224548 3887.56028892158 3435.93146031757 3896.87374699258 4544.63969969017 4152.86045997214 4216.85605635288 3758.49038844055 4118.10029018236 4628.30962663476 3625.08620587152 3627.24068680312 4376.999543066 5235.7544824027 5477.3396827292 3644.34493427831 4235.34237104865 5347.60460393249 5095.95427765988 5295.16288701301 4735.04223845997 4385.98620608866 5179.10465235064 4458.90962007529 5269.4283371159 4599.52443193859 6489.02920320135 4635.8656149634 6481.70502260015 7254.43829665674 6210.92786948939 5199.15858577136 6993.12162056402 6584.6886790493 6655.73061353898 7147.28969610159 5632.60596882118 6366.02309138131 5805.65457119178 6202.01580133427 6513.73548741427 6168.26555848563 6316.94150677367 5646.95714522432 6498.84605141559 5774.40473122555 5244.103831924 4881.91816809745 4276.24250949359 5681.7140899556 7009.63622451265 4965.25427344864 5363.00988251933 5504.20293957263 3665.54907210366 6062.89947137506 3988.81247992432 5575.28026201374 6755.78455843583 4416.65880502445 4624.4594278683 5728.92878294014 5063.10181608073
6234.83159355567 5762.81181368956 5863.55267734502 3533.67726313539 5579.09042765933 1741.76634483504 1488.49756466042 1578.96326746381 0 7646.97652670649 4913.43820557459 6630.4694403941 5847.96973316381 6394.38230011312 6635.55762539969 7319.70798597868 6957.81934229396 1274.01923062409 7099.69189472332 3258.54645509313 4370.21166535444 4575.81959871672 4486.99509694406 3338.88080050786 4748.28916558375 5002.74924416565 4540.3744338986 3967.68194289815 4526.10483749548 3203.12347560939 392.109678533953 3416.41259217911 2328.35779037501 4032.83399112832 1921.75050409776 2984.64822047758 2515.94912508183 3633.61046343716 7830.58905830206 7108.48964267375 4652.08286684577 3436.11335668659 6740.59530012001 8830.91161772102 4772.38148097991 3977.43636027027 4272.44075441661 2620.59153627573 7054.65272001393 2042.36382655001 2762.01918892683 1699.63231317835 2083.71663140649 1177.65657133139 1528.68407462104 1724.45643609805 2795.64393297859 1945.98946554189 3060.33086446547 1203.64031172107 2919.76026413129 3593.04884464434 4607.67023559629 4524.72374847349 3372.77704569988 2437.85253860852 3208.29004299798 4625.54050895676 6027.02248212167 3454.97829226176 4285.22169788215 4706.17944834236 3776.24151769984 5379.64915212879 6006.97511231735 5398.72670173255 3773.34400764097 6504.37352863441 5195.00962463016 5085.94878070946 3790.28363054798 3573.776014246 5475 6097.64298725335 6418.04097836715 5277.66520347777 5373.19737214259 4639.90840426834 4696.40820201992 4602.44500238732 4441.35396022429 3950.15822467911 4725.85971014799 4735.10823529938 3753.74812687266 2539.80806361426 2139.65534607796 4344.53679924569 3279.67223972152 4465.00279955119 2333.18451906402 2504.49595727364 2134.39101384915 4763.07411237743 4039.56990284857 3411.92760767282 2736.4438601952 2387.8599205146 5213.98360181541 5138.45793988819 5205.34580983819 4946.84242724589 3602.86344453963 4696.27511970924 4543.47058975845 4557.20583252501 2969.53279153472 4037.71284268706 4334.45498303997 3157.03579327191 3274.52286600659 4012.32476252858 5417.67939250746 5660.27826171117 5006.2460986252 4551.16743264846 5584.35314069589 6178.74380436671 4867.30161383081 5966.88779850937 5916.81924685891 4731.54308867625 4803.31916491086 5538.27590500871 5320.53803670268 6067.6395740024 5651.27198071372 5712.75984091752 3603.55727025394 4566.45376632678 5053.09311214428 5316.3662402058 3338.78720495931 4390.11674104459 3334.47896979423 4333.08492877765 4053.4707350615 4834.96380544881 3291.37129476454 4592.18085445249 4296.00104748591 3401.65400944893 3292.60535138969 3838.61954353385 3951.97735317398 3264.48694284416 3779.3848705841 3080.6858002724 3661.02786113408 4208.69635397946 3229.84132737198 3204.48903883287 4112.02504856184 4545.87725307228 4508.11767814462 2686.19154194186 3157.92653492763 4325.65024013731 4586.18850462996 4358.54046671589 3963.11115160804 3270.51219230261 4324.49419007587 3360.98943765076 4624.2566970271 3524.37937798983 5240.52716813872 3233.51588831724 5342.34265093507 6117.08672490427 4955.30019272294 3973.27006381394 5714.61940989949 5552.9271560142 5261.35676418165 5838.93183724558 4450.91282772422 5067.72878121945 4558.91982820492 5068.59201356748 5341.64066556334 5036.67797263236 5387.77551499689 4348.13178273152 5048.82412052549 4406.60016339127 3989.36085106374 3654.96238010735 2998.02018005216 4600.67929766899 5748.09751135104 3488.28396206502 4307.40641221606 4324.42192668569 2303.39423460249 4808.00114392665 2546.32087530225 4063.63445698552 5450.91735398731 3164.84596781581 3183.35514826731 4482.46583924518 3735.05354713959
2706.12730668755 3235.93108702889 2441.05509974683 5090.00245579509 3039.94243366548 6487.39161759177 6577.3759965506 6383.42580437808 7646.97652670649 0 3423.17469609718 1724.27521005204 2232.43140992058 1953.36248556176 1353.9294664051 1086.56569060504 1232.37575438662 6979.38929993162 1325.47161418116 6050.05165267207 7037.22246344394 6536.57976314831 6463.79339088124 4717.71925828572 3823.44739731044 2901.50822849083 3488.01519492103 4987.10838061496 3559.23095626007 4889.91308716218 7375.55082688744 4919.66716353861 6847.627326308 6610.50300657976 7724.02906519648 7329.94713487076 7988.82031341299 7801.08165577056 831.038506929733 2282.67934673269 5938.48676010985 6898.41467295204 2091.79946457589 2288.28538429978 5654.03616896815 6863.03504289465 5164.05848146591 7476.21227628001 2581.30296555829 6476.97846221523 5509.42374482123 6191.82929351254 6352.6077322624 7947.99503019472 8125.61536131264 7671.13094660755 7354.9728075636 7442.4878233021 6490.42564089598 7597.03889683342 6196.06730111932 6110.33959776378 3590.00348189246 4434.03033368063 6112.33384232242 6105.78619016421 6687.90886600588 5157.21581863703 3503.391214238 5432.13816098228 3481.46879922828 4634.18007850364 5745.1066134581 3149.30547899057 2802.90028363479 3527.39280489145 5889.45031390876 4574.72676779718 3623.27545185292 4038.02241202299 4372.64222181509 4942.73456701855 4976.25612282969 3436.74991816396 4355.45634807651 4479.67632759332 3565.63458587668 3963.11115160804 4244.1135705822 4417.72000018109 3978.45761570989 4842.13279454416 4901.4028604064 5130.42395908954 4594.76604409844 5719.97596148795 5916.76643108379 4980.5873147652 5392.70340367426 4726.65314995717 6410.63569390743 6393.06264633783 6494.08384608637 4798.24186551699 5460.36857730318 5327.17091897754 6306.39556323579 6678.36993584512 4022.82549957117 4272.44075441661 4841.55192061389 4926.33230710231 4528.58973633073 5013.35715863133 5667.17522227785 5695.00877962449 6157.56648360373 4759.52991376249 5201.32194735146 5049.31926104896 5131.8856183668 5567.65210838465 5203.12406156148 6336.50140061533 5855.65965541031 5499.26131403119 4475.90772916511 4250.66171319243 6807.11943482704 4904.58968722155 4631.95423120739 6108.08889915659 6374.8039185531 4771.13718100832 6599.76325332962 4783.56561573059 5766.98578115119 5311.36752635327 5837.43308312823 6431.46561834859 6064.03331125415 5983.4145769786 5851.38872405517 7256.76408600969 8058.30317126379 7712.53038891906 8461.49366246882 8611.07571677314 7990.42395621159 7124.73683724529 5838.07545343498 6797.33403622332 6079.57646551139 5772.02304222705 7240.03625681529 7832.66397849416 6812.76375636202 7250.99131153803 6886.35426041966 7149.60663253581 6754.30418325974 6878.31738145311 6580.84341099224 7910.98919225655 8746.03481584655 7828.99259164294 8286.2084212262 8778.16894346423 7719.25352608657 8715.25243466878 7975.11755399254 8753.21369555205 8780.30466441797 8504.48411133797 7988.35089364507 8646.45881271634 10694.069618251 9529.19854972075 10151.3853734355 10948.4587956479 10333.0174682907 9334.78039377467 11254.9155927532 10047.0766892664 11104.1940274835 11248.6943686812 9471.17336975731 10430.034755455 9979.91733432697 9788.80099910096 10578.840910043 9706.85968787022 9404.15466695439 9876.36066575133 11258.1359469497 10410.8417046846 9699.67782970136 9085.77184393269 9198.13160375519 9624.1233366993 10819.1092516898 10134.1933571449 8919.71131819859 9534.77189029711 8822.59173939268 9979.88602139323 9600.26041313464 10607.573945064 10716.0510450445 9088.79805034747 9550.65442783896 9716.15922059741 9496.47961088739
3882.8147007036 3886.75635974266 1113.83347049727 1781.15131305569 1009.02180353053 4165.4081432676 3960.58707769442 3495.53286352739 4913.43820557459 3423.17469609718 0 3060.84138759263 2902.69271539376 3383.96956251087 2291.5606036062 3434.20296429899 2817.46783477647 3962.79573028941 3566.68613701851 4696.67435532846 6244.04716510053 5956.1942547234 5852.6703307123 2705.78084847979 3487.2087692021 1441.13670413323 1000.93706095838 4053.62492098122 2593.01947543785 1855.22909636519 4607.67023559629 1635.54272337961 4943.49319813429 5703.56248322046 5637.92958451948 5790.83327337267 6143.84854956566 6507.9758758004 3321.70889754054 2789.48920055267 3528.80999771878 4322.90411644765 3143.84318947367 4155.34294613573 3474.01065053059 4200.22320835453 2241.23291962259 4558.71418274934 3388.76821278765 4540.44326029959 3857.21726118714 3875.3225672194 4376.64254880382 5029.41348469183 5661.49273601936 5439.95634173658 5766.82321560146 5428.16727818884 5122.86540912408 5011.54916168643 3373.70345466225 3490.97049543533 615.426681254559 1572.02099222625 3237.47586863593 3194.33091585703 4224.48221679296 2933.21495973275 2656.47793139713 2836.37092073657 1564.84823545288 2395.5688259785 3124.39994238894 3257.10761259127 3039.01711084357 3090.40854904331 3562.82893218296 3359.31540644817 3459.94942159564 2968.58552175948 2174.42521140645 2734.04462289846 3287.66634560139 3490.43335418398 3702.44851415924 2916.86904059815 3552.55189969126 3367.21323946079 3388.30709942296 3358.85024971343 3084.43673950367 3798.43717863018 4091.5308870886 4501.18040073934 3432.74671363909 3888.92658711887 3660.43030257373 4274.56138100741 4046.98962192887 3932.63588449274 4529.41773299836 4463.95284473302 4431.56292971227 4423.51670054494 4380.21118212353 3895.26956705181 4545.18976501532 4579.57421601616 3573.68857065078 3990.69229583039 4071.7011186972 4177.6937417671 2638.89181286388 4013.33714008679 4775.8507095595 4609.09427111228 4324.49419007587 3419.61255115254 3906.64498003082 3066.34962129239 3378.88665095472 4232.68531785674 4053.4707350615 5087.79176067575 4625.13513316098 3873.79013370626 3336.44646293028 3896.79355367974 5418.14082504322 4054.08744355619 3731.70537422235 4919.54012078365 4952.27220576575 4049.30549600793 5302.71157050806 4167.20829812958 4469.06030391177 4387.90952504721 3881.20470988068 5023.6316544906 4432.05652039773 4653.56046484839 4500.76382406364 5975.67987763736 6430.44516343931 6521.79039834921 7171.20980030566 7641.00778693491 6475.24130824481 5734.65343329481 5093.00991556074 5281.63090342368 4810.73019405578 4691.6814683011 6076.90299412456 6045.24606612502 5336.72418249248 5428.51268765212 5735.3073152186 6261.88869271884 4857.46847648032 4893.93757622633 5061.92898014186 6463.89008260506 7208.41522111483 5749.89130332044 6451.11424484174 7242.10777329363 5985.71215478994 6944.24221927778 6214.14716594321 6535.91041860275 6712.34869475655 6604.40194112987 6372.45047058037 6638.7592967361 8603.56030954628 7271.77763686432 8348.27826560663 9044.36979562424 8357.44428638325 7438.24576093046 9139.0645035474 8215.34387594336 9090.24202098052 9329.45603987714 7745.72462717337 8618.29449485221 7978.76086870637 8110.87233286285 8473.11926034326 8099.15119009393 7770.6981668316 7978.13418037075 9089.348161447 8217.7399569468 7508.78651980465 7197.09142640275 6753.05486428179 7548.05438507169 9113.79448967333 8025.35045963726 7522.00937250147 8021.45560356722 6365.23762321565 8324.0615086627 6904.02962044631 8468.83994417181 9181.60525180646 7239.17294999919 7383.46971281118 8094.55835731635 7620.77751938738
1919.96093710263 2125.5881539 2244.29833132763 4329.40527093503 2543.98801097804 5689.62872250905 5803.3395558075 5587.4860178796 6630.4694403941 1724.27521005204 3060.84138759263 0 2000.15624389696 1723.00609401128 1218.60576069539 796.868872525461 843.72685153431 5997.81210109153 879.630604287959 5273.51874937408 6078.70257538564 5551.23860052871 5346.49417843132 4188.52599371187 3194.03741368194 2754.65515083104 3211.01619429115 4319.50517999458 3165.83322365535 4309.07472666697 6420.32904141213 4287.91907572893 6038.88441684389 5728.16506396245 6790.34240668319 6395.99484052325 6985.56547460547 6725.04646824094 1885.47076349648 1801.38835346518 4678.54143938044 5525.96145480585 613.392207319265 2962.36814052541 4323.04869276301 5568.49396156627 4199.77677978247 6244.44753360936 1386.99315066802 5471.91694015909 4472.34558145947 5045.97611964226 5131.15484077415 6825.77834389603 6850.09124026826 6379.50820988577 6187.48737372449 6204.73609430732 5379.2425117297 6362.83152377933 4979.52055925066 4812.28895641149 2915.90466236467 3550.88017257693 4937.99048196734 4972.42395618073 5278.96770211753 3869.26995698155 2272.2510864779 4170.88120185651 2454.58754172672 3430.92553110673 4486.43789659458 1697.79268463496 1107.64389584379 1858.25859341481 4484.97491631782 3534.29625243838 2056.08851949521 2458.4039537879 3114.98394859428 3588.69753531835 3657.0138091071 1749.82141945971 2965.32038741179 3105.33814583855 1973.10035223756 2491.36007032304 2624.52376632409 2799.21864097823 2502.49875124844 3406.15252154098 3243.74397879981 3525.17730050561 3311.15538747429 4493.74565368357 4675.33421265261 3523.5812747828 4110.42880974723 3158.42128285636 5109.48872197601 5009.0543019616 5177.23381739709 3358.0128052168 3911.84099881373 3903.44399216897 4909.81160534699 5275.77008596849 2337.73394551219 2653.41760753938 3138.8692231439 3238.34448445498 3186.49493958487 3344.86546814666 4035.31287510646 4027.40611312045 4689.61618898605 3216.94731072798 3572.55160914437 3700.84449821929 3725.67108049006 3966.34277389133 3589.65527592832 4697.67229593551 4180.38574775104 3917.42900382381 2984.22938126411 2634.62521053754 5126.76798772872 3334.38525068715 3108.95882893293 4423.02215685158 4710.22823226221 3083.11936194498 4923.54039284741 3164.74722529304 4197.46947576751 3665.03751686118 4318.13038246878 4764.51728929595 4495.06674032767 4351.65198516609 4451.19366013208 5625.05555528121 6632.35440850382 6173.53221421902 7187.5760865538 7400.42228524832 6709.97391947241 5453.78309066285 4416.16349335031 5286.59862293327 4800.06510372516 4306.46316598668 5793.85450283315 6325.04940692166 5227.98957535303 5743.80100630236 5574.38337397061 5974.63387999633 5219.31508916639 5348.53952028028 4946.02112813926 6264.43333430886 7149.5629237038 6373.08794855367 6831.40724887632 7223.35621439231 6074.84567705222 7102.02435929362 6372.25431068158 7256.50570178237 7190.14081920514 7005.84577335242 6331.41966702571 7115.52000910685 9108.6497352791 8102.85443532093 8523.05696332014 9303.59473536976 8751.89265244953 7811.60994929982 9664.56155239336 8398.1024642475 9561.31528608904 9647.73289431253 7918.41208829144 8868.27209776516 8416.09321478796 8177.71361689806 8981.30001725808 8107.24984196244 7738.1360804783 8352.43228047974 9753.20460156558 8898.80609969675 8178.05753220164 7598.5607189783 7773.75391943944 8036.2849003753 9215.47611358198 8879.11876257999 7493.45547794874 8215.91443480274 7468.01513121124 8456.28464516185 8311.17470638176 9228.69167325467 9252.06058129755 7861.09884176506 8163.98340272688 8254.73349054953 8072.48412819747
1344.20050587701 1721.55453006868 2569.77625485177 4151.88210333579 3060.84138759263 4504.5810016027 4723.41243170655 4713.34541488315 5847.96973316381 2232.43140992058 2902.69271539376 2000.15624389696 0 683.282518435822 2143.15771701478 2218.81161886267 2267.43246867465 5443.17232870685 1767.94372082371 3843.25708221555 4871.72967230326 4414.53564941999 4410.56969109434 2822.34388407933 1599.60932730464 1713.54894881938 2400.26040253969 2762.01918892683 1522.53899785851 3538.18456273835 5587.4860178796 3811.57775730733 4713.6769087412 4407.80557647453 5621.99919957305 5141.19392748416 5845.83184841986 5646.29303171559 2844.84182337085 3363.87053853147 5431.90804414066 5871.16896367325 2570.38421252544 4305.95517858698 5167.86948364604 6060.42490259553 4600.67929766899 6260.29152675816 3321.42665130513 4413.75690313819 3462.11640474436 4384.20460288979 4454.56226805732 6364.40295707304 6360.08058125052 5838.87831693725 5274.05204752475 5492.5517749039 4383.70562424075 5899.0465331272 5084.41245376494 5199.87980630322 2939.91921657722 3944.85424318821 5179.46667138616 4835.61009594446 5552.53320566388 4644.95694274985 3681.88131259007 4436.56680328382 2293.06018237638 4179.33906257915 4915.66373951677 1898.18992727282 2553.67382412085 2885.95738014268 4965.69481543117 4952.58770745153 2430.14917237605 3442.47367455439 3256.33996996628 3820.74927206693 4798.63261773602 3237.86194887923 4541.33790859038 4201.9340784929 2464.24430607032 2493.7421679075 3135.8810564178 3378.79416360334 2578.39581910924 3183.35514826731 3742.15846805022 3768.45459041236 2779.95053912835 3846.67063835728 4223.37246759033 3326.5973606675 3496.42674740942 3320.76798346407 4560.83873865323 4677.7398388538 4724.07398333261 3180.5070350496 3936.76580456598 3652.56759006593 4558.16574950934 5044.36566874369 3124.59997439672 3080.58436014987 4055.93700641418 3898.87804374541 3175.98409945642 3972.56214551768 4322.97640520973 4526.10483749548 4592.7252258327 3456.42517639251 4091.60726365569 3569.05099431207 3599.47912898519 4245.43872880059 4729.29698792537 5797.84442702631 5042.19694181019 4693.94556849566 4247.20496326702 4132.56881370414 5813.83049288505 4712.35079339389 4497.63826913637 5052.35093792979 5461.05530094688 4227.73580063845 5837.8613378531 4570.69469555778 5386.38329493919 4883.19823476377 4670.85377634539 5370.17225049625 5452.86621878806 5380.17193033829 4058.4787790501 5824.24887861087 6206.85105347309 6031.84258746861 6425.97268901759 6555.96102795006 5971.4424555546 5917.40018927231 4075.30673692177 5137.36313686311 4117.64495798266 4060.32634156418 5424.65436686984 6162.84228258358 5316.3662402058 5638.31756821128 4922.20733005021 5087.54606858749 5322.18235313297 5480.07755419574 5329.2823156594 6525.43102024686 7173.6932607967 6171.86155061826 6507.20754241018 7106.24725153861 6601.37296325545 7274.31268230889 6549.1411650689 7206.68092813883 7506.8302232034 6812.76375636202 6744.72015727858 7067.88511508216 9226.08394715765 7797.55570675837 8702.62173140945 9622.04500093405 8790.12229721521 7652.16472640259 9800.15943747856 8742.21081878034 9441.82847757785 9706.28018346885 7801.40211756835 8769.01505301479 8413.08504652128 8246.85546132585 9198.26749991541 8119.4596495087 8098.26370279457 8174.27366803926 9570.03787871292 8786.17522019678 8139.02635454635 7340.47001219949 7607.35663683516 8233.5441943309 9228.3869121315 8127.76875901376 7030.38050179363 7520.0149600915 7122.98217041149 8225.30394575179 7926.4588562611 8720.77261485472 8846.68016828912 7035.71247280615 7717.10761879086 7864.71550661561 7634.01106889426
956.55632348545 1538.87133965124 2867.16323218613 4677.20536217943 3366.47070386778 5087.79176067575 5331.15841070212 5322.00620067282 6394.38230011312 1953.36248556176 3383.96956251087 1723.00609401128 683.282518435822 0 2133.36588516832 1827.90864104309 2083.41666500007 5999.47914405909 1257.47763399593 4307.40641221606 5125.24389663555 4615.32772400834 4579.98362442487 3471.13093962184 2015.09925313866 2324.46230341557 3006.76320983213 3219.56907054345 2175.71827220346 4161.50513636593 6153.60666601303 4392.4651393039 5239.81154241257 4723.67706347502 6126.98947281616 5562.59831373792 6291.11476608081 5967.51623374415 2640.31248150669 3289.94680808064 5711.28269305591 6215.20313425072 2331.30864537495 4090.91982321825 5406.0151683102 6400.63473414942 4993.55835051519 6700.97940602715 3108.45620847391 4897.25688523688 3916.39183432914 4863.44785106204 4871.72967230326 6879.40767799089 6798.43732044357 6249.9499998 5634.15920967805 5897.7750041859 4736.55993311602 6361.25970229168 5505.50860502461 5551.85779717024 3388.03040128037 4330.12701892219 5587.70972760755 5309.07242369135 5890.35228148538 4903.44266816693 3731.70537422235 4809.75571105228 2719.60475069448 4450.56176229473 5265.27539640616 1859.77149133973 2431.17769815372 2880.64662879708 5264.62249358869 5029.78627776569 2410.65343838553 3533.94255754108 3621.5500824923 4156.77158381357 4947.22144238561 3102.92200997705 4508.94943418087 4346.33466267843 2395.1774464536 2611.63263113325 3226.9374025537 3494.01273609585 2755.67596063108 3388.30709942296 3793.16820085796 3799.75328146447 3081.5986111108 4251.47033389626 4659.66737010272 3441.74737597053 3810.7577986537 3417.1442755611 4934.63524487879 5022.76069507597 5112.2402134485 3217.72435115253 4085.18665424237 3922.45140186593 4877.24307370465 5397.10570583901 3109.0593432741 3044.97536935851 4059.71058081731 3918.6253967431 3520.65334845679 4044.82694314602 4389.61843444279 4608.00933158777 4887.61189130234 3655.47534528685 4227.66188335822 3929.5355959706 3917.03012497989 4407.73467894791 4777.61708386095 5841.82120575425 5111.32321419806 4851.93260464323 4309.07472666697 4042.12196748193 5910.68946908903 4700.3324350518 4503.95659392939 5130.11939432212 5565.85572935555 4207.21107148191 5900.10593125242 4515.59796704711 5445.29613519779 4880.70179379974 4928.99584093961 5485.94795819282 5582.84201818393 5451.20399544908 4316.03116300149 5947.05809623548 6475.4826074973 6174.03838666395 6675.60858648858 6750.64811703291 6271.26382796961 6032.72326565706 4190.31621718457 5363.94211378162 4401.34922495364 4238.58761853521 5602.90103428572 6425.82679505136 5500.73858677178 5909.20891490562 5152.06269371792 5295.87103317292 5585.80790933594 5753.31426223181 5488.68153566956 6663.75457231132 7349.4897782091 6496.34512629986 6797.47195654384 7300.55648563861 6766.73850536579 7476.88103422811 6758.00451316807 7523.3386870458 7747.37858891638 7092.82207587361 6896.96491219145 7345.87469264212 9480.57224011294 8151.99362119476 8897.54179534999 9814.94396316148 9034.96679573312 7917.30699164811 10053.9171470626 8924.15962430077 9709.85324296923 9931.38963086234 8025.73984128566 8999.51387576018 8671.03655856669 8434.08264128352 9444.2442789246 8300.978857942 8245.15008959813 8437.30555331499 9876.17081666776 9092.85433733544 8440.56425838936 7621.14656728238 7979.19168838548 8482.96086281199 9420.25742748042 8521.07680988735 7246.42153065912 7790.61935920373 7528.11397363244 8447.26287030302 8375.59699364768 9074.6900773525 9063.97401805632 7402.57556530158 8076.23829514707 8105.90062855449 7935.44264675891
2731.07121840497 3009.25655270534 1259.71226873441 3865.39131266163 1746.96164811939 5681.7140899556 5688.47519112108 5386.55734212493 6635.55762539969 1353.9294664051 2291.5606036062 1218.60576069539 2143.15771701478 2133.36588516832 0 1226.78441463853 580.409338312195 5856.08657722886 1594.91379077366 5535.79262617378 6654.74454806494 6190.01211630478 6046.90003224793 4018.55073378451 3520.2095108104 2205.81617547791 2600.60089210167 4584.82551467338 3096.36884107821 3877.57978641317 6375.19607541603 3795.22726592229 6181.27211826174 6211.83346525001 6972.89394727899 6740.27076607461 7290.7904235412 7237.48920551872 1218.60576069539 1309.58008537088 4600.1358675587 5616.82739631547 1383.38353322569 2363.92153000052 4334.31078719558 5536.75220684473 3825.98026654608 6211.33037279454 1790.600457947 5704.11036008246 4764.64846552188 5212.66486549826 5454.92896379045 6807.62440209505 7082.10773710765 6692.20628791432 6645.67528547701 6562.4880952273 5847.54221874456 6517.71624113846 4924.23851981197 4806.8310767074 2355.31314266278 3103.42552673654 4803.25410529154 4881.08594474631 5442.65560181792 3830.30677622563 2263.98431973369 4153.76335387562 2373.81549409384 3296.02032760722 4430.08182768671 2543.1279952059 1927.91986347981 2552.08248299306 4616.81708539552 3352.42449579405 2915.90466236467 2894.17518474608 3172.24289738349 3733.12871463066 3686.63125359725 2545.95267041632 3240.85251130007 3200.48824400278 2890.60979725732 3200.29295534018 3298.20026681219 3400.45952776974 3099.59674796577 4036.93881548879 4010.84467413038 4370.56918490029 3814.28237025001 4835.41621786584 4887.86763323231 4286.97154177632 4616.61401895372 3908.7242164164 5502.44263941025 5415.54475560862 5517.35896965206 4209.36456012068 4612.21205063254 4434.17128672315 5375.75576082098 5637.92958451948 3144.83703870328 3555.71722722716 3866.84626019706 4021.42698553635 3432.3825544365 4034.92564987262 4827.39577826389 4743.94350725217 5141.25471067132 3753.83137607432 4163.00672591337 3979.1644851652 4116.81005148404 4585.50706029333 4069.4747818361 5220.21311825485 4782.0628394031 4318.13038246878 3277.67066679982 3257.10761259127 5747.49945628532 3801.06892860416 3492.93930665851 5106.91932577753 5281.45339845009 3757.40934687718 5514.18625002819 3748.4163322662 4600.67929766899 4238.21896555617 4675.86890320933 5376.16266494979 4859.07655835962 4847.35752756076 5033.94725836495 6350.88576499373 7214.61190917432 6925.85734765018 7818.32782633218 8098.68816537592 7263.86605052709 6121.17227334765 5200.72110384704 5894.96607284554 5367.32009479591 4998.81235895087 6510.08832505366 6872.31765854868 5864.8849093567 6258.6939532142 6225.25099895578 6645.01693000101 5683.63879922009 5779.86807807929 5546.4515683453 6949.50537808267 7824.24117726441 6799.54042564643 7359.3902600691 7892.20343123516 6609.36835106049 7687.73373628406 6941.22647663941 7657.79831283118 7636.7941572364 7528.07246245677 6941.67667066106 7605.13806580788 9603.25465662553 8493.74770051477 9124.82876551664 9864.67814984351 9291.83108972607 8358.45380438272 10155.35572986 8972.7713110276 10095.853109074 10224.0525233393 8535.14791904628 9471.47031880478 8939.41413069112 8823.54803919602 9459.58508603839 8776.24635023425 8379.81205039827 8908.59837460417 10223.2577977864 9347.25895650698 8614.41379317246 8134.84019511139 8077.97932653953 8512.16041907106 9867.11710683521 9266.8090516639 8167.73377382001 8818.23395017392 7744.59488934056 9098.42019253892 8481.78194720897 9664.94956013739 9924.37025709944 8305.532794469 8577.04057353118 8884.43160815592 8600.58137569781
2236.90634582675 2629.28222144372 2471.2092181764 4890.16870874615 2896.01018644617 6296.17939706295 6409.07559637113 6201.20955943274 7319.70798597868 1086.56569060504 3434.20296429899 796.868872525461 2218.81161886267 1827.90864104309 1226.78441463853 0 718.94019222742 6671.3004729213 671.75144212722 5827.94989683336 6644.78178723726 6108.90743095687 5947.2682804797 4682.01345576879 3636.1896265184 3058.28791973549 3584.77684103209 4812.8084316748 3564.05667743935 4828.36670106983 7090.35436349975 4815.21027578236 6633.67356748883 6282.66464169464 7434.46366592776 7010.43864533454 7638.92171710118 7364.35672682957 1296.14813968157 1858.76302954411 5334.67431058354 6269.86841967198 1117.47483193135 2452.67710879357 4993.62093074755 6270.01794255806 4787.02673901034 6971.23554328786 1688.56447907683 6132.03677418849 5130.97213011336 5762.54067230766 5859.50083198219 7543.95453326702 7606.82259553882 7134.46739427688 6876.40894653597 6937.1283684245 6040.59185841917 7110.07208120987 5694.35027022399 5529.29697158689 3410.64510027062 4103.80920609134 5625.49997777975 5675.38544946509 6040.90225049206 4537.48278233648 2806.79977910787 4888.37907695383 3101.61248385416 4072.31506639651 5185.85817391876 2406.76130931175 1869.99331549607 2643.03329528782 5228.76658496055 3965.00315258387 2807.57902827329 3216.17008256715 3840.65424114174 4340.93883854633 4274.48827346619 2446.80914662341 3507.22468627261 3760.40223912283 2716.7305718455 3242.20218370169 3419.15559751234 3595.22252440652 3274.52286600659 4158.95118990353 4025.15527650798 4278.65340966057 4029.42303562185 5219.31508916639 5417.2179206674 4252.71971801575 4830.43735079962 3929.1379461658 5856.35338756124 5779.3273830092 5934.74936286277 4053.54782875446 4684.81589819707 4669.24779809339 5677.03707932228 6054.23405560109 3118.49322590253 3400.45952776974 3902.88354937731 4013.96001474853 3944.77502527077 4131.96381881545 4804.81529301595 4810.92506696997 5476.08436750202 4010.76675961093 4366.70642475539 4464.44285437724 4500.06944390862 4760.44903344212 4305.01161438619 5407.9224291774 4941.21695536636 4680.67836963832 3650.42805709139 3278.90987982287 5898.41080291972 3987.55877699627 3751.41639917512 5200.78119132117 5479.62133728235 3815.18348182627 5668.22282554241 3822.71173383503 4882.49423962794 4366.06229914325 5104.77717437304 5546.2261944497 5221.88902601348 5080.04675175337 5200.78119132117 6402.63617582633 7390.23849412182 6926.21830438516 7879.95875623724 8047.12681644822 7423.35840438814 6236.28495179622 5123.71935218938 6064.29097257049 5508.00553739736 5055.2571645763 6528.11228457354 7110.29183648604 6015.96833435815 6532.89751947786 6275.84655644161 6612.77173354714 6015.08520305407 6143.84854956566 5738.52115095867 7047.56163506216 7929.92749021074 7159.87080889034 7606.78151388615 7997.61683253205 6857.56881117499 7894.85592015459 7166.80716916536 8050.58227707785 7981.58035729767 7792.10337457095 7117.71557453654 7910.00158027797 9904.6706154218 8886.99893102278 9313.02850849282 10090.9303337205 9546.498049023 8599.20054423666 10460.1027719617 9184.94011956529 10352.7170346726 10439.6479825711 8701.07751947999 9653.82048724752 9211.03278682689 8962.97941535068 9775.28771955076 8887.77249933863 8520.34330294267 9138.68836321712 10545.3781345194 9693.36113017564 8973.88572470142 8380.37141181702 8560.00876167776 8831.58394626921 9998.2498468482 9616.45724786421 8230.545243178 8933.01460874211 8242.49658780639 9227.87895455938 9074.3112686308 9997.0620684279 10000.5312358894 8578.27925635439 8936.89683279381 9012.80339295161 8839.40043215602
2569.65464605655 2867.2722228627 1806.23918681884 4301.8164767921 2205.67450001128 6013.73428079426 6059.54825048864 5782.03035273943 6957.81934229396 1232.37575438662 2817.46783477647 843.72685153431 2267.43246867465 2083.41666500007 580.409338312195 718.94019222742 0 6217.56584203175 1223.97916648936 5747.77130721117 6723.00156180259 6222.38901066142 6052.4271990665 4393.81667801468 3659.57647822805 2672.77945218082 3104.63363378032 4777.42085230096 3400.27572411415 4338.92267734745 6717.23529437521 4262.1150852599 6454.35899218505 6322.57858788643 7234.68209391401 6928.06791248469 7500.74996250375 7348.85195115536 1121.10436623893 1267.62573340872 4792.2463417483 5812.75537073426 981.389321319526 2226.82509416434 4482.81440615156 5753.80309013091 4167.88315575185 6487.96963618049 1439.83505999819 5939.06558306944 4967.14203541634 5463.744137494 5642.971291793 7120.78822884096 7303.12433140776 6882.67753131004 6782.83679591364 6740.78074113081 5976.04593355841 6766.55377574139 5200.36056442243 5032.0224562297 2807.46772020624 3472.12110963889 5090.00245579509 5193.44538817922 5621.99919957305 4009.75373308636 2287.19260229654 4400.07102215407 2677.10197788579 3512.92257244591 4667.5743164946 2441.69510791171 1719.01134376711 2448.72415759718 4782.97762905076 3411.10319398285 2804.79500142167 2885.41591456067 3407.16157527054 3927.22866662994 3769.69826378717 2309.76189249022 3129.49676465722 3277.38462802278 2744.31230001252 3179.22946639591 3259.02592809569 3383.23070451898 3125.99984005118 4065.40280907071 3927.4673773311 4269.95316133561 3909.04400077564 5012.04798460669 5110.10029255787 4250.14705627935 4717.65301818606 3861.18505125046 5656.41229048944 5553.03970812383 5689.5188724531 4124.09080889352 4596.39804629669 4511.09742745598 5488.68153566956 5787.97244291989 3020.24419542526 3417.05282370642 3747.91608764124 3912.79950930277 3609.79570059027 3970.6737463559 4747.96008829055 4678.8753990676 5244.22301203906 3795.14492476901 4152.55945171168 4153.68812021317 4245.73315223649 4586.39291818745 4003.59213706891 5138.45793988819 4715.53284369858 4345.47178106129 3253.26758813351 3061.96423885061 5694.56978181847 3686.2921750724 3405.32670972992 5038.22885546101 5241.71966056942 3620.94600898715 5438.80731410849 3585.90992636458 4547.59551851305 4119.69355656461 4775.26177292931 5340.0608610764 4865.56779831501 4792.18113180209 5094.97301268613 6306.79197373752 7281.39753069423 6894.3364437776 7872.14233865217 8116.07201791606 7354.80285255832 6076.23444248163 5159.15448499073 5933.06413246983 5444.37783405965 5001.37481098947 6507.92785762104 6939.06513876329 5872.39303861722 6335.46564981612 6263.23598469673 6672.9397569587 5764.60102695755 5871.54153523587 5541.77318193374 6917.0983801013 7817.80819667508 6921.38895020356 7445.72024722928 7899.6835379653 6611.59020206183 7707.82881231803 6969.12835295778 7777.5317421403 7699.43179721725 7608.21923974329 6925.49637210215 7687.73373628406 9666.5337634542 8638.75714440451 9135.47344148074 9876.48722977962 9343.91513232007 8425.14836664613 10217.9070753261 8976.70596599889 10164.4293986431 10257.5886542598 8566.83284534022 9507.66138437839 9002.84677199385 8825.63737075119 9518.83002264459 8772.79174493502 8353.33017424787 8972.52751458584 10325.3026590023 9452.54595333977 8718.29971955541 8213.47977412741 8247.15860160334 8575.54662980734 9871.01185289532 9438.51815699901 8192.37450315841 8887.24507369972 7938.86799235256 9126.50672491945 8720.73678080012 9804.36764916535 9948.42952430181 8452.3665325162 8722.1700281524 8928.11570265529 8694.35880327008
5957.87294258614 5534.71995678191 4957.38086089822 2388.77583711825 4589.18565760855 2160.00578702928 1662.82891483159 1121.94028361584 1274.01923062409 6979.38929993162 3962.79573028941 5997.81210109153 5443.17232870685 5999.47914405909 5856.08657722886 6671.3004729213 6217.56584203175 0 6556.2946852624 3757.4925149626 5102.63412366593 5173.73172864616 5033.0159944113 3079.36681803256 4655.17185504467 4358.68386098373 3786.5716684093 4153.98904668753 4219.15275855236 2380.78243441101 1110.46161572564 2398.6975632622 3065.43226968074 4695.01064961518 2998.124413696 3884.42402422805 3611.52668548912 4567.8222382225 7049.55672365291 6200.50401177195 3610.22852462278 2655.41898765524 6041.83333103455 7920.42454670203 3790.28363054798 3019.62332087961 3098.68923901704 1832.51875843059 6269.27029246626 2630.23287942342 2947.13844262532 1749.46420369209 2418.93571638438 1153.79807592143 2231.31127366847 2431.69179790532 3641.59992311072 2760.66115269513 3663.84361019954 1592.75704361965 1913.92920454232 2628.33121961445 3649.82876310657 3415.22327234985 2278.43147801289 1396.8715044699 2534.01854768271 3625.25861146484 5111.32321419806 2500.74988753374 3570.18907062357 3687.30931710373 2759.1891924984 4987.10838061496 5368.48442300059 4795.5057084733 2939.60031296773 5457.44903778313 4818.84322218518 4373.64264658191 3008.63341070327 2811.8054698005 4502.36049200861 5456.24642038829 5549.49322010578 4360.83420918521 4991.05449779904 4323.55467179496 4241.09360896456 4093.97423050024 4041.19413045204 3808.95326828776 4404.33025555532 4594.902066421 3598.95818258562 2620.35302965078 1942.61421800624 4304.4308566871 3369.06886246037 4232.38998675689 2634.5065951711 2617.36986304955 2326.20936289062 4726.12420488501 3955.85009827218 3309.55057371843 2898.49098670325 2432.84812514057 4744.33873158315 4846.97070343942 4714.20725042928 4581.82550955403 3017.65637540128 4285.5133881485 4432.8320518603 4295.78281573918 2876.41269639807 3623.36169875435 3903.60410390193 2684.91154416677 2933.53455749204 3755.41276027017 4720.36810005322 5059.70601912799 4516.42834549603 3891.97893108377 4750.85518617438 5476.65500100198 4559.05692002195 5211.70557495337 5113.40150975845 4432.05652039773 4375.92847290721 4948.54776676956 4861.5841039727 5371.39413932733 4909.81160534699 5065.44667329546 3071.44102987506 4250.66171319243 4344.7525821386 4694.21186143105 3486.85029790497 4529.48672588849 4031.20639511301 4788.1363806809 4975.43967906355 5750.76081923079 4172.52920900501 4491.38063405898 4510.12749265473 3636.70523963656 3655.21887169565 3951.97735317398 4462.48249296286 3681.20224926586 3862.39886598989 3307.94498140462 4237.92402008342 4907.90179200848 3120.29646027425 3053.78863053748 3927.70607352434 4700.06648889141 4944.82052252658 3059.20741369395 3798.76624708602 4881.66211448519 4387.48219369606 4606.38144317207 4102.66681562127 3585.12552081514 4313.42381409478 3899.43906222421 4610.92452768423 3905.20486018339 5623.27751404819 3929.21747934624 5716.09569549006 6381.85905516567 5430.29695320615 4578.34577112738 6104.19937420134 5752.4451322894 5920.83186722947 6363.46996535695 5055.56623930495 5713.25213866848 5041.14322351587 5543.57736484303 5607.13830755047 5566.08030843968 5579.31447401919 5015.66296714602 5735.52525929404 4973.30373092173 4420.47791533902 4331.06511149394 3403.12356519713 4814.88577226916 6335.12036191894 4633.84289763906 5130.3630475825 5350 2899.7844747498 5553.26480549955 3127.59891929896 5031.27717383966 6363.4208567405 4288.13770767684 4053.62492098122 5333.20963398215 4610.72120172105
1604.29112071344 2070.17511336602 2735.07312516503 4957.69603747547 3183.64963524569 5987.53914392215 6161.98020120156 6030.65087697837 7099.69189472332 1325.47161418116 3566.68613701851 879.630604287959 1767.94372082371 1257.47763399593 1594.91379077366 671.75144212722 1223.97916648936 6556.2946852624 0 5361.78608301376 6094.00319986788 5547.29663890439 5409.82901763078 4396.87388948103 3126.59959060958 2944.59250151867 3539.15597282742 4323.55467179496 3203.31859171079 4750.85518617438 6876.09082255317 4821.43650792998 6235.53325706791 5745.70491758844 7055.93721627397 6547.99587660224 7219.11525049988 6874.95454530428 1827.90864104309 2435.41577559151 5526.41384624785 6299.10707957882 1416.42154742153 3098.48753426571 5177.71667822796 6381.27142503749 4970.60107029321 6961.36660433855 2128.6732957408 5764.38418220021 4754.01146401647 5512.31575655822 5547.40930525232 7410.71858863903 7376.05924596596 6860.43912588691 6452.61574867123 6603.31356214439 5593.41130259522 6913.52840451242 5707.06798627807 5597.37661766653 3524.37937798983 4295.49182283007 5699.45172801735 5639.70300636479 6024.22194146265 4712.4834217215 3143.7437872702 4922.01686303491 3025.1033040212 4263.06814395454 5278.79010759094 2047.25425875732 1904.10740243296 2604.2033330752 5272.21490457284 4387.0548207197 2508.2364322368 3270.51219230261 3804.84888004767 4305.66487316419 4533.62437791222 2523.01902489854 3822.54823383564 3975.15722959482 2420.35637871781 2922.86246682939 3252.97940356222 3478.95458435433 3021.79582367836 3828.59308362746 3825.98026654608 3977.82918185284 3677.29520163938 4907.01029140963 5199.15858577136 3871.12709685435 4460.17096084892 3644.2591839769 5548.4795214545 5519.34099327085 5670.4276734652 3632.32019513699 4392.4651393039 4376.42833826855 5388.76145324693 5836.63002082537 2971.3212549302 3111.37027690373 3839.10796930745 3853.97522047042 3810.3477531585 4001.64028868163 4544.77722226293 4640.44717672769 5256.30573692208 3833.56883334576 4247.42569093327 4294.32765401058 4290.46908857295 4568.71152514579 4407.02564095105 5490.73082567339 4919.92123920699 4706.64423979548 3850.08116797555 3437.47727265214 5825.8046654518 4168.55790411984 3963.19000301525 5082.87566245723 5441.62200083762 3841.30511675394 5671.41957537969 3968.86318736235 5032.76762825386 4459.11986831482 5033.51268996116 5452.12114685652 5318.54068330778 5148.84695830047 4853.92882106856 6155.78995743032 7039.75319169642 6578.46866679473 7421.92697350223 7537.15795243804 7003.92746964159 6084.61173781861 4701.1966561717 5771.75233356387 5096.38352167495 4698.47049581031 6134.43151400356 6841.69204217787 5773.91764749031 6290.270264464 5836.52293750312 6103.48261241072 5844.12097752947 5993.3817665822 5588.54855933095 6836.52872443318 7661.5109475873 6928.29344066777 7304.6646055791 7693.86931264107 6777.5364255753 7701.70435682908 6979.38929993162 7869.7601615297 7881.1880449587 7526.66094626296 6978.22506085896 7695.65624232268 9736.07980657513 8644.72382439138 9118.59364156557 9951.79003998778 9338.39520474476 8334.19162246705 10298.7256493219 9045.88995069031 10105.3822292875 10224.0525233393 8419.69417496859 9383.9623827038 8997.81223409335 8720.45010306234 9639.76140783578 8620.39732262962 8358.00514476989 8865.76984812938 10306.3693898482 9480.57224011294 8784.2543792857 8093.24564065616 8386.22382243641 8689.82882455115 9739.80235939108 9260.264575054 7832.98314820095 8504.55760166277 8032.51206037065 8906.52850441742 8894.48565123358 9685.10454254367 9620.84325825964 8180.96112935393 8649.38581634558 8653.93696533549 8508.74550095371
4044.904201585 3686.88554202595 5263.257071434 4462.48249296286 5353.21165283048 1779.5715776557 2407.02098038218 2998.33287011299 3258.54645509313 6050.05165267207 4696.67435532846 5273.51874937408 3843.25708221555 4307.40641221606 5535.79262617378 5827.94989683336 5747.77130721117 3757.4925149626 5361.78608301376 0 1886.96184381137 1957.35791310634 2203.40645365307 2151.45299739502 2294.96732002876 3851.37962294033 3885.30886803096 1114.95515604889 2644.33356443547 3470.32059037778 3112.97687109943 4028.18197205638 1156.77353012593 1251.748776712 2038.07507221888 1376.13589445229 2143.15771701478 2204.82425603493 6548.66398588292 6462.58462226995 5951.36538955558 5276.00701288389 5639.259703188 7895.6079563261 5831.27344582639 5838.07545343498 5327.11225712393 5100.79650642917 6248.89990318296 1336.74043852949 1332.99474867683 2407.67003553228 2167.66002869454 4260.42838221698 3791.27287332368 3224.61237980629 2035.92730715023 2593.98342323154 1386.09162756291 3627.06837542388 4582.64388753916 5074.75368860401 4518.01947760299 5108.20418542564 4999.87499843746 4088.39821935193 4852.57663514962 5467.74633647173 5875.21276210488 4496.24843619656 3689.85094549902 5295.87103317292 5059.95306302341 3861.67062292993 5024.12927779531 4660.80733349921 4940.14169837263 6902.98848325854 3899.67947400809 4851.15965517524 3874.67740592685 4026.0091902528 6085.12530684455 5354.14559010119 6453.14845637383 5600.27901090651 4057.47766475676 3382.58407138684 4027.17332629228 4177.3945229054 3445.64943080401 2904.62992479249 4146.91150134651 3817.3125363271 2473.61072119281 2104.4595505735 2750.22726333661 3036.5482047878 2129.70068319471 3551.84811049121 2441.69510791171 2953.91689118025 2760.2083254711 3202.53805597998 3403.30721504833 2832.29147511339 2835.70978768985 3362.10499538608 4409.64851206987 3993.82335613382 4909.42970211409 4453.29933869261 3433.47491617457 4413.96930211346 4018.55073378451 4428.31796509691 3381.19801253934 3676.10527596803 4288.13770767684 3205.65905860246 3123.39959019015 3922.61073776127 5690.836933176 6291.90948758801 5341.40664993782 5085.39575647756 5729.80147998166 5887.38057203711 5495.33893404219 6100.66594725527 6027.9038645287 4922.20733005021 5398.72670173255 5359.16271445456 5946.11217519481 6014.61761045538 6236.08450872821 5885.78796763866 4344.10520130441 5065.13820147091 5880.104165744 5888.28285665694 2614.98087947121 4606.11007250152 3642.54375402685 4162.03075433135 3365.44944992493 3581.3754341035 2920.40236953746 5140.89000076835 2944.91086452544 3501.16052188414 2049.54263190596 2958.14553394521 3351.67868388364 4097.10263478961 4060.40330509175 3869.91601976064 2517.68743095723 2402.34260670704 4120.83122682791 4285.07584530309 4626.35115398734 5180.55257670454 5226.01664750506 4059.71058081731 4036.4743279253 4919.54012078365 5748.80422348857 5559.56383181271 5024.50246293103 5140.22129873802 6060.37333833486 4515.18272055517 5619.77535138194 4995.06005969898 7102.64035412184 5149.87863934676 6749.25921861059 7807.16818058891 6569.67464947847 5247.97580024908 7645.50521548446 7089.64914505647 6872.31765854868 7413.75410976113 5459.5100512775 6315.55619086712 6172.57037221934 6170.49430758995 7266.96291445058 5972.22739017864 6580.55848693711 5656.24654696027 6890.93607574472 6319.31562750271 5901.32400398419 4814.36652115312 5312.83822452745 6406.78351436975 6925.67686222798 4722.6846178842 4306.60829423805 4332.00300092232 4610.4500864883 5640.81111188808 5325.93888436584 5608.36428916667 5959.49872053011 3622.41286989763 4820.8531402647 5073.02917397486 4750.26315060545
4554.18763337656 4100.45729157127 6641.06542657125 6015.24105917627 6727.27656633797 3389.1370583085 4022.67013313297 4608.2127772055 4370.21166535444 7037.22246344394 6244.04716510053 6078.70257538564 4871.72967230326 5125.24389663555 6654.74454806494 6644.78178723726 6723.00156180259 5102.63412366593 6094.00319986788 1886.96184381137 0 629.980158417708 1045.52618331632 3942.95257389688 3311.15538747429 5371.80137384099 5515.31957369652 2444.12561052005 4099.46642869532 5196.51325409644 4375.92847290721 5685.3429975684 2520.41663222571 658.596993615974 2805.90894364019 1575 2320.29093003442 1233.64297914753 7600.20558932454 7513.19672309996 6973.20765501788 6127.24448671668 6425.97268901759 8945.32000545537 6782.37605858006 6803.95105802504 6661.45629723711 6100.10245815593 7036.02337972238 2490.23091298779 2556.12010672425 3525.44323454513 2929.27038697352 5275.94778215251 4301.8164767921 3629.91046721541 1836.60692582817 2902.69271539376 1517.60502107762 4404.82689784741 5710.84494624044 6094.97744048327 5976.25509830362 6477.89510566511 6171.96281583096 5330.39632672844 5648.06382754303 6500.14422916907 6846.25810205838 5608.7543180282 4970.22383801776 6418.18704931541 6144.00113932281 4479.46704419175 5746.84696159555 5339.00739838409 5828.21799523662 7913.16150473374 4410.28627188757 5623.66650860451 5022.20071283496 5046.34768917085 7013.24639521527 5949.47476673362 7205.03296314458 6527.25056972689 4529.21074802222 3965.00315258387 4597.28180558904 4785.26383807622 4160.00300480661 3370.64533880383 4441.70575342402 3875.72573849079 3232.16258873219 2986.74153551994 3759.07235897369 3190.41533346365 2692.8145127357 3884.10221286722 2984.33409657833 3460.31067969337 3399.35655676188 3241.62382148207 3579.54256854141 3356.89588757233 3224.61237980629 3892.38037709574 4894.44838567126 4271.27030284903 5289.90784418784 4734.84424242234 4450.91282772422 4792.83319133892 4020.18345352547 4597.89353943738 3850.08116797555 4305.30196385805 4750.92096335016 4160.00300480661 3915.19475888493 4252.49926513809 6250.1999968001 6654.04012611887 5673.29269472323 5706.30134149959 6507.78380095713 6443.45598262299 5621.99919957305 6691.22559775113 6711.37094787645 5071.11920585584 5676.98203273535 5807.00008610298 6176.72040811303 6525.71835126218 6792.13699802941 6337.43836261939 4999.31245272788 5259.39635319492 6454.45582524197 6327.815578855 2838.35339589699 4304.4308566871 3165.6357971188 3465.6348624747 2217.40275998746 2003.90244273517 2243.18412084251 5084.47391575569 2611.63263113325 3434.20296429899 2121.61495092771 2964.58260131169 2664.69979547415 3941.52571981967 4012.32476252858 3942.31848028543 1861.95461813654 1047.31800328267 4445.85481094468 4649.86558945525 4776.5049984272 4875.5768889435 4688.3499229473 4201.2646905426 3762.14699340682 4296.65567622075 5849.09180984535 5315.60203551771 4927.98133113347 5228.64705253663 6140.33793858286 4290.83325241147 5514.86627217741 4895.02298258139 6836.34588065876 5080.66186633198 6316.89203643691 7459.4738420347 6197.07592336902 4859.33380207616 7353.78304004136 6794.9429725348 6377.15649800128 6898.23346951957 4893.93757622633 5707.94402565407 5852.24315967818 5611.42807135581 7080.73972124382 5329.69276788072 6215.35397222073 5173.49011789913 6513.3036932113 6090.82301499559 5798.38339539565 4429.58801696049 5531.10522409401 6304.26442973326 6235.83394583275 4378.56997203425 3333.35416660156 3310.1170674162 4910.76623349147 4877.30714636673 5750.86949947571 5207.98665512883 4923.54039284741 3144.24076686249 4628.4446631671 4241.60936438046 4222.04038351127
3991.71015981872 3529.60691862423 6265.03192330255 5855.23270246367 6371.86197276746 3536.3293115885 4154.81648210845 4673.46231395953 4575.81959871672 6536.57976314831 5956.1942547234 5551.23860052871 4414.53564941999 4615.32772400834 6190.01211630478 6108.90743095687 6222.38901066142 5173.73172864616 5547.29663890439 1957.35791310634 629.980158417708 0 594.768862668516 3819.03129078566 2907.85573920028 5057.48208103598 5257.67296434459 2228.36823707394 3795.88593084671 5075.73886247116 4559.94791636922 5542.2242827226 2786.01417799695 856.227189477185 3186.88719599549 2005.30546301555 2776.35102247536 1724.09396495667 7106.95082296198 7041.21793442015 6731.3631606087 6001.56229660244 5901.8005727066 8445.59796580443 6506.4391182889 6655.30803193962 6435.982830928 6088.35979554428 6520.44860419895 2610.19635276735 2427.06097986845 3510.78694881931 2912.68776218804 5417.91011368775 4479.53680641202 3775.993246816 2091.35123783644 3079.56977514717 1552.82001532695 4522.37492917162 5586.42327433216 5915.4987110133 5678.79828837052 6208.15995283627 6023.59942227237 5239.6326207092 5514.41293339554 6210.07246334534 6416.43397846499 5396.87409525181 4625.87829498356 6108.08889915659 5937.01313793392 3954.58594545624 5237.42541713006 4861.77693852772 5606.58095455689 7523.04791956026 3894.70794797248 5203.48440950869 4723.0154562525 4776.89752873138 6664.73930472903 5443.40196935703 6764.75239753829 6156.85593464716 4001.95264839553 3488.28396206502 4155.34294613573 4369.28197762516 3720.0470427133 2968.69078888321 4008.50657976259 3420.25218368471 2853.94463856607 2844.95166918526 3660.08879673704 2730.04120848019 2408.44867082527 3439.2041230494 2930.97679963523 3360.15252629996 3355.40608570706 2720.98327815516 3211.89196580458 3053.37927549134 3094.14770171044 3823.12045324235 4411.49067776415 3760.73463567958 4855.02317193234 4296.87386363621 4141.70858463026 4387.55341847823 3631.45976158349 4235.12101361933 3670.32014952374 3935.89252902058 4389.54724316757 3903.36393383963 3636.70523963656 3923.40732017465 5862.75319282673 6312.73514413523 5323.35655390469 5384.23625038872 6102.91938337711 5972.1227381895 5345.32506027463 6269.51951907002 6289.82312946874 4738.47285525622 5376.91826235066 5368.25157756229 5861.95359927047 6081.27248197283 6433.0202859932 5930.95692110472 4756.18019002645 4971.73259538363 6146.2895310911 5985.45111081863 2580.33428066985 4101.06693434769 3266.59226105739 3357.64054061777 2510.47804212664 2300.81507296871 2491.4855006602 4850.25772511111 2199.71589074589 3283.38620938811 1915.88752279459 2627.37987356225 2552.69465467376 3941.28786058567 3816.82132146633 3873.62878964931 1774.11949992102 1067.70782520313 4297.52835941777 4516.15156964423 4531.76290200624 4733.45803826336 4675.33421265261 4240.4304026832 3866.60380696032 4331.35371448696 5678.68822880778 5284.52930732719 4845.81004580246 5301.23806294341 6100.87083947857 4370.99816975482 5368.01872202398 4945.76839328329 6943.97220616557 5293.03788008361 6360.91581456633 7499.87499895832 6308.97178627389 4984.85205397312 7476.5466627314 6788.63940712718 6577.5185290503 7033.22472270011 4996.12349727266 5859.50083198219 5964.32100075105 5661.60312985642 7153.14616095603 5386.90541962637 6158.02322178148 5336.37283180252 6751.20359639672 6272.26035811652 5920.77908724857 4576.36591631395 5678.3580373203 6340.5934264862 6352.65692446869 4806.76606462183 3504.37226903764 3662.64931436249 5095.2183466462 5043.93199795556 5993.90315237075 5550.7882323144 5182.00009648784 3559.93328589175 4896.61873132879 4459.0497866698 4471.15756823666
3889.56938490625 3353.82244610534 6138.55642639212 5696.81928798869 6198.53813410872 3606.50454041028 4189.42120107301 4639.50428386482 4486.99509694406 6463.79339088124 5852.6703307123 5346.49417843132 4410.56969109434 4579.98362442487 6046.90003224793 5947.2682804797 6052.4271990665 5033.0159944113 5409.82901763078 2203.40645365307 1045.52618331632 594.768862668516 0 3899.51920113237 2972.68817739096 5055.50442587087 5234.08301424423 2426.54589900954 3866.84626019706 5032.70553479935 4497.01289746872 5445.75522769799 2960.67982058175 1287.1965661856 3281.1964281341 2200.28407256881 2864.98254793987 1791.29841176729 6992.13844256534 6809.91923593812 6360.71929894725 5617.94001391969 5648.34046424257 8276.51043616813 6118.92555927918 6283.95774969883 6174.59512842745 5784.7320594821 6226.25489359374 2587.83210429116 2334.92505233037 3318.41453106751 2670.90808527736 5226.97331158291 4231.28231154576 3510.07478552808 1955.76072156079 2860.72543247338 1436.57578985586 4281.71986472726 5283.05072850905 5563.1038998027 5522.90684332082 5974.63387999633 5719.37496585073 4987.98556533597 5123.71935218938 5852.6703307123 6095.33633198366 5078.01634499142 4441.84646290256 5786.94651781058 5598.93963175171 3696.28191565524 4935.77501513187 4508.39494720682 5218.2372502599 7171.55840804494 3564.05667743935 4827.39577826389 4444.1675260953 4445.64393535965 6279.82881932302 5075.6157261952 6365.58127746398 5787.10851807705 3667.50937285783 3161.78351567592 3759.07235897369 3962.40141833207 3395.95347435739 2581.0608284192 3536.50604410624 2922.64862752949 2575.12135636362 2589.64283251571 3394.29668709145 2291.42422960045 2086.41438837063 3003.0193139572 2615.69780364629 2985.90438560916 3037.4742797265 2298.09703885628 2721.67228005137 2656.47793139713 2696.98906189847 3445.83081418691 4010.6109260311 3345.61279887557 4384.34715778758 3816.65756913035 3840.08463448398 3915.11494084146 3096.97432989038 3714.16208585463 3244.61091658152 3532.8812603879 3925.95529775875 3583.46898968025 3281.10118710167 3439.02239015683 5400.2893441 5797.03588051687 4813.58753945537 4931.91139417569 5701.80892349086 5548.08525529304 4802.73359660933 5821.56551109751 5866.27010970344 4203.94160282942 4855.53807522915 4906.18232437401 5327.64019055341 5626.99964457081 5956.40411657906 5449.08249157599 4325.93920438094 4442.47960040336 5671.69507290369 5487.42881502804 2143.15771701478 3538.18456273835 2866.29115757629 2818.24413420839 2293.19645909373 2178.58899290343 2238.58214055236 4296.07378893799 1656.04951616792 2783.09629729192 1535.61876779362 2126.17614510181 2027.62175959916 3485.14705572089 3288.9017923921 3412.2939498232 1315.76973669408 789.778449946566 3832.91664401928 4058.55577761351 4007.57096007045 4183.67362493778 4172.37941707127 3839.10796930745 3468.15873339154 3857.05522387222 5150.84944450913 4782.12818732413 4337.40994142818 4891.51050290194 5617.43936326864 3948.65483424419 4827.71944089546 4506.45370552056 6507.11149435754 4967.26786070572 5880.6887351738 7015.11760414606 5873.72326552758 4571.24162564177 7045.12242618963 6284.75337622726 6199.89919272886 6604.6385215241 4558.91982820492 5448.50897035143 5534.71995678191 5186.03895087571 6697.85413397455 4916.55367101794 5629.49820143856 4941.21695536636 6406.63718342158 5895.44315552275 5515.03626461332 4184.569870369 5330.9239349291 5876.38281598468 5914.81191586005 4679.87713513934 3141.15822587784 3464.64283873533 4799.34891417576 4651.2095201141 5750.05434756925 5313.77925774114 4877.05085066785 3441.2025514346 4613.90561238524 4114.07644557074 4156.32048812408
3642.28636985067 3469.60012105142 3429.01224844707 2734.7303340549 3528.89855337328 1874.33321477266 1993.11314279947 2097.31971811643 3338.88080050786 4717.71925828572 2705.78084847979 4188.52599371187 2822.34388407933 3471.13093962184 4018.55073378451 4682.01345576879 4393.81667801468 3079.36681803256 4396.87388948103 2151.45299739502 3942.95257389688 3819.03129078566 3899.51920113237 0 2023.14730061852 1986.98892800136 1831.154007723 1760.85916529403 1330.88316542062 1550.20159979275 3015.06633426198 2163.61965234188 2408.7081599895 3321.99111979548 3286.90583984391 3317.19007595284 3777.31716963244 4200.89276225899 5064.70630935299 4943.30355127014 4800.13020656732 4624.2566970271 4522.58222700262 6319.66177892457 4737.2196486969 4930.83410793752 3779.13680620324 4479.74608655446 5068.40704758408 2322.84846686132 1842.04370197886 2387.07456942593 2726.49041810163 4058.78676453937 4292.58080879091 3923.0887066188 3656.67198419547 3621.29120618599 2998.95815242561 3799.58879354069 3642.54375402685 4123.48457011785 2676.05119532493 3433.47491617457 3889.24799929241 3125.09999840005 4321.60271195768 4267.90346657466 4538.24029773656 3428.00962659092 2225.14044500566 3942.87331777221 3967.13057511345 3303.21812782626 4076.53345380606 3857.70333229501 4126.28767780435 5486.46060771423 3476.5284408444 3936.5276577207 2701.27284812179 3091.72282069399 4894.51223310352 4533.55544799002 5363.00988251933 4425.70615834355 3638.42342230807 3047.23235083904 3545.68399607184 3633.95445761226 2925.96138046967 2980.03775143873 4007.57096007045 4022.51476069386 2388.51418249924 2377.23578973563 2553.18428633736 3385.72370402548 2613.06812004586 3517.90065237778 3036.13652525706 3306.90565332608 3120.29646027425 3580.32819724673 3671.34171659354 2964.8988178351 3322.83764273851 3591.1349181004 3919.66197522184 3851.05505024273 4506.52304997988 4258.00716298129 2590.60803673578 4137.1034553175 4290.97890929331 4446.76848958882 3526.15229393173 3285.3843001999 3978.45761570989 2631.77696623403 2800.11160491863 3902.0026909268 4995.6856386286 5834.6486612306 5024.75123762361 4471.57690306227 4711.75391972034 5082.44527761982 5481.10390341216 5279.38206611342 5089.87966458933 4905.41792307241 5196.75379443745 4795.63603706536 5713.79908642227 5281.74923675859 5520.75628877059 5285.23887823436 3922.21238588631 5023.75606493787 5243.74627532645 5378.02240605225 3232.35595193351 5237.96239009025 4871.66552628565 5278.84930643033 5157.76114220114 5540.19403992315 4524.65468295648 5419.40956193569 3840.73560662538 4195.6078224734 3128.59792878535 3585.12552081514 4602.03759219761 4896.29962318484 4560.77022003959 4434.52364972834 3970.20150622106 4232.61148701366 4275.36548145302 4379.85444963643 4756.77148915102 5794.01630995288 6170.19043466245 4650.67199445413 5056.24613720495 6012.74687642844 5857.68725692999 6194.04956389598 5529.63606397383 5648.06382754303 6321.63942344073 5393.34080139574 5982.31769467319 5665.52071746278 7794.62956143523 5981.53408416269 7534.50396509286 8445.153935838 7397.5080263559 6220.43004944192 8346.48129453364 7666.20016696668 7892.95572013425 8339.5893184257 6525.23945920761 7403.63086600082 6986.46011940239 7114.158418253 7829.59130478724 7007.58517607885 7200.26041195733 6708.34368529222 7861.69510983477 7130.83094737212 6562.82142070009 5856.24666488699 5781.11148482712 6910.18270380748 8003.04629500542 6093.43909463285 5829.07582726456 6048.55354609679 5157.39759956511 6912.03660291234 5746.46630547852 6824.8626359803 7504.20715332406 5184.17061833424 5862.75319282673 6487.1507613127 6020.27823277297
1880.99043059767 1753.92417167904 3612.47837363769 4106.47354794841 3905.4449170357 3293.55431107489 3673.63920384134 3877.09620721488 4748.28916558375 3823.44739731044 3487.2087692021 3194.03741368194 1599.60932730464 2015.09925313866 3520.2095108104 3636.1896265184 3659.57647822805 4655.17185504467 3126.59959060958 2294.96732002876 3311.15538747429 2907.85573920028 2972.68817739096 2023.14730061852 0 2313.81719243332 2737.47146103845 1207.78723291812 1105.38454847171 3251.34587517231 4525.3452906933 3697.04273710759 3273.9502134272 2816.46942110153 4180.9837359167 3576.04879720621 4328.53901449438 4082.66150935882 4397.93985861562 4594.22191453569 5488.90927234182 5454.87167585086 3669.89441265004 5812.37903099927 5256.00846650764 5830.20154025571 4753.55130402523 5676.59669168068 4383.27788304597 3030.67649213835 2136.58606192215 3324.90601370926 3246.63287114512 5447.30437923199 5219.01571179854 4635.59597031493 3795.63894489452 4169.60729565747 2891.04219962283 4859.1408705655 4691.34842023058 4956.4352109152 3384.06190841716 4259.76818618103 4940.45797472259 4335.53629900616 5058.84127048873 4782.32422572958 4416.02196552508 4215.81842588127 2453.95089600424 4436.84854373011 4777.15919768224 2100.4463811295 3269.17420765551 3219.66613175963 4717.18931144384 5646.95714522432 2421.13093408845 3680.77777106959 3138.27181741799 3562.39034918971 5144.96112716121 3788.46934790292 5133.59036153061 4555.90276454623 2531.55090804037 2152.9050141611 2985.17168685488 3239.01991349235 2300.40757258361 2394.78600296561 3393.00751546471 3199.21865460928 1882.31904840811 2716.7305718455 3300.47345088549 2501.74938792838 2341.7408054693 2800.22320538917 3389.32146601646 3649.82876310657 3642.88690464033 2430.14917237605 3171.25763696361 2769.92779689291 3492.93930665851 4083.27380908996 3164.94470725793 2844.95166918526 3993.97984471629 3645.88809482683 2812.5833320988 3700.84449821929 3689.93563629503 4046.21736934634 3731.20288914982 3040.25081202193 3743.49435688101 2972.47792254207 2919.11801748405 3660.9425015971 4833.08907428779 5732.90938355038 4826.61889939531 4546.49590344036 4611.26338436659 4568.16429214187 5368.01872202398 5023.32061489211 4882.75024960319 4617.76461071805 5119.38717035545 4337.19379322621 5586.87076993911 4878.39625286835 5489.82012455782 4994.68467473173 4212.85235915051 4904.71711722501 5378.54534237651 5307.30628473617 2967.95384061141 4966.95329150577 4929.62980354509 4917.50699033565 4957.63300376299 5069.33181001205 4532.72820716177 5269.54694447255 3002.81118287514 4107.15838506381 2806.91111366213 3057.57256659593 4201.56220946448 5073.27556909735 4439.87612439807 4636.87664274132 3560.98652061476 3616.02336828732 4529.69369825378 4712.4834217215 4694.27843230459 5675.05506581214 6123.97950682397 5110.8340806565 5299.41034455721 5966.78305286861 6000.46873169088 6349.26176811131 5671.75017080266 6211.48130480967 6735.63285816559 5680.00880281008 6017.88999567124 6036.45177235767 8229.6339529775 6618.39293182265 7723.46263019379 8727.11292467331 7734.58143663896 6500.04807674528 8803.01794840837 7886.77690821796 8271.82718629929 8628.33268945977 6649.48306261472 7604.80933357306 7347.70372293276 7194.57260718105 8277.71858666384 7028.291044059 7255.90276946983 6991.15512630066 8384.02498803528 7671.41610134661 7097.09447591055 6139.93078136879 6573.47891150493 7331.60964590996 8111.21908223419 6697.24756896443 5687.48626371968 6060.16707690473 6010.04367704595 6985.38653189643 6833.46544587737 7380.76046217461 7494.08099769411 5564.6203823801 6443.69847215091 6545.32275751166 6319.56288045305
2916.86904059815 3037.68003581681 1666.95830781697 2756.24291382309 2058.82247899133 3802.13755669097 3798.76624708602 3602.51648157229 5002.74924416565 2901.50822849083 1441.13670413323 2754.65515083104 1713.54894881938 2324.46230341557 2205.81617547791 3058.28791973549 2672.77945218082 4358.68386098373 2944.59250151867 3851.37962294033 5371.80137384099 5057.48208103598 5055.50442587087 1986.98892800136 2313.81719243332 0 736.545993132812 3007.49064836451 1343.73546503767 2108.90967089631 4683.08125062976 2333.85410855092 4351.29291130809 4803.77455757449 5216.14081481702 5120.36375660948 5648.67241039875 5852.18976110652 3158.02549071409 3258.16282588823 4601.29057982649 5104.59351956647 3106.5455090824 4400.28408173836 4467.7315272966 5173.73172864616 3446.91891404483 5296.22507074614 3641.17082818151 4094.96642232876 3311.53287768671 3816.57569032765 4163.75731761591 5424.19348843678 5794.55563438647 5431.04501914687 5289.67153989735 5224.16261232362 4516.70510438749 5220.27298136793 4141.55767797576 4357.46485929606 1688.3794004903 2799.66515855021 4166.00828131678 3832.50896933067 4880.89387305235 3913.5182381075 3388.58377497149 3603.03691349395 1624.23058707808 3401.19464306293 4043.20417490881 2735.07312516503 3019.31283572935 3169.18759305914 4311.97460567662 4417.22480750075 3101.31020699317 3365.54230399798 2613.18770852765 3232.16258873219 4256.83274277954 3637.82215068302 4418.56877280415 3751.16648524162 3197.45992938145 2982.65821038885 3372.49907338757 3477.78665245584 2840.00440140504 3467.16743178059 4065.2490698603 4274.19583079671 2971.63675438301 3624.31027921176 3703.79872563291 3847.40172064213 3618.52870653253 3713.32061637559 4353.87758211 4437.90491110389 4390.97084936805 3903.44399216897 4205.72526444607 3699.15530898609 4434.87598473734 4693.81241636263 3537.03618867548 3716.34901482624 4279.67580547873 4220.63383865504 2786.68710120099 4146.38396678359 4678.47464458236 4713.08020300949 4397.51350196904 3464.55264067383 4109.7445176069 3180.70353852729 3388.95264056611 4309.43731825862 4629.11978674132 5697.03870444988 5036.36773875776 4432.05652039773 4025.23291251575 4312.98910269896 5794.44777351561 4665.4313841273 4385.34491231876 5156.5492337415 5385.80309703205 4389.19126947095 5794.23204575033 4664.09155141706 5181.39701238961 4903.63385664142 4310.52491003126 5350.23363975817 5141.13314357837 5245.59338874069 4202.38027789014 6000.26041101551 6239.0904785874 6321.04619505347 6680.24138785418 7005.13204729219 6071.08927623371 5966.41642864458 4617.96762656474 5193.62590104447 4331.13726404509 4375.21428046673 5739.17459222143 6068.92700565759 5371.80137384099 5498.23835423675 5241.95812650197 5570.73828141298 5088.89722828041 5186.64149522598 5295.87103317292 6599.43179372285 7243.4884551575 5878.40326959626 6401.95282706769 7194.00792326503 6423.24878858043 7169.16138749854 6434.57457801213 6826.32770968403 7172.42985326451 6660.98716407711 6679.16536702004 6832.18486283853 8943.3285190694 7422.97952307562 8596.54727201567 9429.8064667309 8593.74772727243 7516.44031440415 9502.99294959225 8582.68605973678 9247.80379333385 9555.26687225427 7777.57192187896 8699.82040044506 8200.07621915797 8235.63142691561 8885.27574135997 8160.15471667051 8057.17847636504 8047.59280779041 9277.15608362822 8458.90802645353 7794.38900748481 7212.57582282502 7080.82798830758 7932.13401298793 9219.30718655149 7857.36119826497 7228.84845601289 7649.22381683266 6586.01738533994 8263.28475849647 7221.92841282714 8450.92450563842 8978.58563471998 6921.2534991864 7409.87516763947 7929.37576357685 7528.32152607738
3511.49896767748 3529.16420700426 1720.10174117696 2084.91606545683 1889.11354873126 3497.32040282271 3380.1812081603 3074.18688436471 4540.3744338986 3488.01519492103 1000.93706095838 3211.01619429115 2400.26040253969 3006.76320983213 2600.60089210167 3584.77684103209 3104.63363378032 3786.5716684093 3539.15597282742 3885.30886803096 5515.31957369652 5257.67296434459 5234.08301424423 1831.154007723 2737.47146103845 736.545993132812 0 3211.30814466628 1722.82471540201 1464.58185158768 4209.06759270982 1631.52535990097 4193.00011924636 4936.21818804639 4984.53859449398 5063.16353676237 5487.71354937555 5845.3507165952 3618.09687543051 3440.65764062628 4160.1532423698 4635.393726535 3460.22036870486 4710.62628532555 4091.22536656195 4665.29741817175 2904.09194069334 4736.29602115408 3889.16764873925 3918.38614738262 3243.64763807661 3497.32040282271 3954.34887181189 4886.90853198625 5406.65099668917 5120.66890161823 5196.45311727143 4992.18138692896 4505.89891142711 4794.13704434907 3619.39221417077 3883.94129718769 1274.01923062409 2316.3818769797 3621.20490997127 3290.23175475528 4454.2816480326 3547.62244327099 3350.37311355019 3160.20173406699 1531.54333924966 3054.6071760539 3574.2132001323 3094.04670294422 3283.48138414092 3306.24409262232 3924.36300563544 4225.73958023918 3362.38382698942 3331.94762864004 2340.13888476731 2925.21366740961 3996.01363861536 3817.55812005528 4369.35349908885 3551.58415358555 3478.32574667756 3172.73541285749 3435.29474717964 3475.98906787694 2954.34002782347 3528.63287974252 4111.72105084963 4379.92579845823 3043.12750307969 3470.32059037778 3397.88537181583 3982.46155034798 3613.68925061356 3803.78101367573 4164.28265130983 4219.30088995796 4138.61389839642 4117.87263037603 4213.14905978889 3642.6295447108 4268.56240436988 4413.26126577614 3672.61827583537 3913.5980887158 4292.21679322003 4263.65453572402 2610.19635276735 4129.76996938086 4701.92779612788 4667.50736475048 4194.11790487583 3410.37021450751 4023.99055664896 2963.4228520412 3237.66891451242 4225.07396384963 4508.46426180801 5527.77079843222 4911.97516280366 4223.52045099819 3912.16052840371 4361.98062810921 5628.55443253417 4592.24890440403 4306.24546443883 5061.86724440695 5212.66486549826 4387.19728300426 5630.5528147776 4647.71449209179 4999.68749023376 4825.25906040287 4042.66310740828 5194.94947039911 4895.27833733691 5072.59795371169 4164.43273447897 5902.17121066477 6091.48996551747 6269.61920693753 6643.84113295916 7054.91849704871 5978.13725168635 5817.48442198172 4729.4952161938 5071.3656937752 4332.86856481939 4397.7266854592 5720.63152108227 5859.34083323372 5239.87118162269 5281.1575435694 5255.29494890629 5664.63811730282 4841.1646326065 4909.81160534699 5130.1803087221 6443.98944753947 7076.76656390473 5589.10771053842 6187.28534981214 7039.4424495126 6169.12676154413 6927.61683409237 6202.51964930382 6478.71515039826 6835.84303506159 6416.28786760694 6464.22849224871 6544.7498042324 8607.01022423001 7079.06243792213 8335.35392170003 9124.21229476825 8297.5900115636 7264.08115318104 9155.70177539658 8299.09633634892 8951.08233679034 9268.25900587591 7567.24024991938 8459.12968336578 7902.29397074039 8019.85816582812 8536.28285613826 7968.4142086114 7829.15225295817 7793.02572817516 8942.48986580359 8114.83980125301 7448.15413374347 6971.81827072393 6673.12707806468 7598.27283005816 8995.1723163039 7584.40010811666 7137.3139205166 7539.93534455038 6188.54789106459 8077.55377574176 6751.94416446108 8151.41858819678 8834.44961500149 6731.92023125646 7102.02435929362 7767.07795763632 7302.2684831496
3025.82633341704 2768.12210713328 4451.26386546563 4229.2877650971 4645.29331689615 2402.34260670704 2910.8632740134 3320.86208686841 3967.68194289815 4987.10838061496 4053.62492098122 4319.50517999458 2762.01918892683 3219.56907054345 4584.82551467338 4812.8084316748 4777.42085230096 4153.98904668753 4323.55467179496 1114.95515604889 2444.12561052005 2228.36823707394 2426.54589900954 1760.85916529403 1207.78723291812 3007.49064836451 3211.30814466628 0 1697.24040724937 3220.63658303758 3764.80411176996 3769.20084368026 2153.19530001345 1841.53468607029 3088.79021624972 2450.6376721172 3228.38969147159 3100.10080481264 5530.20117174773 5602.73370775374 5762.9744923954 5394.61537090458 4743.74588273866 6921.88558125602 5591.79085803466 5869.62520098175 5044.17981439996 5399.53701718953 5408.84691963084 2108.02039838328 1495.40964287382 2785.00448832672 2638.53652618265 4842.71359879975 4515.18272055517 3931.76169165935 2892.33901885654 3372.96234784796 2042.82280190916 4237.18656657929 4631.6843588483 5034.13349048275 3926.27367869332 4684.08208723972 4973.74355993551 4180.6847525256 4978.26526010818 5163.15068538581 5216.08090428053 4354.52351009844 3046.00147734698 4898.02256017671 4934.82522486866 3037.37139645451 4227.44012376284 4002.65536862718 4854.18633758532 6349.95078721087 3201.26927952023 4319.36048507184 3487.2983812688 3785.74629366523 5677.86271408529 4654.43337045445 5880.15731082086 5135.5379465057 3343.83761567454 2766.99295264733 3532.8812603879 3736.97738821096 2870.6488813507 2586.74505894957 3794.89789058942 3510.51990451557 2058.67068760402 2294.15016945273 2955.6090742857 2713.39271024303 2095.53095896959 3168.79314566287 2862.03598859274 3268.79182573623 3161.98118273971 2771.61956263842 3264.67839151118 2735.6443482295 3124.19989757378 3709.70012265143 3837.39820711898 3447.28153767574 4507.84039202809 4088.2453448882 3087.575909998 4092.37095092808 3864.6636334874 4267.68379803378 3538.09623950508 3354.19513445476 4041.65807559224 3038.40007240653 2972.37278954037 3799.50654690843 5332.09621068487 6091.28475775021 5143.44242701325 4863.19082496256 5240.46753639406 5313.36757621755 5490.73082567339 5643.91264992647 5534.77641824853 4816.11876929961 5316.66013583716 4917.82472237472 5837.43308312823 5530.48370398105 5940.27566700402 5517.3023299435 4295.7100693599 5033.38852066876 5694.62465839497 5668.44334892746 2719.37492817743 4817.22170965796 4296.94659031271 4550.89276955632 4146.45933297313 4283.9088459023 3718.28253364372 5253.62969764714 2903.55385691397 3798.84850974608 2318.67419013539 2953.38788512447 3757.07665612508 4607.80587698744 4265.12016243388 4266.512041469 2979.19871777631 2917.29755081651 4341.2987688018 4519.54090588856 4694.54470635865 5474.25794057971 5718.88319517019 4606.85630338086 4691.48164229596 5479.39321458134 5935.11794322573 6008.06749296311 5392.23979437117 5719.15640632427 6459.19886673262 5131.15484077415 5876.32963677158 5558.43952922041 7733.89455578494 5924.78902577974 7303.12433140776 8345.43288272094 7214.04879384663 5918.77309921575 8295.59370991613 7562.24173112709 7630.32600876267 8088.301737695 6100.66594725527 7014.76122188061 6817.8992365684 6740.22440279254 7843.82719085524 6553.48189896028 6987.53354195885 6371.91101632783 7693.5443717444 7050.9307896192 6553.05272373113 5514.86627217741 5984.19794124493 6933.16305880656 7579.61905375198 5731.54647542877 5011.112650899 5205.10566655471 5338.8318010591 6355.85360120889 6108.90743095687 6531.51016228253 6759.80768957224 4605.29586454551 5667.34064619377 5840.80473907492 5567.82048920401
2457.89544122609 2457.76829664637 2878.69327994491 3343.46377279611 3191.68842464298 3067.06292729706 3281.1964281341 3351.49220497378 4526.10483749548 3559.23095626007 2593.01947543785 3165.83322365535 1522.53899785851 2175.71827220346 3096.36884107821 3564.05667743935 3400.27572411415 4219.15275855236 3203.31859171079 2644.33356443547 4099.46642869532 3795.88593084671 3866.84626019706 1330.88316542062 1105.38454847171 1343.73546503767 1722.82471540201 1697.24040724937 0 2393.87238590531 4236.52274867019 2854.16362530252 3348.60045392101 3523.04910553344 4287.62754912317 3978.53616296245 4619.59143215068 4684.94930602242 4030.19850627733 4205.05648000119 5109.67220083637 5226.4950014326 3611.9593020963 5407.69128186882 4942.5448910455 5490.95847735165 4137.40558804669 5350.75929191363 4268.92843697338 3172.83390677798 2362.59920426635 3257.58729737209 3423.26598440729 5172.64439141142 5251.07131926429 4777.61708386095 4260.57507855454 4415.7388962664 3427.28026283232 4781.80143878852 4316.61035999313 4627.16165699881 2619.16017074176 3603.29710126712 4497.63826913637 3920.77798402307 4899.48976935354 4425.35309325708 4113.46873088881 3860.86130287013 1972.94196569489 4011.39003339241 4400.07102215407 2469.81780704569 3312.38207337258 3311.06100819662 4502.49930594109 5256.54354114945 2818.68763789108 3629.56608976886 2817.46783477647 3340.47152360262 4849.09785424052 3893.18314493423 4990.80404343829 4293.38153440851 2942.04435724549 2553.79619390428 3213.74003304561 3394.57287445711 2537.7155080899 2847.25745235657 3767.21050646231 3757.90832778023 2265.22625801486 2902.36972145177 3252.49903920047 3137.37549553763 2787.13562640931 3252.40295781442 3634.81430062115 3854.62384675859 3787.31435188578 3169.58199136732 3642.11477029486 3104.33165109658 3785.00330250847 4211.14592480479 3439.11325780353 3343.37030554499 4232.61148701366 3995.85722968176 2691.42155746735 3969.33558671977 4190.6145134097 4402.556075736 3933.82765255419 3218.50120397678 3942.15994094608 2927.66972180948 3019.62332087961 3958.77190552828 4855.98857082675 5828.86138109322 5004.81018621086 4541.88837379344 4475.2793208916 4628.30962663476 5618.82994937558 5014.29207366304 4808.91099938437 4924.49235962449 5300.58958984753 4493.11974022505 5770.07365637563 4944.75732468237 5468.43213361929 5088.71300035677 4220.92999231212 5151.03145010783 5345.14967049567 5376.97638082966 3441.02092408634 5447.13227304056 5407.9224291774 5533.53413290277 5607.47269275562 5841.33974358623 5071.61216971487 5617.94001391969 3748.33296279826 4536.5873737866 3379.81138526989 3629.47999030164 4850.64428710249 5433.34611450439 4837.54844936978 4937.99048196734 4233.34973750103 4410.07369552936 4716.59305007333 4858.17609808455 4975.25124993703 6099.23150896898 6597.82161019832 5328.34402042511 5677.20221588064 6469.30251263612 6206.54896057382 6685.71237789961 5981.69081447712 6377.84250354303 6894.24578906206 6018.87655630185 6327.46987349604 6305.00793020913 8484.98674129783 6823.9468051854 8084.86239833431 9023.68411459532 8053.14379605878 6863.76354487828 9053.65948111591 8188.74990459472 8615.90099757419 8987.14359515859 7088.45892983799 8024.41586659116 7653.63475742082 7627.08987753521 8498.89698725664 7500.33332592626 7623.56543882192 7371.10066407996 8665.59288219796 7912.88506172054 7308.42835362022 6512.72792307494 6650.65786219679 7547.30912312461 8564.31550096095 6994.73015919842 6294.19375297583 6633.53224157387 6079.98766446117 7482.22894597592 6792.32103187121 7685.29439904549 8069.27041311667 5961.70068017508 6705.26845100179 7067.75247161359 6725.1394037596
4434.3122352852 4248.5291572496 2899.3533761858 1287.1965661856 2744.31230001252 2465.51211718783 2154.21099245176 1684.67355888314 3203.12347560939 4889.91308716218 1855.22909636519 4309.07472666697 3538.18456273835 4161.50513636593 3877.57978641317 4828.36670106983 4338.92267734745 2380.78243441101 4750.85518617438 3470.32059037778 5196.51325409644 5075.73886247116 5032.70553479935 1550.20159979275 3251.34587517231 2108.90967089631 1464.58185158768 3220.63658303758 2393.87238590531 0 2858.97708979978 649.519052838329 3378.79416360334 4625.87829498356 3982.85387630528 4374.71427638423 4588.02789878178 5220.93143031011 4985.2908641322 4486.15927046733 3715.08748214628 3761.23317543595 4469.40991630886 5969.50584219498 3765.05312047519 3867.81592116274 2495.74638134567 3564.75805630621 4812.28895641149 3092.93549884248 2737.47146103845 2508.73474086042 3132.39125908626 3516.65679303511 4216.26315592374 4057.55468231791 4457.64792239136 4036.93881548879 3968.07573012411 3576.83519329588 2671.14207783862 3151.19025131775 1798.78431169498 2259.0097388015 2770.49183359201 2195.02277892508 3602.51648157229 3310.68346418077 3915.99284984025 2531.18055460293 1984.47096224661 2989.66971419921 2949.57624075053 3745.08010595234 4050.77153144929 3786.98428832231 3333.63540297976 4564.74259953395 3830.55152686921 3587.04265377483 2172.84375876408 2526.23732060153 4016.9173504069 4412.05734323569 4754.60303285143 3680.86267062492 3986.38307241038 3461.75533508652 3604.33766453699 3561.24978062477 3182.86427608844 3443.65358304229 4129.01319930077 4383.63433694007 2987.5784508528 2833.83573977039 2527.47403547494 3973.03410506379 3272.04064766928 3838.78235903001 3395.40130176096 3457.23878261251 3279.57695442568 4248.16136699161 3994.13632716761 3300.94683386449 3594.17932218191 3552.72782520699 3996.32643811789 4193.29822454831 4382.99269905849 4308.85715706613 2400.1302048014 4089.62100933571 4535.20947697017 4460.17096084892 3548.67933180782 3294.40814107785 3850.64929589803 2505.36923426468 2839.45417290014 3928.58116881909 4507.35510027777 5325.29341914603 4708.7684164758 3967.13057511345 4114.00048614484 4748.35497830565 5216.85968758984 4766.4189912344 4533.62437791222 4784.08820988911 4858.17609808455 4541.20028186382 5327.58153386694 4880.70179379974 4899.6811120725 4867.30161383081 3510.78694881931 4802.34317807464 4602.03759219761 4875.32050228495 3739.98663099215 5391.02263026228 5298.93857295968 5716.69703587657 5967.04491352294 6515.89402921809 5226.67437286847 5323.82616169987 4549.79395137846 4466.68221390329 3895.02888307648 4104.26607324623 5202.70362407854 5041.51514923837 4681.74646900064 4505.06659218263 4767.40233250772 5270.49570723665 4126.9692269267 4153.76335387562 4635.05663395821 5825.37552437609 6331.91321797764 4638.49382881987 5297.40502510427 6275.04980059919 5520.69968391689 6116.93346375453 5443.45937800586 5447.13227304056 5946.5326031226 5502.84017576378 5807.64582253429 5602.78948381964 7586.04804888553 5954.46261219264 7449.53857631464 8204.49571881173 7314.71120414197 6317.1888526464 8114.60873979763 7440.76608959051 7906.44515569418 8283.90759243487 6691.0854874228 7515.44243541257 6914.02560018402 7176.7419488233 7535.12607724648 7147.94550902565 7072.34932677961 6822.1147747601 7825.95840776068 7020.55019211458 6390.22691302899 6025.67423613325 5509.82077748451 6636.3581880426 8097.26033915176 6468.62620654494 6395.21305352683 6710.11363540142 4998.56229329994 7197.00458524239 5441.39228506822 7024.46617188808 7966.33541849701 5764.65523687237 5996.56151473492 6896.55711206686 6325.79046444
6042.91941035126 5601.67385698239 5577.07360539558 3265.44407393543 5312.13234021894 1480.28713430875 1133.85404704486 1206.49285120137 392.109678533953 7375.55082688744 4607.67023559629 6420.32904141213 5587.4860178796 6153.60666601303 6375.19607541603 7090.35436349975 6717.23529437521 1110.46161572564 6876.09082255317 3112.97687109943 4375.92847290721 4559.94791636922 4497.01289746872 3015.06633426198 4525.3452906933 4683.08125062976 4209.06759270982 3764.80411176996 4236.52274867019 2858.97708979978 0 3100.50399128916 2203.12278368683 3987.32366381261 1961.34520164096 2993.63908980358 2620.83002119558 3731.70537422235 7560.62993407295 6881.54234165568 4584.82551467338 3486.49178975084 6546.5162491206 8572.99539251013 4706.04664235279 3982.93233685936 4089.16250594177 2691.88595597956 6874.72726731759 1967.5492369951 2626.07121000174 1622.11281975083 2097.17071312757 1371.35881519025 1872.33143433528 1990.60292373944 2907.85573920028 2136.1472327534 3063.80074417381 1464.15504643463 2854.16362530252 3548.7673916446 4332.79644109898 4303.70479935602 3285.85985702373 2322.31027212128 3263.52953104457 4520.024889312 5858.43409112025 3347.85379011689 4048.22491964071 4557.06868502111 3693.06783040875 5220.45256658846 5843.05142883408 5268.18279865078 3745.41386231215 6360.27711660428 5070.07149850966 4970.47532938249 3619.21952912503 3460.22036870486 5374.65115147021 5972.75062261936 6310.20998065833 5158.60930871878 5250 4518.71109941762 4606.38144317207 4521.20006193046 4312.55434748363 3882.49275594946 4696.14203362718 4723.4785910386 3633.61046343716 2477.27168473706 2080.11417955842 4301.30794061527 3222.5766088644 4412.19899823206 2387.72904660474 2578.03219529935 2203.83189014044 4709.63108958653 4045.75394704127 3376.57370717714 2803.01177307553 2502.12409764184 5121.82828685226 5064.58290484024 5170.16682516145 4921.50891495688 3462.20666627514 4671.85723240769 4577.45835590014 4591.90864456165 3027.06541059158 3969.49304067912 4316.97231865112 3055.01636656827 3203.31859171079 4029.11280556899 5384.35232873927 5703.06934904355 5037.7326249018 4536.31182790601 5486.68843657082 6092.87493717047 4977.51192866476 5908.57427811481 5835.55909917807 4795.96184305088 4875.25640351356 5492.60866983986 5398.66881740305 6011.34344385679 5642.52824538788 5692.59387274378 3614.81327318577 4653.35900183942 5068.40704758408 5339.12446005897 3356.52349909843 4558.71418274934 3579.80446393375 4529.14175092809 4253.01363741054 4999.5624808577 3487.56720365357 4741.37374607824 4319.50517999458 3538.7144558441 3306.81115275729 3862.80338614328 4103.27613011847 3509.36247771586 3918.38614738262 3271.94514012689 3756.74393591046 4281.13594738593 3358.66416898147 3342.34199327358 4220.92999231212 4760.90852674151 4784.5454329539 2948.19860253681 3442.20133054416 4607.4667660223 4766.87790907214 4635.79820527167 4197.17166672987 3585.56132286146 4587.2104813274 3661.1132186809 4835.41621786584 3828.18494851019 5592.90845625065 3607.1976657788 5670.59300249983 6449.32166975722 5306.71744113063 4308.20438233842 6073.55949999669 5860.99394301001 5636.76547321245 6201.76386199926 4775.13088825846 5421.31211055036 4907.13765855412 5389.86317080499 5679.18348004359 5354.02885685163 5670.26233961005 4699.33505934616 5433.74870600399 4778.79430400598 4339.21075773003 3984.03062237227 3348.41380357924 4916.42654780889 6096.97670981282 3832.18279835396 4572.33528954297 4600.61137241563 2667.74717692663 5142.0448267202 2917.83310009329 4442.05751876312 5782.62483652537 3442.56445110328 3555.1019675953 4802.99385800149 4075.30673692177
4674.79946093947 4481.8383504986 2719.94944805965 668.954408012983 2427.06097986845 2964.47718830825 2592.53736713668 1986.51705253189 3416.41259217911 4919.66716353861 1635.54272337961 4287.91907572893 3811.57775730733 4392.4651393039 3795.22726592229 4815.21027578236 4262.1150852599 2398.6975632622 4821.43650792998 4028.18197205638 5685.3429975684 5542.2242827226 5445.75522769799 2163.61965234188 3697.04273710759 2333.85410855092 1631.52535990097 3769.20084368026 2854.16362530252 649.519052838329 3100.50399128916 0 3910.6425303267 5142.28791492658 4430.43451593633 4872.49935864542 5030.5939013202 5665.13459681233 4907.77444469487 4225.9614290715 3203.51369592827 3423.813663154 4363.62807764365 5753.85740177839 3292.60535138969 3417.87580230763 1907.38695602125 3289.66183672425 4606.6527978566 3531.02322280667 3162.37647980123 2751.47687615215 3408.07863759039 3512.12186576719 4330.41568443493 4234.45687190223 4838.77567159297 4313.35136523794 4386.48492531321 3657.27015682462 2334.92505233037 2748.97708247995 1513.68755032206 1724.45643609805 2327.82086939696 1956.08026420186 3335.22862784547 2849.34202931133 3572.37665987225 2179.44947177034 1982.73800588984 2532.04462835867 2512.34452255259 3862.80338614328 3961.45490949979 3687.90252040371 2992.69945032908 4075.53677446297 3908.80416495889 3378.23918632177 2008.26417584938 2324.86558751253 3559.66992851865 4264.46069274885 4388.97767139456 3289.85182037125 4054.39576262604 3588.26211417171 3579.19334487535 3485.23672079817 3264.39121430015 3613.25684113377 4116.20274039071 4464.65284204718 3233.99907235608 3109.0593432741 2669.50369919204 4163.15685508005 3555.36566333197 3921.49525053901 3623.96536959171 3589.13290364121 3446.91891404483 4451.12345369121 4093.74522900485 3452.62581233472 3755.16311230285 3615.59123795819 3953.9537174833 4256.53908709881 4249.26464226459 4256.83274277954 2380.38862373353 4008.97430772511 4576.98044566502 4408.08915517824 3596.35231866957 3283.48138414092 3755.24633013601 2530.316185776 2902.04669156097 3911.28175921909 4213.14905978889 5019.27534610326 4502.42989950982 3702.19529468665 3773.17836843158 4500 5044.92319069379 4445.85481094468 4198.28834169355 4670.31851162209 4654.03051128804 4341.2987688018 5086.13310875758 4603.87065413441 4543.95202439462 4592.52109412684 3340.84570131576 4656.91689854994 4260.06161927266 4580.73411147165 3953.08423892029 5414.90997155077 5501.64748052799 5867.38868663054 6310.40806921391 6902.53576593414 5548.76112298953 5236.05290271212 4788.65847602437 4581.82550955403 4211.36854240994 4290.90608147044 5429.20344065315 5126.88989544344 4716.26176118332 4562.20889482277 5083.67485191569 5669.32535668928 4084.72765310002 4082.66150935882 4552.81506323286 5804.03954156069 6384.25798350912 4694.01214314578 5438.00285031187 6378.13648333116 5344.97427496148 6078.03422168714 5402.3721641516 5416.23716245882 5792.50593439489 5583.96140745976 5700.93194135836 5609.42287584026 7517.2302079955 6022.97683874013 7405.48782998122 8090.92856228505 7296.36039405949 6386.11775650904 8035.39046966605 7327.81515869498 7942.76400253715 8268.38859754426 6768.95486762912 7574.62870377156 6906.74489177065 7193.31286682291 7423.19001508112 7195.39783472742 6986.50484863497 6897.87104837427 7861.53610943816 7023.79882969323 6362.92974973007 6133.15783263402 5484.18179859129 6534.57152382618 8131.03621932654 6727.27656633797 6632.35440850382 7012.75623417783 5047.64796712291 7324.95733775972 5458.53689187863 7187.74999565233 8167.73377382001 6084.25221370712 6135.60306734391 7084.62243171787 6501.44214770846
5038.16682931401 4649.32790841859 5699.01307245386 4318.34748486038 5684.29854951339 1037.42469606232 1657.36990439672 2379.73212778245 2328.35779037501 6847.627326308 4943.49319813429 6038.88441684389 4713.6769087412 5239.81154241257 6181.27211826174 6633.67356748883 6454.35899218505 3065.43226968074 6235.53325706791 1156.77353012593 2520.41663222571 2786.01417799695 2960.67982058175 2408.7081599895 3273.9502134272 4351.29291130809 4193.00011924636 2153.19530001345 3348.60045392101 3378.79416360334 2203.12278368683 3910.6425303267 0 2024.53698410279 1020.11028815516 1173.93568818739 1458.16665714177 2238.7217334899 7263.306753814 7012.53342238025 5869.89139592889 4981.77930061138 6342.36746018393 8536.46589637656 5834.22017068263 5557.53992338337 5256.18683077381 4561.66088174033 6878.45367797153 970.180395596613 1712.81931329606 2092.54629578416 2006.39602272333 3445.37733782528 3078.25031470802 2661.06181814703 1886.96184381137 2116.74868607494 1725 2948.72853955735 4299.56393137723 4892.97966478505 4753.22259104284 5176.93200650733 4747.69681003326 3755.74559841318 4603.59913545912 5523.75551595108 6277.63888735247 4424.71750510696 4097.02636066697 5419.00590514533 4940.77423082658 4654.36622968154 5683.85872449342 5232.82906275372 4867.30161383081 7151.0925738659 4625.27026237387 5260.76277739265 4085.3396431631 4132.87127793741 6250.84994220786 5956.61397104093 6830.81254317523 5845.29725505898 4797.78594770546 4064.01894680623 4544.5021729558 4618.57662056179 4036.4743279253 3457.78108040402 4630.73968173552 4383.06399679494 3075.20324531567 2228.92911506849 2603.48324365647 3687.98725594327 2597.35442325455 4114.15240359421 2355.04777021614 2871.6284578615 2561.85967609469 3958.92977962479 3827.61348623395 3184.14038635234 2860.17919019071 3154.46112672196 4995.81074501427 4669.98394001521 5343.74634502799 4926.33230710231 3709.19465652586 4813.39277433288 4443.18298070201 4754.80020610751 3404.50069760604 4055.01233043748 4596.60200582996 3375.74065947016 3360.24552674354 4204.61056460643 5968.45876252823 6459.58590004034 5570.79437782441 5243.74627532645 6048.03687158073 6362.24213622839 5601.95278452077 6440.88503235386 6371.42056373616 5161.75842131342 5530.65321639316 5776.56905091595 6090.30992643232 6415.02143410293 6426.36172340151 6203.67834433733 4377.85621052131 5202.76368865625 5971.80877121832 6065.57911497328 2948.5165761786 4725.52907090836 3459.94942159564 4285.80505856251 3327.44271175328 3745.74758893335 2769.81497577004 5223.68404480975 3539.50914676032 3573.33877487148 2458.91236118736 3398.7129917073 3559.23095626007 3892.38037709574 4146.53469779284 3727.18056981413 2826.10597819685 2869.12443090222 4034.92564987262 4149.8493948576 4716.72555911408 5169.01828203383 5090.49359099881 3695.01353177495 3723.74139811024 4767.20568047992 5654.36778075144 5335.31864090609 4865.43934295763 4666.77083217079 5732.25522809304 4178.06773520966 5540.19403992315 4626.68888083044 6621.79167597411 4522.78951533232 6428.50099167761 7432.95028908441 6137.28360107304 4860.87697848855 7138.14576763462 6786.65970857535 6359.49093874659 6977.3293601492 5161.69787957412 5930.06112953315 5735.3073152186 5908.09825578417 6805.6502260989 5740.04573152514 6394.38230011312 5234.73972609909 6284.15666577465 5746.79258369397 5382.26253540275 4423.37540798879 4670.71996591532 5998.64568048489 6596.0689050373 3990.84890718754 4182.25417687639 4050.54008744513 3913.837630766 5332.74085250727 4470.45858945142 4937.67404756531 5658.51128831604 3071.84797800933 4187.48134324202 4769.56496968015 4293.96378652638
4245.65954829164 3829.3276172195 6136.97808371514 5512.99600943081 6240.5929205485 2866.1821295933 3507.58107532812 4101.44791506609 4032.83399112832 6610.50300657976 5703.56248322046 5728.16506396245 4407.80557647453 4723.67706347502 6211.83346525001 6282.66464169464 6322.57858788643 4695.01064961518 5745.70491758844 1251.748776712 658.596993615974 856.227189477185 1287.1965661856 3321.99111979548 2816.46942110153 4803.77455757449 4936.21818804639 1841.53468607029 3523.04910553344 4625.87829498356 3987.32366381261 5142.28791492658 2024.53698410279 0 2510.60251732527 1319.32748019588 2191.74587943037 1481.76415127374 7168.81266319605 7114.90512937453 6660.18956186684 5885.62868349678 6095.95152539782 8531.48580260203 6486.37996111853 6525.23945920761 6233.87920960937 5818.6123775347 6721.2814998332 2070.62792408487 2088.65985742054 3157.92653492763 2651.53257570033 4986.79506296379 4169.90707330511 3514.79017865932 1825.34243362718 2790.27328410677 1292.52659547106 4182.25417687639 5367.61120052487 5785.65035238045 5471.00310729212 6023.96256628475 5814.26048608075 4947.41093906702 5419.12123872497 6168.72150449346 6498.36517902772 5255.29494890629 4505.76020223003 6047.57182677478 5807.64582253429 4179.93720048519 5444.72221513642 5064.21267325929 5555.34652384529 7573.84479640295 4160.1532423698 5340.2364179875 4626.95904455615 4705.38255617968 6710.29991878157 5703.94600254946 6941.45157729995 6213.79513662947 4291.70711955045 3690.86710679212 4361.33580454429 4548.48876001689 3857.70333229501 3143.64438192363 4305.8100283222 3803.61669993179 2896.65755656412 2654.83050306418 3424.26999519606 3053.07222318765 2420.48548849193 3714.33035687457 2779.38842193746 3284.62326606873 3182.47152383175 3128.99744327157 3477.33734342816 3134.4856037315 3075.4064771994 3727.34825311507 4682.08020008201 4110.20072502548 5140.22129873802 4609.2298705966 4088.78038050468 4642.60164132138 3991.0055123991 4529.00375358643 3690.10501205589 4062.71153295431 4581.07520130373 3826.30696625349 3626.12051647487 4125.53026894725 6063.31180131782 6552.95734764083 5568.99901238993 5506.18969887526 6239.0904785874 6234.02959569491 5603.84912359353 6488.35495329903 6474.66215334823 5025.55967032529 5602.06435164752 5639.92464488667 6122.14219044282 6343.0079615274 6619.52604043522 6185.21422426095 4791.72463733049 5209.96641064028 6283.2117583287 6195.56292841901 2705.78084847979 4425.84737649187 3349.06703426492 3721.81071522989 2628.8067635336 2577.42604161594 2465.3853654145 5129.38836509773 2643.26975543549 3453.80225259061 1993.42669792496 2903.66148164692 2888.87954058317 4025.31054702615 4037.32584763727 3938.67046095507 2023.14730061852 1463.94159719574 4356.96281829441 4553.57002801099 4741.43965478841 5017.34491539101 4922.46127460643 4189.64497302576 3890.53338245542 4557.96007003133 5859.8741454062 5454.64251807577 5004.37308761048 5257.8512721453 6176.46743697399 4413.04883272325 5595.75732139985 4983.34726865387 7008.69995077546 5166.78091271538 6538.49179857251 7660.93989011792 6400.48826262497 5052.28908515734 7539.43797640116 6969.84576586885 6626.69789563399 7157.55719502122 5148.60417977533 5989.00033394556 6033.9663572148 5869.99787052772 7225.86500012282 5614.43452183744 6404.73457685797 5405.20582401818 6723.60580343613 6245.2481936269 5904.34162290767 4614.5151424608 5522.51075146079 6411.31811720492 6548.80714328953 4539.3419126565 3708.77338213054 3701.09781010986 4864.47581965416 5203.42435325046 5673.29269472323 5409.0780175553 5344.97427496148 3323.77797092405 4749.86841923016 4583.53029879808 4455.54429896057
5853.63135156289 5395.65797655856 6445.20170359315 4740.38500546105 6345.32308082102 1551.00773692461 1971.35740037163 2638.89181286388 1921.75050409776 7724.02906519648 5637.92958451948 6790.34240668319 5621.99919957305 6126.98947281616 6972.89394727899 7434.46366592776 7234.68209391401 2998.124413696 7055.93721627397 2038.07507221888 2805.90894364019 3186.88719599549 3281.1964281341 3286.90583984391 4180.9837359167 5216.14081481702 4984.53859449398 3088.79021624972 4287.62754912317 3982.85387630528 1961.34520164096 4430.43451593633 1020.11028815516 2510.60251732527 0 1245.99357943771 776.611228350453 2050.91443019937 8098.22511418397 7698.29526583646 6030.23631377743 4895.27833733691 7037.40008810072 9313.46471513153 6030.33995724951 5531.10522409401 5589.33135535907 4350.64650368195 7516.14928005026 1331.58739855858 2334.12189056184 2241.23291962259 2087.7619596113 3028.40717209559 2454.33290325498 2142.86607140997 1644.30836524053 1663.95612922937 1991.23077517399 2518.0597689491 4374.42853410591 4982.78285699869 5387.83351635887 5636.48826841678 4861.32697933394 3869.91601976064 4533.90008712146 5802.47791895842 6802.98647654102 4654.97046177524 4760.90852674151 5793.74662890948 5111.56776341662 5333.73696389314 6311.15084592343 5770.01949736741 4982.59470557259 7567.94225665075 5216.44035717845 5707.34176302769 4547.59551851305 4459.11986831482 6566.20133715073 6491.38852634781 7244.0061430123 6225.4015934717 5389.51528432752 4639.03276556655 4996.81148333615 5026.24362720312 4591.70447655334 3898.7978916584 4963.68059004606 4710.42726299855 3641.59992311072 2552.44980362004 2778.93864631805 4109.8205556934 3013.61493890643 4520.71620431984 2372.89380293346 2853.61612695191 2516.94258973064 4430.43451593633 4081.51319978265 3502.23143153047 2885.74080610162 3028.81990220614 5473.23030759715 5148.96834327033 5664.03124991379 5245.53381458932 4161.12965431264 5106.42977039732 4639.36956924106 4918.71426289432 3443.65358304229 4424.08182564473 4847.48646207496 3729.10847254407 3692.98321144302 4390.68616505439 6224.19673532256 6546.5162491206 5703.56248322046 5429.20344065315 6423.63798793176 6778.91953042666 5557.09006585281 6759.29915005986 6729.08797683609 5242.43502582531 5561.81175517475 6106.19562411818 6111.15782810426 6753.1936889149 6606.53085968725 6451.45332463934 4483.85994428907 5211.58565121979 6078.90820789391 6191.57693968185 3161.19044032466 4565.90626272594 2993.63908980358 4038.409340322 2899.7844747498 3460.67190007952 2328.89458756724 5099.87744950798 3803.78101367573 3464.37223750566 2704.04789158772 3623.62042714189 3417.96723214252 3489.44838047506 4043.28146435541 3464.64283873533 2824.66812209859 2939.60031296773 3912.32028341239 3997.57739137093 4674.46521005344 4882.6862483678 4622.22889956783 3246.92161901084 3178.14804563916 4264.7538029762 5422.52247574872 4869.16317245582 4512.82893537967 4086.63981774758 5281.27588751052 3619.13318351232 5251.4878844 4076.99337747807 5909.42044535672 3734.30046996757 5809.1522617332 6789.92820286047 5434.66880315627 4197.46947576751 6395.01759184445 6225.4015934717 5549.43690837188 6229.16527313251 4531.28017231334 5203.48440950869 5044.48956783538 5307.89506301698 6137.48727086256 5146.47937914843 5918.82589708466 4510.3353533856 5425.74879624923 4961.85449202211 4688.08329704155 3759.23861972075 3983.4030677299 5407.46012467961 5896.7151872886 3023.86342284171 3645.63094676354 3370.27446953509 3205.07410210747 4642.33238792743 3677.7200817898 4011.23422402632 4921.44541776092 2242.34809964912 3346.73348206875 4075.61345075806 3527.21561575133
5175.66420858232 4718.91142108008 6429.47315104434 5217.1591886773 6424.61088315861 2127.93914386667 2734.27321239118 3402.02145789823 2984.64822047758 7329.94713487076 5790.83327337267 6395.99484052325 5141.19392748416 5562.59831373792 6740.27076607461 7010.43864533454 6928.06791248469 3884.42402422805 6547.99587660224 1376.13589445229 1575 2005.30546301555 2200.28407256881 3317.19007595284 3576.04879720621 5120.36375660948 5063.16353676237 2450.6376721172 3978.53616296245 4374.71427638423 2993.63908980358 4872.49935864542 1173.93568818739 1319.32748019588 1245.99357943771 0 904.502625756277 1096.01551083915 7799.75961168035 7556.37148372154 6419.20945288437 5410.75318232129 6700.93277089093 9098.385845852 6329.49445058608 6076.8515696864 6007.75540447512 5108.63240016347 7253.96443332885 1412.66591945867 2070.17511336602 2617.36986304955 2188.89241398475 4014.81630962115 3205.65905860246 2660.23965085855 1169.93589567976 1952.24230053546 1250 3292.89006801017 4911.78429900988 5430.75731367182 5538.38875486364 5934.85467387366 5396.75828623073 4446.48737769489 4981.08923830923 6063.31180131782 6767.6159022214 5005.12237612628 4716.06297667875 6010.40764008565 5518.43501366103 4849.09785424052 5988.58288746177 5501.42027116635 5303.89008181731 7691.96008829999 4760.90852674151 5598.77218682811 4644.1495453958 4620.20021211202 6728.48422752108 6196.01686569686 7196.04926331108 6308.57551274454 4918.01535174505 4214.63224967493 4723.41243170655 4828.36670106983 4271.85556871952 3506.15530175148 4648.18512970385 4249.7794060398 3263.62528486344 2482.43831746128 3041.38126514911 3568.00014013453 2623.3328038966 4126.36341104368 2396.48179630057 2941.6194519346 2715.23479647709 3793.58010327975 3732.12406010304 3260.84728253256 2836.37092073657 3273.56838938795 5138.70119777362 4675.13368792808 5440.7030795661 4948.0425422585 4154.81648210845 4891.38272884059 4277.11935769859 4702.52591699397 3482.63549628726 4255.58456619064 4721.03007827741 3774.08929412117 3638.42342230807 4227.95754472535 6198.23563604999 6577.3759965506 5647.6211806388 5498.29519032945 6416.2391632482 6592.8939017703 5548.98639392817 6698.92715291038 6686.03956015817 5111.07865327858 5572.81347256482 5927.95285068969 6116.47365726364 6621.41412388623 6666.61458312988 6370.34143511947 4632.7637539594 5181.27638714632 6216.96268285406 6223.99590295495 2809.47059069854 4372.07044773983 2873.47785792757 3669.2982980401 2313.81719243332 2614.14421943396 1942.61421800624 5041.70110181078 3140.6607585029 3300.28407868171 2154.50110234365 3170.27207034349 2913.76045686669 3565.63458587668 3923.7259078585 3552.28799508148 2139.80139265307 1919.96093710263 4053.85618886512 4202.75207453402 4648.991826192 4820.8531402647 4576.84389071771 3563.00435026397 3290.23175475528 4180.9837359167 5581.5544429845 5017.095773453 4632.83120780371 4541.81956929159 5641.0881042579 3810.59378575046 5329.69276788072 4369.42501938184 6306.04868360529 4266.43879599837 6008.84764326738 7087.35670049138 5739.82795909424 4409.22328760974 6814.23143135013 6468.81944407169 5875.69144867223 6503.84501660364 4612.48306229952 5370.63776473521 5361.14493368721 5395.25254274533 6550.47708186205 5170.22726773205 6029.92537267253 4730.28804619761 5870.58344630242 5426.09435966608 5143.26015286025 3950.55375865207 4637.34838027078 5785.16421547392 6008.43157571092 3473.29094663836 3338.13196264018 3121.49803780172 3912.16052840371 4656.04445855063 4587.82355807195 4447.75224130122 4815.14537682924 2364.45025323012 3817.47626056797 4019.40605064977 3700.1689150632
5912.11679519273 5418.48687365763 6873.95446595335 5315.2492886035 6789.42191942731 2207.65712917563 2688.05226883705 3329.88363160036 2515.94912508183 7988.82031341299 6143.84854956566 6985.56547460547 5845.83184841986 6291.11476608081 7290.7904235412 7638.92171710118 7500.74996250375 3611.52668548912 7219.11525049988 2143.15771701478 2320.29093003442 2776.35102247536 2864.98254793987 3777.31716963244 4328.53901449438 5648.67241039875 5487.71354937555 3228.38969147159 4619.59143215068 4588.02789878178 2620.83002119558 5030.5939013202 1458.16665714177 2191.74587943037 776.611228350453 904.502625756277 0 1368.6215693171 8400.78121367293 8017.20805517731 6402.09926508485 5213.62397953669 7237.79144490914 9638.72398193869 6362.04566157773 5903.38885725818 6078.5483464393 4771.53015289645 7731.63145784898 1625.1922963145 2535.49797870162 2617.01165454035 2246.52509445143 3515.94581869516 2630.94564748115 2213.31199788914 1208.56319652718 1609.93012270719 1776.40789234905 2844.95166918526 4804.68521341409 5357.23809439155 5860.51405595106 6114.17410612423 5309.95527288131 4351.79560641352 4816.44318974074 6155.94225119112 7100.35210394527 5043.00257783 5122.31637054956 6171.55774501057 5503.63516232681 5434.66880315627 6482.57279172398 5925.4746645311 5285.17975096401 7908.34211450162 5287.07149563915 5913.70230904465 4894.00143032264 4774.60731369607 6874.27268880134 6628.06532858571 7469.68874853564 6518.33951248322 5450.3440258391 4721.09627099469 5103.06280580594 5154.85208323187 4726.58703506029 3929.85368684382 4975.3140604388 4629.38980860329 3749.74999166611 2725.91727680794 3086.76610710951 4039.18308572414 3039.94243366548 4527.83060637211 2437.98072182698 2933.00187521249 2660.00469924397 4329.18872307503 4030.27604513636 3559.66992851865 2899.67670611743 3147.51886412139 5554.33389345653 5145.75067409994 5724.56330212183 5259.39635319492 4436.2850449447 5158.00348972352 4541.26909574846 4893.17126207534 3518.96646758675 4551.16743264846 4932.29155667018 3985.20702097143 3874.59675321187 4415.7388962664 6373.87244930427 6632.02457775904 5761.29325759417 5602.06435164752 6654.69758892168 6917.50496927902 5537.20371667866 6922.33703311244 6926.30854062971 5219.9137923916 5602.39903969719 6200.20160962529 6139.87988481859 6881.22445499346 6767.70825316813 6559.77324303211 4666.43600620431 5211.76553578535 6249.69999279965 6302.67800224635 3093.13756564431 4348.92228028968 2604.5633031278 3642.88690464033 2206.94925179534 2722.47589521009 1758.72823369616 4996.81148333615 3570.80173070418 3308.51175001692 2546.81173234301 3494.99642346026 3014.65172117776 3294.21842020228 3917.1099039981 3377.9616634888 2421.38906415305 2396.48179630057 3953.08423892029 4063.09611011111 4647.98343370542 4668.51154009498 4289.88636213129 3197.7531174248 2900.43100245464 3878.30504215437 5397.51100045197 4677.80664414424 4381.92309380254 4043.04959158307 5253.21330235124 3392.08637861715 5132.61629191195 3932.7153469327 5724.34494068972 3595.22252440652 5545.7754191817 6581.69810915086 5187.96684646307 3906.64498003082 6204.98791296164 6035.31275080256 5238.97652218446 5928.16371231429 4169.00767569454 4834.96380544881 4814.43143060528 4975.5024871866 5996.09247760573 4772.1195500532 5693.69168466295 4179.86243792783 5168.71599142379 4773.69092003242 4560.15350618814 3450.1811546642 4015.98369020593 5294.92681724686 5510.50133835389 2658.59455351883 3064.92251125538 2701.96687618483 3270.41664012401 4183.52423203213 3840.41013434763 3685.52913433065 4338.49052090701 1687.0832818803 3114.28161860805 3555.62933951221 3116.98973370141
5422.98349619469 4899.29841916167 7054.29833505785 5933.48548494053 7029.44699105129 3098.89093063954 3673.55413734438 4268.63561340155 3633.61046343716 7801.08165577056 6507.9758758004 6725.04646824094 5646.29303171559 5967.51623374415 7237.48920551872 7364.35672682957 7348.85195115536 4567.8222382225 6874.95454530428 2204.82425603493 1233.64297914753 1724.09396495667 1791.29841176729 4200.89276225899 4082.66150935882 5852.18976110652 5845.3507165952 3100.10080481264 4684.94930602242 5220.93143031011 3731.70537422235 5665.13459681233 2238.7217334899 1481.76415127374 2050.91443019937 1096.01551083915 1368.6215693171 0 8282.73807384973 7984.90763878957 6769.69349380014 5673.73333881669 6999.73213773213 9558.40598635567 6637.29990282193 6400.63473414942 6565.58260933483 5497.10150897725 7533.01068630597 2163.47521363199 2652.94647514796 3162.77172745679 2546.81173234301 4506.24566573994 3388.76821278765 2783.9944324657 1026.52325838239 2077.55866343167 1426.97231928303 3635.50202860623 5361.2615119951 5795.52629189101 6190.21405122634 6517.76418720407 5862.913098452 4984.85205397312 5215.72142661013 6426.70210916921 7117.6277649228 5432.65588823735 5265.33474719319 6433.79747893886 5920.5679626198 5078.26249813851 6238.4393080321 5709.36730295048 5585.58412343776 8043.86412117957 4914.64647762176 5835.55909917807 5100.67397507427 4997.12417296189 7026.28991716112 6357.13182182028 7404.85482639599 6615.27588238011 5052.53649170394 4404.61405800781 4868.97063043104 4982.53198685167 4516.4975368088 3628.4466373367 4634.71951686399 4132.26632733177 3554.22284050958 2864.21891621433 3473.65081722386 3543.74448853187 2828.97949798156 4160.00300480661 2591.93460565655 3070.11807590522 2947.66857024327 3731.78911515643 3666.91287052201 3400.09191052242 2899.7844747498 3400.55142587199 5242.73306587318 4692.08109478086 5454.01228454795 4919.41307474784 4543.53936925829 4907.20134088668 4096.9500851243 4590.88771372161 3559.66992851865 4425.07062090539 4776.832109254 4132.0394480208 3907.76470632509 4214.92882502184 6285.84719827009 6531.31877954215 5601.61806980804 5620.72059437222 6638.19440812033 6703.26413025774 5369.82308833354 6808.22113330641 6851.77896607881 4967.20494845945 5486.2327693965 5971.4424555546 5994.99791492874 6692.67323272248 6738.41598597178 6396.97193991032 4786.04742976916 5051.54679281505 6296.9734793788 6229.2154401658 2801.45051714286 3959.00871431221 2344.80809449302 3030.47026053713 1328.53302555864 1518.63425484874 1274.7548783982 4758.93895737275 2870.32228155655 3056.65258084722 2131.46076670437 3037.78290863584 2320.82959305504 3235.1584196141 3671.59706394915 3372.31374578345 1650.75740192192 1192.68604418766 4017.61745316798 4186.0631863363 4499.09713164764 4382.42227540889 3990.45736727007 3431.6541201001 2888.87954058317 3544.44988679485 5372.61575026541 4602.58079776988 4316.46556803133 4355.52809656877 5418.77523062177 3430.47008440534 5000.31249023499 4058.70977035806 5881.6451780093 4013.88216070178 5475.97023366636 6600.80487516485 5252.43990922314 3919.34305719721 6375.83327887422 6012.12316906432 5332.56504882969 5933.48548494053 4008.27269531403 4747.23603794882 4907.71076979889 4789.96346541391 6168.062904997 4517.05102915608 5533.64707945854 4185.31659495432 5412.83197596231 5046.90499217094 4832.76577127425 3469.23983027983 4556.17712561748 5454.41335067301 5333.03384575797 3147.61814710743 2487.59421932115 2263.29405955126 3918.70514328394 3939.38446968559 4693.81241636263 4021.34927605151 3965.23958923039 1921.09994534381 3504.55061313145 3263.91252946521 3144.24076686249
3324.7180331571 3764.72110520819 2233.13120975907 4989.36368688433 2750.79533953364 6806.01755801438 6826.877031264 6543.31720154235 7830.58905830206 831.038506929733 3321.70889754054 1885.47076349648 2844.84182337085 2640.31248150669 1218.60576069539 1296.14813968157 1121.10436623893 7049.55672365291 1827.90864104309 6548.66398588292 7600.20558932454 7106.95082296198 6992.13844256534 5064.70630935299 4397.93985861562 3158.02549071409 3618.09687543051 5530.20117174773 4030.19850627733 4985.2908641322 7560.62993407295 4907.77444469487 7263.306753814 7168.81266319605 8098.22511418397 7799.75961168035 8400.78121367293 8282.73807384973 0 1707.33710789639 5649.66813184633 6775.78408746914 2019.59154286207 1501.87382958756 5380.17193033829 6649.29507541965 4909.74795687111 7398.5218118216 2267.43246867465 6838.26549645449 5884.46046804633 6411.4643413186 6631.27061731008 8018.18246237887 8294.80258957379 7891.17386704919 7755.32075416614 7735.8742233829 6925.22562809328 7734.54103357142 6111.10669191759 5959.28896765378 3488.9110048839 4194.19241332584 5959.55115759568 6083.58446970205 6619.10114743686 4907.01029140963 3152.47918311922 5336.3142711051 3586.08421540822 4383.34917614374 5574.32731367651 3488.9110048839 2831.4086600136 3565.89750273336 5767.14834211849 4062.17306376772 3893.90549448751 3960.27145534242 4384.13332370264 4931.91139417569 4639.10012825763 3383.32307059199 3996.32643811789 4210.7748693085 3832.8351125505 4253.45447842104 4375 4495.06674032767 4207.43389728229 5133.89472038529 5047.95750774509 5376.51141540683 4926.07856210191 6004.26931441287 6095.5926701183 5318.42316857168 5734.38096048737 4964.68780488763 6676.59157055454 6600.04734831501 6710.53276573477 5176.02646824763 5698.02597396677 5576.90550395109 6543.60374717174 6834.74578898148 4140.65212255268 4518.08864454871 4855.15190287595 5033.07808403565 4635.8656149634 5088.52876576324 5864.83162588663 5798.7067523716 6317.2383206588 4892.46870199493 5261.95068391942 5181.81917862829 5300.05896193618 5697.53236059261 5036.18158925986 6164.05913339579 5801.34682638437 5401.73583211915 4229.13998349546 4070.78002353357 6791.26276917629 4668.0429518161 4370.71218453011 6150.45730007127 6328.21064756855 4698.47049581031 6506.82334169293 4591.63641853316 5533.42118404157 5153.88203202208 5838.55718478461 6443.64997497536 5878.61590852813 5831.54139143331 6153.7082316275 7425.88378578604 8350.18712365178 7994.52937951947 8886.15496151176 9100.34340011408 8372.35032711843 7190.35812738142 6215.5048065302 7026.06753454591 6459.73103155232 6079.11383344645 7580.64970830337 8028.46498404272 6982.25429213231 7422.17959901268 7289.46157133708 7641.90748439158 6849.90875851642 6950.31474107468 6651.3626423463 8035.429360028 8931.61519547276 7987.09897271844 8520.74673957629 9005.65794375958 7700.40583346099 8815.25666103943 8074.2259690945 8844.87846157311 8775.85465923405 8693.49613216685 8032.5509646687 8774.85754870129 10756.5096569473 9691.68458009236 10244.6327410991 10973.9179421025 10442.970123485 9517.68091501286 11306.358830322 10076.8608703306 11258.718843634 11362.9331600604 9670.50929372388 10612.0803803967 10098.1743399488 9939.56739501272 10603.1245394931 9886.98639626858 9463.94473779301 10066.0630337784 11404.6043333384 10529.541775405 9794.4180531566 9297.34505114229 9283.52034521388 9661.10112771831 10984.7621731196 10440.6058253341 9261.85051704032 9920.1184468735 8957.05029571678 10225.1528105941 9700.16108113675 10850.4032183141 11031.3473791736 9448.11489134208 9768.22015517668 10009.5267120878 9760.89135274028
3683.23906365036 3833.48731574789 1803.29559418305 4087.32797803161 1857.92222657462 6430.15357514889 6364.45205811152 5947.68862668516 7108.48964267375 2282.67934673269 2789.48920055267 1801.38835346518 3363.87053853147 3289.94680808064 1309.58008537088 1858.76302954411 1267.62573340872 6200.50401177195 2435.41577559151 6462.58462226995 7513.19672309996 7041.21793442015 6809.91923593812 4943.30355127014 4594.22191453569 3258.16282588823 3440.65764062628 5602.73370775374 4205.05648000119 4486.15927046733 6881.54234165568 4225.9614290715 7012.53342238025 7114.90512937453 7698.29526583646 7556.37148372154 8017.20805517731 7984.90763878957 1707.33710789639 0 4138.38736707911 5434.03625309953 1444.38568256543 1887.62416810127 3857.94634488351 5217.81803055645 3636.70523963656 6184.7089664753 1159.20231193696 6416.5313838553 5507.43815217202 5715.05686760858 5985.50332052368 7068.1503945516 7404.81262423297 7081.53408521063 7295.20390393579 7070.8026418505 6573.14612647551 6829.21115503101 4918.65072962088 4626.62133743405 2718.9152248645 3013.9260110361 4691.88128579571 5033.38852066876 5343.45393916706 3446.55625226109 1589.22150753128 4124.16658247457 2945.33529500463 2975.9452279906 4239.76709265969 3170.56777249754 2044.96332485451 2620.23376819703 4432.26804243606 2362.99597968342 3364.89227167825 2744.31230001252 3400.09191052242 3832.26434370073 3039.53121385519 2347.73827331754 2404.29303538483 2700.11573826012 3312.57075396134 3716.43310177918 3498.66045794673 3505.44219749806 3555.62933951221 4520.71620431984 4145.10253190437 4647.24380681711 4440.86140292624 5392.47160400498 5301.76857284435 4779.44818990645 5213.50409993125 4245.07067078983 5975.10460159485 5771.75233356387 5920.19847640263 4736.95577348997 4925.69792009214 4859.20518192019 5763.78781705226 5907.7279896759 3274.90457876256 3868.54300738663 3734.63518968051 4062.24999230722 3762.8114489036 4048.53368517541 5006.62061674339 4768.12332055286 5391.89206123416 3982.3046091428 4183.37483379149 4312.04707766509 4462.41246412745 4719.30874175445 3613.60277285703 4705.11689546604 4510.3353533856 4060.63418692204 2730.95679204194 2737.47146103845 5523.69894183237 3186.00455115808 2859.742121241 4999.06241209289 5026.80315906641 3452.98783664235 5140.4036806461 3193.45032840657 4010.14338895756 3755.99520766467 4653.62761724657 5228.58728529992 4399.21868062955 4400.2130630232 5504.60034879917 6445.63805995962 7595.26990962138 7211.27589265589 8401.11599729464 8752.92808150507 7820.88549973723 6038.72917094317 5705.4798220658 6179.65411653436 5971.23312222861 5428.91563758362 6933.88419286045 7094.62824959842 6019.29190187683 6464.421861234 6800.45954329558 7349.06456632407 5777.43455177123 5837.96839662566 5524.54749278165 6958.85227605817 7942.05577920478 7009.36873049207 7655.1045061449 8093.01396267176 6403.61226184097 7682.85428730755 6957.5947711835 7730.58050860348 7489.868156383 7735.10665731249 6823.99259964429 7707.50445994032 9543.71520949782 8698.63495038158 9076.75602844981 9694.16706066076 9306.61726944866 8526.06298358158 10070.5635393458 8813.0939516154 10191.2339782776 10218.0599919946 8696.33543511288 9592.37978814434 8983.63094745104 8870.73841345804 9333.60862689239 8869.75196947468 8254.01417493331 9076.10186148216 10334.892355511 9425.69626075443 8661.01177692306 8367.08581287416 8181.45769407873 8423.59038652759 9926.47973855787 9733.51169927894 8575.36442374317 9327.84809052978 7964.68769004787 9325.83776397595 8677.44922197762 9984.17497843462 10255.6386929338 8854.76566601285 8875.42252515338 9211.84699178183 8929.44567148488
5662.4862030737 5280.80249583337 3926.59203381253 2579.72866790289 3263.52953104457 5082.62973272695 4790.22442063 4157.97426639463 4652.08286684577 5938.48676010985 3528.80999771878 4678.54143938044 5431.90804414066 5711.28269305591 4600.1358675587 5334.67431058354 4792.2463417483 3610.22852462278 5526.41384624785 5951.36538955558 6973.20765501788 6731.3631606087 6360.71929894725 4800.13020656732 5488.90927234182 4601.29057982649 4160.1532423698 5762.9744923954 5109.67220083637 3715.08748214628 4584.82551467338 3203.51369592827 5869.89139592889 6660.18956186684 6030.23631377743 6419.20945288437 6402.09926508485 6769.69349380014 5649.66813184633 4138.38736707911 0 1668.83192682786 4349.28154986545 5924.68353585236 470.372193055669 1158.39328382031 1447.62736918034 2548.89682019496 4112.93690688296 5064.39779243298 4655.70886117249 3845.20805678965 4266.43879599837 3995.93543491383 4561.79789118282 4587.27860501191 5780.24653453466 4996.24859269432 5533.19527940231 4008.50657976259 1734.03431338598 1084.83869768736 3000.62493490939 1971.9913792915 1337.44158750953 2282.26860820544 1892.41908677756 817.771361689806 2674.29897356298 1463.72811683044 3220.830638205 1319.56432203966 933.742469849155 4351.29291130809 3798.43717863018 3283.76689184845 1220.14343419124 2304.88611432322 4062.78845129795 2507.98724079689 2352.79089593614 2013.08221391974 1319.56432203966 3534.91513335186 2614.50282080552 1664.51945017173 4139.51989969851 3948.49654932102 3240.85251130007 2925.21366740961 3580.32819724673 3940.8913966259 3458.05219740825 4091.83638480328 4066.17141793112 4030.66371705703 3378.0541736331 4387.12605244025 4324.71097300155 3788.22187840153 4179.48860508077 3736.55924615146 3853.73195746668 4700.53188479772 3860.86130287013 3708.18351757299 3932.07960244957 3501.42828000232 3472.9310387625 4052.85393272444 3027.99438572795 3375 2754.31479682334 3051.53649822512 3910.08311932112 3335.22862784547 3328.85115317582 3009.36039716083 2785.11669414407 2855.69606225873 3098.68923901704 3191.10090721055 2176.72345510402 2507.11487570873 2625.2380844411 1857.75402031593 2064.43091431997 3025.30990148117 3129.89616441185 2425.51540914503 2314.76240681414 3175.98409945642 2687.47093007534 2840.22446296063 2829.08995968668 2770.04061342068 2001.24960961895 2542.39060728284 2171.6928880484 2986.11369508932 1717.73833863019 2235.64867544075 4259.32799864016 4393.31879107356 5451.66259043973 5389.68923037312 6799.35658720735 7506.4971857718 6071.96426208192 3700.84449821929 4987.35902056389 4242.71434343629 4904.90825602274 4371.14115535063 5405.66832130866 4598.64110363051 3936.76580456598 4021.66010498152 5571.69184359652 6467.32170221955 3204.29399400242 3087.575909998 3238.15147885333 4509.64244702393 5413.75562802755 4243.67175921984 5164.96611799148 5669.27023522428 3407.16157527054 4763.40214552582 4164.50777403525 4496.17893327212 4079.29221802018 5016.03678216179 4029.34548034789 4712.54973448557 6120.96806069105 5583.12188654341 5966.88779850937 6330.7286310503 6091.95165772021 5659.94699621825 6579.89361616128 5567.48372247284 7005.35509449735 6990.08225988793 5966.04978189086 6656.38790936946 5802.63948561342 6017.5784166058 5829.5583023073 6148.27211499296 5293.03788008361 6163.04510773692 7036.42309700035 6102.35610235915 5334.96719764986 5630.10879113361 4790.22442063 5026.98965584772 6995.08756199663 7140.46567108897 6552.33736921413 7297.85927515734 4817.02709147457 6706.89943267379 5293.21499657817 7063.90472755685 7833.38209204683 6699.11374735494 5984.82455883211 6788.36320477919 6315.55619086712
6006.14268894771 5493.80332738623 4944.25171284796 2930.01706479672 4366.70642475539 4283.76294862356 4016.68395570276 3488.01519492103 3436.11335668659 6898.41467295204 4322.90411644765 5525.96145480585 5871.16896367325 6215.20313425072 5616.82739631547 6269.86841967198 5812.75537073426 2655.41898765524 6299.10707957882 5276.00701288389 6127.24448671668 6001.56229660244 5617.94001391969 4624.2566970271 5454.87167585086 5104.59351956647 4635.393726535 5394.61537090458 5226.4950014326 3761.23317543595 3486.49178975084 3423.813663154 4981.77930061138 5885.62868349678 4895.27833733691 5410.75318232129 5213.62397953669 5673.73333881669 6775.78408746914 5434.03625309953 1668.83192682786 0 5312.3676454101 7295.33241189187 1815.55776553653 791.754381105656 2414.1509894785 1196.60979437743 5250.35713071025 4147.36362042201 4025.31054702615 2919.43915846863 3274.52286600659 2634.86242525108 3038.91427980455 3176.96789407762 4652.28438511663 3720.55103445713 4639.10012825763 2574.02894311622 1098.57862713599 872.854512504805 3772.43290198779 2973.00353178398 1213.9810542179 1634.39591286812 498.7484335815 2041.13938769502 3935.97192571289 1530.5227865014 3664.18476608372 2496.24718327332 1283.30627677106 4684.14880207706 4572.26694321318 3876.29010782217 1054.1584321154 3886.19351036461 4312.04707766509 3189.82758154732 2637.82580926035 2059.7329924046 2726.94884440468 4314.2931054809 3855.92077200764 2850.1096470136 4428.38853308966 4011.6237360949 3414.03353820668 3114.78329904345 3683.23906365036 3618.44234443496 3380.92073258158 3830.87783673664 3790.28363054798 3275.85866605994 2528.09216604142 4044.36336151934 3723.32176960305 3624.31027921176 3153.66849874872 2682.69920043228 2757.94307410432 4451.96585791041 3365.82085084753 3161.19044032466 2944.69862634532 2294.55878111675 3797.20291793841 4130.45094390431 3269.74769668854 3384.24659267022 2740.66597745876 3033.45924647093 3470.77080776014 2978.46436943604 2394.52500508974 2892.44706088115 2644.21538457063 2504.99500997507 2673.36398569293 2728.66725710556 2793.85486380377 2733.24440912261 2584.93230085432 2024.53698410279 3115.58581971353 3891.33653132185 2563.93252641328 3326.50341950824 3342.99641040788 2777.02628723604 2335.05888576712 3328.19395468473 2641.25916941144 3566.59851959819 2680.48503073604 3101.00790066714 1606.62690130596 2436.57033553312 2034.23818664384 2487.09167502929 3506.69003477638 3413.39274036844 4121.36203214423 4283.25226901242 5561.81175517475 6360.22798333519 4823.51013267309 2849.34202931133 4365.91914721288 3186.78913641929 4094.89010841561 3711.72129880464 4361.33580454429 3233.03263206544 2937.79253862488 2744.31230001252 4597.96150484103 5534.77641824853 2052.43757517738 1860.27551722856 2424.48448128669 3389.22926341668 4090.07946133079 2762.9241755792 3727.85125776231 4313.71359735437 2384.58591793208 3394.84903935359 2858.43051341116 2891.04219962283 2678.73570924793 3531.02322280667 2919.43915846863 3187.18135662218 4612.34755845654 3942.87331777221 4554.8051549984 4982.03020865992 4569.66902521397 4130.37528561268 5086.74748734395 4249.33818376462 5425.40321082222 5491.92589170684 4497.63826913637 5137.36313686311 4259.76818618103 4604.75297925958 4375.07142798835 4744.33873158315 4052.93103815004 4613.63468428093 5414.21739497039 4486.50755042271 3733.21242363732 4108.29952656814 3125.09999840005 3550.08802707764 5535.22808924799 5573.03777126981 5213.50409993125 5890.35228148538 3180.9982709835 5225.65785332335 3658.63704130377 5432.19568866955 6349.16333070744 5266.93696563762 4374.42853410591 5319.01071628926 4779.51357357629
2442.33494836396 2540.79219929533 2306.10602531627 4310.88737964703 2464.87829314147 5940.80171357368 6013.83820866508 5736.83274987166 6740.59530012001 2091.79946457589 3143.84318947367 613.392207319265 2570.38421252544 2331.30864537495 1383.38353322569 1117.47483193135 981.389321319526 6041.83333103455 1416.42154742153 5639.259703188 6425.97268901759 5901.8005727066 5648.34046424257 4522.58222700262 3669.89441265004 3106.5455090824 3460.22036870486 4743.74588273866 3611.9593020963 4469.40991630886 6546.5162491206 4363.62807764365 6342.36746018393 6095.95152539782 7037.40008810072 6700.93277089093 7237.79144490914 6999.73213773213 2019.59154286207 1444.38568256543 4349.28154986545 5312.3676454101 0 2797.87866069992 3976.80776502963 5301.47385167559 4001.95264839553 6111.51576943069 782.623792124926 5711.44683946196 4730.81652571731 5166.78091271538 5272.21490457284 6831.08702916307 6885.21967696021 6448.40096458029 6402.83140493329 6337.68490854507 5639.14887194867 6390.27581564364 4849.03340883521 4598.98086536572 2936.19651930861 3391.90212122933 4763.13972081441 4916.68079094016 5099.38721808807 3560.72324114077 1817.45013686758 4020.1057200029 2575.60672463791 3151.58690186389 4268.56240436988 1954.80178023246 904.502625756277 1686.15687289172 4259.54809809679 3029.2325760826 2174.56892279826 2190.03424630758 3071.7462460301 3487.2983812688 3233.41924284495 1385.86615515352 2422.93726703768 2722.24631508613 2078.91197504849 2640.66752924332 2566.73430646805 2685.26069497917 2601.20164539391 3530.31514174018 3161.5858362537 3537.74292452123 3513.72309665972 4648.11789867684 4747.8942700949 3664.44061215351 4296.14652915843 3197.94856118731 5220.93143031011 5056.74055098737 5249.28566568824 3530.75770904773 3940.33628006545 3988.49909113692 4976.19332421883 5277.90204532066 2233.55098441921 2685.49343696833 2898.92221351315 3101.31020699317 3200.78115465584 3191.88423975557 3991.0838127005 3892.4606613298 4679.34290258793 3181.58765398661 3426.45954302688 3723.40569908787 3758.40724243661 3889.16764873925 3204.00140449407 4304.86643230658 3892.05922359874 3637.47852227336 2555.50875561012 2171.6928880484 4875.5768889435 2870.21340669993 2637.35189157609 4222.04038351127 4439.17222013294 2748.29492594954 4597.41775347858 2713.04717983304 3769.44956193872 3264.00827204834 4161.73040933696 4547.32063967343 4131.96381881545 3985.3638478814 4567.89065105547 5543.69010677906 6704.24305943631 6199.29431467808 7374.53388357529 7632.74197127088 6878.13564856059 5277.19148790339 4567.41173970554 5302.53477122027 4994.68467473173 4405.46535566902 5894.27688525064 6310.20998065833 5173.55052164372 5716.97035150612 5757.92931530077 6235.88405921727 5130.1803087221 5241.95812650197 4795.37537633917 6141.10128560017 7086.25429969882 6350 6856.61177258856 7203.51476711195 5841.98168432596 6974.32792461037 6251.44983183901 7167.50479595235 6993.34505083226 6985.02863272585 6143.33988966914 7041.08478858194 8960.95698014448 8082.69756949993 8379.66288104718 9103.33043451681 8639.62528122603 7773.43231783747 9506.24794543042 8199.88566993467 9490.98256241154 9527.98509654586 7878.6102835462 8810.15039599211 8317.26367262695 8081.22824823059 8801.34932837005 8034.5348340772 7553.97246486906 8315.83579683967 9690.78170221577 8817.87956370464 8079.33320268449 7592.88318097941 7702.11010048545 7871.03074571558 9128.18437587673 8995.20705709435 7585.38891554019 8361.14525648251 7453.35494928291 8452.73624337114 8287.3774500743 9269.57388448897 9305.2740421763 8021.57247676539 8191.80230474344 8302.89859025148 8118.11246534562
4669.6493444369 5040.33729030112 3070.62697180885 5697.53236059261 3365.82085084753 7991.94907391182 7939.81265522052 7554.84116312183 8830.91161772102 2288.28538429978 4155.34294613573 2962.36814052541 4305.95517858698 4090.91982321825 2363.92153000052 2452.67710879357 2226.82509416434 7920.42454670203 3098.48753426571 7895.6079563261 8945.32000545537 8445.59796580443 8276.51043616813 6319.66177892457 5812.37903099927 4400.28408173836 4710.62628532555 6921.88558125602 5407.69128186882 5969.50584219498 8572.99539251013 5753.85740177839 8536.46589637656 8531.48580260203 9313.46471513153 9098.385845852 9638.72398193869 9558.40598635567 1501.87382958756 1887.62416810127 5924.68353585236 7295.33241189187 2797.87866069992 0 5673.8985715291 7029.58035731864 5347.31240905186 8009.52557895909 2598.19648987524 8043.86412117957 7108.53360405647 7459.30626801179 7724.10998109167 8854.76566601285 9230.75701120986 8888.82725673078 8955.8988940251 8825.35410054464 8170.56454597845 8647.18162177712 6747.59216313494 6474.17948469148 4296.29200590463 4711.75391972034 6497.54761429264 6830.12627994534 7221.88514170642 5284.94323526753 3443.10906013736 5974.26773755579 4612.00878143136 4812.02919775015 6078.23987680644 4631.21204437888 3649.82876310657 4355.59984387914 6309.16991370497 3919.42278913618 4933.62189471386 4595.31010923093 5221.70949019572 5694.02098696519 4827.33104313346 3991.71015981872 4076.91672713584 4555.62838695168 4854.76569980468 5338.18789478227 5253.68917999533 5306.83521507876 5246.2486597568 6208.15995283627 5886.10652299124 6317.73297947927 6081.58079778605 7111.82993328721 7087.35670049138 6407.02739185654 6883.22235584468 5942.95801768782 7738.29761640117 7580.40236399098 7716.4191824965 6287.43787245647 6665.25505888559 6609.74659120908 7552.85542030297 7748.02394162537 4973.24089503012 5476.88323775485 5497.10150897725 5803.3395558075 5566.69785420405 5838.2360349681 6738.18410256057 6555.19831889166 7225.3460124758 5785.812388939 6012.69490328588 6121.83591743523 6262.78691957502 6532.323476375 5413.52472978558 6458.81181023259 6320.40346813398 5928.16371231429 4555.76557781456 4419.48809252836 7340.00170299708 4917.18923776582 4618.84725878655 6801.6542105579 6853.96782892946 5208.40666615041 6926.62435822818 4892.97966478505 5771.64404654341 5504.37326132594 6535.91041860275 7058.85968127997 6222.84099105867 6196.06730111932 7227.89734293453 8236.54205355621 9374.76666376289 8954.5030571216 10062.5854033643 10329.4179410071 9522.24369568433 7856.72482654191 7322.78123393018 7975.50938812061 7627.17182184852 7130.91859440283 8640.05931692601 8929.55066058757 7835.57592012227 8306.36051468993 8450.62867483834 8893.43156492476 7643.42037310522 7712.7329786529 7366.05389608303 8775.81905009441 9759.89882119687 8865.84034370121 9477.47329196975 9900.18939212781 8253.06761150059 9537.65563437892 8814.26400784546 9612.16676925656 9364.76107543593 9581.68826460139 8663.50102441271 9576.72960879652 11419.9660682508 10563.5280564781 10928.5463351719 11543.4505239984 11175.8668567588 10377.9513874367 11945.78900701 10660.4408914453 12058.8919474386 12079.9679221428 10531.2926557 11439.487532228 10854.7800530458 10708.086897294 11206.3876873862 10695.3553003161 10083.6811234787 10927.5454700495 12211.1885170937 11305.9995135326 10543.4813984756 10207.6564401433 10060.5976462634 10300.1820372263 11763.4231837506 11515.5601253261 10316.0675647264 11047.8787556707 9822.58239975619 11141.4485144437 10526.0985174945 11820.3479221214 12032.7677614088 10587.1974573066 10716.7509068747 11003.0677540402 10746.5401409012
5317.42418845817 4928.04474411505 3770.36138851437 2709.93542358485 3132.59078080748 5098.1001363253 4859.91255065356 4270.09953045594 4772.38148097991 5654.03616896815 3474.01065053059 4323.04869276301 5167.86948364604 5406.0151683102 4334.31078719558 4993.62093074755 4482.81440615156 3790.28363054798 5177.71667822796 5831.27344582639 6782.37605858006 6506.4391182889 6118.92555927918 4737.2196486969 5256.00846650764 4467.7315272966 4091.22536656195 5591.79085803466 4942.5448910455 3765.05312047519 4706.04664235279 3292.60535138969 5834.22017068263 6486.37996111853 6030.33995724951 6329.49445058608 6362.04566157773 6637.29990282193 5380.17193033829 3857.94634488351 470.372193055669 1815.55776553653 3976.80776502963 5673.8985715291 0 1471.60626527614 1602.53705105373 2805.46341982924 3735.30453912395 4999.31245272788 4518.64194199983 3810.92180449822 4173.27808802625 4189.1228198753 4622.90493088491 4578.96003476772 5667.78175303178 4944.31491715485 5379.12632311233 4088.16890551259 1891.59324380269 1220.91154470748 2916.11899620026 1973.57543559906 1578.76534038469 2414.79812820865 1935.52318508459 557.897840110535 2334.12189056184 1442.65380462535 3020.14072519808 1119.15146427997 1034.71010432874 3990.45736727007 3402.29701819227 2875 1123.05387226081 2075.15059694471 3683.91775152486 2093.14356889345 2155.95106623504 1819.68403850778 948.683298050514 3098.08408536631 2202.98093500602 1266.14572621006 3749.91666574072 3607.71742241545 2860.17919019071 2541.77595393457 3250.96139626419 3647.68762368709 3072.15315373436 3726.67747464145 3811.00380477375 3891.01529166874 3306.43312347309 4067.32405888687 4108.75589442839 3437.56818114201 4061.48064134251 3609.79570059027 3765.63407675255 4357.89513412152 3554.39868332184 3464.19182494272 3773.92368762274 3414.85724445401 3057.98136030944 3658.12451947716 2590.60803673578 2968.26969798905 2525.86618806302 2657.65404069077 3565.283999908 2980.56202753776 3154.95641808251 2687.47093007534 2425 2667.16141243832 2876.73860473975 2880.64662879708 1715.55384642978 2147.52764825042 2239.00089325574 1474.36426977867 1615.74286320565 2562.46951201375 2844.95166918526 1962.30094531904 1858.25859341481 2831.18791322653 2369.86286523081 2378.68135739111 2502.74848916147 2301.76562664403 1587.05702481039 2085.96500450031 1953.20249846246 2685.72615878835 1367.70793665899 1846.78775174626 4033.06645122542 4148.7950057818 5326.0562332743 5169.50191024242 6651.40962503438 7324.87201253373 5947.37336981629 3449.09408395886 4695.07720916281 4044.36336151934 4701.26312813907 4099.16149962404 5187.72589869588 4482.60526926028 3713.23645893983 3890.53338245542 5368.07693685551 6258.49422784746 3055.11865563353 2964.05549880565 2984.64822047758 4311.39478591325 5266.40294698383 4193.7453427694 5078.20096097033 5527.94039403465 3254.42007122621 4660.06974196739 4034.6158429273 4508.39494720682 4060.40330509175 4943.49319813429 3862.39886598989 4666.03418332957 6138.50551844665 5619.16363883452 5904.76502496077 6310.55663155003 6072.73620372234 5604.57402484792 6612.0155777191 5513.90288271384 7004.90899298485 6970.83208806524 5876.01055138603 6601.04158447741 5783.32732948776 5920.62074448279 5853.73812191834 6036.24469351599 5177.11309515255 6118.46590249549 7074.5141175914 6137.18176364364 5359.62918493435 5570.17728622707 4875.70507721704 5025.49748781153 6922.15645590303 7160.39454220227 6408.24664007246 7195.91898231213 4893.61829324683 6615.41759830776 5452.35041060275 7089.07610341432 7736.48014280396 6656.43485658802 6000.26041101551 6692.01950086818 6266.27880005351
6281.17226320056 5824.94635168428 4794.39777240062 2827.87464361488 4158.27488268873 4776.89752873138 4444.1675260953 3825.98026654608 3977.43636027027 6863.03504289465 4200.22320835453 5568.49396156627 6060.42490259553 6400.63473414942 5536.75220684473 6270.01794255806 5753.80309013091 3019.62332087961 6381.27142503749 5838.07545343498 6803.95105802504 6655.30803193962 6283.95774969883 4930.83410793752 5830.20154025571 5173.73172864616 4665.29741817175 5869.62520098175 5490.95847735165 3867.81592116274 3982.93233685936 3417.87580230763 5557.53992338337 6525.23945920761 5531.10522409401 6076.8515696864 5903.38885725818 6400.63473414942 6649.29507541965 5217.81803055645 1158.39328382031 791.754381105656 5301.47385167559 7029.58035731864 1471.60626527614 0 2063.67390834889 1545.15371403624 5148.60417977533 4760.90852674151 4579.71068955234 3511.94390615796 3941.04998699585 3128.39815240963 3751.91617710204 3923.48696952086 5378.71964318647 4456.10536230911 5309.95527288131 3247.11410332313 1324.76412994918 877.496438739212 3679.07936853773 2719.03015797913 1098.00956279989 1923.05096136322 1240.21167548125 1786.23206778963 3743.66130946698 1645.25833837729 3791.84981242665 2268.94799411533 1157.58369027902 4956.37216116788 4650.67199445413 4028.80255162747 1262.19055613643 3460.76219928501 4620.94416759173 3281.29166640212 2812.69443772337 2319.88685068906 2417.77273539098 4389.33366241392 3660.08879673704 2679.31894331377 4724.53701435389 4384.48970805041 3736.47561212435 3420.89169661946 4028.72498440884 4130.22396487164 3803.78101367573 4335.46421966552 4267.97668690915 3880.80210781225 3120.59689803089 4578.75528937723 4314.65525853457 4087.32797803161 3850.81160276636 3395.95347435739 3462.02614086029 4960.53172553104 3943.74504754047 3738.48231238293 3650.77046662756 3040.04522992669 4068.24593651859 4511.5130499645 3548.32707060665 3769.11793394688 3070.93226887211 3418.33292702744 4027.17332629228 3483.26355591994 3084.33542274507 3311.06100819662 3063.90273997071 2959.20175047258 3181.58765398661 3276.24022318267 2854.16362530252 2847.58669753881 2903.87671914632 2251.24965297054 3017.44925392292 3899.59933839363 3040.6619345136 3275.47706449 3247.11410332313 3263.05071980195 2738.95509273153 3493.20769494171 2941.6194519346 3579.28065398622 2635.69250862084 3186.00455115808 2129.70068319471 2946.60821963151 2094.93436651366 2628.45011366014 4160.22835911684 4107.69095721672 4910.06619099987 5033.94725836495 6338.42448878268 7127.19264507422 5593.57890799799 3460.22036870486 5000.06249960938 3926.98994141824 4762.48359577227 4347.98804046193 5108.63240016347 4019.56154325319 3652.22534901668 3522.16197810379 5323.35655390469 6250.44998380117 2794.9731662397 2614.14421943396 3051.84370504127 4081.05378548237 4833.54166217692 3553.25554949261 4519.12602169933 5080.96939569606 2947.56255234728 4098.39907768875 3586.25849598157 3620.94600898715 3278.90987982287 4312.91664653979 3550.88017257693 3942.23921141272 5206.54636011243 4667.50736475048 5195.73142108019 5511.23851779253 5231.15665986023 4885.37357834588 5645.07528736331 4813.00322044355 6100.15368658856 6123.16298982805 5249.8214255344 5853.36441715361 4945.07330582672 5307.12963851459 4922.20733005021 5467.46056227203 4661.34369039658 5354.55413643377 6071.70692639228 5151.51676693379 4410.78224354819 4882.49423962794 3801.06892860416 4161.88058454348 6221.38449221715 6311.34890494893 6003.22829817424 6679.49286997149 3890.45305844962 5986.39081584221 4251.91133491751 6160.6107651758 7121.97304122952 6030.85814789239 5121.4011754597 6101.02450413043 5556.58393259744
5147.14726814767 4878.39625286835 2875.10869359751 1272.05542332086 2225.7021364055 4365.63282927 4015.20547419432 3333.63540297976 4272.44075441661 5164.05848146591 2241.23291962259 4199.77677978247 4600.67929766899 4993.55835051519 3825.98026654608 4787.02673901034 4167.88315575185 3098.68923901704 4970.60107029321 5327.11225712393 6661.45629723711 6435.982830928 6174.59512842745 3779.13680620324 4753.55130402523 3446.91891404483 2904.09194069334 5044.17981439996 4137.40558804669 2495.74638134567 4089.16250594177 1907.38695602125 5256.18683077381 6233.87920960937 5589.33135535907 6007.75540447512 6078.5483464393 6565.58260933483 4909.74795687111 3636.70523963656 1447.62736918034 2414.1509894785 4001.95264839553 5347.31240905186 1602.53705105373 2063.67390834889 0 2801.11584908586 3922.77006718467 4602.03759219761 4151.05408300109 3480.84041576169 4047.29848170357 3863.36964320009 4650.33600936534 4633.977772929 5618.77433253908 4919.92123920699 5248.39261107627 3992.80603085099 1702.57158439814 1575.99175124745 1805.02770061847 742.041103982791 1305.9957886609 1904.10740243296 2513.58807285522 1249.749974995 2522.15185902832 1331.58739855858 2386.55085845661 1086.56569060504 1209.85536325629 4006.01110832209 3571.93924920344 3211.69737055035 1865.64332068056 2508.61017298424 3883.05614175227 2585.65755659948 1829.6174463532 1848.14095782762 1924.35053979258 3589.39409928751 3037.68003581681 1926.13602842582 3985.1286052021 3719.37494748782 3262.66762021509 3027.99438572795 3331.38484717692 3821.48531333041 3721.05495793868 4294.03656248989 3723.82531813725 3738.73307418436 3121.39792400777 4346.69414612991 4093.13449571352 3836.5023133057 4088.85680844903 3793.90959301879 3806.98371417583 4643.61120250178 4028.10439288755 3647.0878793909 3986.93177769573 3667.50937285783 3543.74448853187 4092.21822487511 3482.90467856931 3727.09672533461 2405.85223985182 3426.55074382388 4277.48465806717 3854.62384675859 3529.25275377097 3047.64253153154 3169.58199136732 2625.95220824752 2979.72314150157 3538.53783362563 2962.26264871972 3661.1132186809 3477.24747465578 2605.16314268416 2492.23795011632 3437.02269413514 4099.61888472575 3126.09980646812 2881.40590684478 3909.12394277797 3637.73624662372 3375.83323047807 3917.50877471895 3403.6744850235 3077.03184903894 3363.12726491282 2656.24264704865 3820.50389346746 2864.4371174805 3286.90583984391 4249.85293863211 5031.46350478665 5727.01929453708 5833.79164866213 6876.54528088051 7540.92998243585 6112.8450822837 4538.37801422491 5042.13496447685 4563.03079104229 4772.18503413269 4454.63242030137 5640.31249134301 5050.30939646276 4438.0457410892 4438.67942072865 5579.59451931769 6364.89395041269 3710.20551991396 3643.31579745704 3935.73373083089 5293.51017756649 6098.61664642073 4639.84105331206 5532.0656178321 6248.09971111217 4439.24261558208 5579.93055512342 4917.82472237472 5116.76167121354 5040.95725036426 5509.87749410094 4968.02274551959 5339.82677621662 7000.22321072693 6031.22085485186 6871.72649339305 7368.93818674034 6897.01022182801 6249.64999019945 7488.86673669655 6595.54774071115 7715.12313576394 7844.62395529575 6599.85795301687 7357.35176541125 6557.5338352158 6813.63522651455 6782.46820855063 6892.25108364459 6288.332449863 6771.63200417743 7690.94435033826 6776.84476729399 6035.00207125068 6120.35538183854 5304.77379348074 5929.27061281571 7796.03264487778 7264.76943887416 6879.95276146574 7489.11710417189 5126.7070327843 7281.01126218055 5562.59831373792 7420.95849604349 8310.00902526586 6727.83397535938 6323.96236547941 7224.00512181435 6688.65644206667
6555.77035900435 6060.32177363546 5382.26253540275 2891.69068193678 4838.25898438684 3794.23905414511 3417.69293530007 2874.56518451052 2620.59153627573 7476.21227628001 4558.71418274934 6244.44753360936 6260.29152675816 6700.97940602715 6211.33037279454 6971.23554328786 6487.96963618049 1832.51875843059 6961.36660433855 5100.79650642917 6100.10245815593 6088.35979554428 5784.7320594821 4479.74608655446 5676.59669168068 5296.22507074614 4736.29602115408 5399.53701718953 5350.75929191363 3564.75805630621 2691.88595597956 3289.66183672425 4561.66088174033 5818.6123775347 4350.64650368195 5108.63240016347 4771.53015289645 5497.10150897725 7398.5218118216 6184.7089664753 2548.89682019496 1196.60979437743 6111.51576943069 8009.52557895909 2805.46341982924 1545.15371403624 2801.11584908586 0 6131.73099540415 3870.23901070722 4008.27269531403 2710.3966499389 3187.769596442 1623.8457439055 2478.28065400188 2832.18113827488 4480.58310937315 3443.38133235342 4593.54166194234 1971.35740037163 1289.37969582276 1651.51445649137 4095.80578152822 3393.83632486895 1531.54333924966 1467.35305908292 1355.77468629562 2918.15438248219 4802.34317807464 2101.6362672927 4077.14667383944 3252.40295781442 1991.85842870421 5329.69276788072 5388.52948400582 4717.91797300462 2039.14810644053 4792.37675897878 5017.28263106634 4090.4614654095 3159.70726492186 2681.76714127085 3716.2649259707 5244.4017771334 4900.89277581136 3796.87371399155 5159.33619761302 4623.44568476802 4196.27811280425 3938.90847824623 4300.07267380448 4125.68176184252 4207.8795134842 4553.98177422791 4169.00767569454 3353.44971633689 2537.3460544435 4586.12036475276 3977.27922077392 4305.08420358998 3174.31094885173 2838.13318926367 2751.47687615215 5025.1243765702 3972.7981322992 3590.78682185395 3152.47918311922 2420.09813850596 4643.88038174973 4891.44661628848 4259.18125935021 4278.2882090855 3248.94213552658 3933.50988304339 4215.22537950226 3846.83311309446 2798.77205216859 3592.09200884387 3521.3633723318 2927.77646004609 3137.67429794745 3477.24747465578 3918.38614738262 3916.79077817542 3674.91496500259 3103.72759758327 4141.55767797576 4945.38926678174 3558.87973946859 4444.23784242023 4421.11411298103 3733.63094051889 3403.21539136153 4382.35096723209 3760.73463567958 4675.33421265261 3861.5896985568 4241.53568887496 2457.76829664637 3403.6744850235 3222.77054721555 3660.08879673704 3832.75357934736 4014.11571831207 4138.99142304016 4636.87664274132 5490.50316455605 6342.46600306222 4713.61061183463 3654.87687891124 4807.35114174116 3548.06285175446 4266.58528568222 4163.23191763322 4623.64845116927 3392.17850355785 3480.84041576169 3008.42566801974 4741.11010207525 5612.76447038356 2571.35664581948 2383.53728731061 3226.64686633043 3956.32405143967 4383.84819536443 2748.74971577989 3700.67561399267 4508.18699700889 3184.0422421821 3733.88202813104 3296.77873082195 2812.2499888879 3036.23945037278 3546.65335210533 3582.07342191642 3250.19230200307 4604.14215679751 3583.3817826182 4756.6400956978 5186.64149522598 4582.84845920089 4105.10353097215 5050.92813253168 4567.54857664371 5277.01383359945 5499.3749644846 4570.62632469556 5128.53536596951 4251.61733931924 4802.14795690428 4439.38340313157 4933.87525176711 4503.12391568342 4540.78737665617 5136.20725827921 4267.68379803378 3605.89794642056 4035.62262854197 2725.45867699365 3689.00393060241 5624.11104086681 5039.65524614532 5234.14271872673 5707.06798627807 2660.00469924397 5223.68404480975 2872.49891209727 4993.80866673925 6262.1881159863 4886.07715862122 3987.63714497696 5249.28566568824 4572.81368524894
3204.29399400242 3247.78770857949 2538.33114466966 4447.33066007015 2541.77595393457 6411.95173094745 6430.49376020224 6080.19325350765 7054.65272001393 2581.30296555829 3388.76821278765 1386.99315066802 3321.42665130513 3108.45620847391 1790.600457947 1688.56447907683 1439.83505999819 6269.27029246626 2128.6732957408 6248.89990318296 7036.02337972238 6520.44860419895 6226.25489359374 5068.40704758408 4383.27788304597 3641.17082818151 3889.16764873925 5408.84691963084 4268.92843697338 4812.28895641149 6874.72726731759 4606.6527978566 6878.45367797153 6721.2814998332 7516.14928005026 7253.96443332885 7731.63145784898 7533.01068630597 2267.43246867465 1159.20231193696 4112.93690688296 5250.35713071025 782.623792124926 2598.19648987524 3735.30453912395 5148.60417977533 3922.77006718467 6131.73099540415 0 6196.01686569686 5248.8689257782 5525.9049032715 5666.67892155538 7019.17017887442 7134.86159641517 6748.84249334654 6875.59088369865 6715.00186150384 6163.80564262047 6627.82958441148 4888.31514941498 4537.96485222175 3147.81670368527 3373.79608156747 4734.44822550633 5045.41871404148 5095.70897913136 3382.12211488586 1473.30410981576 4056.01405323009 2970.9005368743 3017.44925392292 4201.56220946448 2574.6358965881 1299.27864601863 1923.70086032106 4206.69109871405 2479.16316526363 2672.31173331256 2212.74716133588 3283.76689184845 3623.01669882986 2884.87434735033 1419.72708645007 1902.13695616273 2476.51468802428 2574.27174167763 3133.38874064486 2850.54819289203 2890.17733019965 3040.35359785667 3963.34770112338 3391.25714153321 3864.6636334874 4014.50495080029 5066.80372621636 5064.58290484024 4118.32793740372 4765.69774534643 3561.86397831248 5590.00223613551 5358.4629325955 5569.78455597701 4022.59244766357 4265.41322734386 4362.12390929006 5305.18614188041 5519.62408140265 2498.24938707087 3071.94970661956 2937.04783754027 3267.7400447404 3494.63875100131 3328.00615985007 4236.59651135201 4026.0091902528 4924.80964099121 3448.18792991333 3553.60732214464 4012.94779432776 4069.16760529718 4087.86313371669 2983.81048325794 4042.50850339242 3808.62507999934 3556.15663322076 2268.94799411533 1888.45174680213 4821.43650792998 2524.00970679592 2277.74559597862 4257.12637820396 4363.05512227384 2651.53257570033 4438.0457410892 2410.00518671641 3450.1811546642 3024.27677304839 4229.95271841187 4547.04574421679 3905.84497900262 3771.355856983 4967.20494845945 5707.45127005041 7026.86807902354 6483.7296365595 7821.6846011585 8129.19122668424 7304.02286414822 5320.12687818627 5013.85580167599 5579.59451931769 5467.34624840973 4795.89668362445 6264.98204307083 6533.28018685867 5371.27778093816 5930.7461587898 6215.60536070301 6769.1395317278 5272.92613261366 5357.99636058107 4877.30714636673 6241.043582607 7250.34481938618 6553.24347174741 7120.08602476122 7419.27388630451 5790.40154048059 7052.74769150294 6345.71705956072 7278.95081725382 6970.06994226026 7192.05290581208 6153.91135782764 7179.2670238681 8991.17623006023 8271.18492115852 8426.81731141716 9067.83463678071 8720.98761609028 7954.32272415446 9519.12548504326 8174.08251732266 9619.96621615689 9596.87449120806 8061.32743411406 8962.90968380247 8416.76155062029 8193.51878010907 8788.84235835414 8178.40143304301 7556.45419492502 8495.32959925629 9823.88670537278 8930.98538796252 8173.92959353089 7813.8898763676 7822.08412125566 7884.35951742435 9245.33666233956 9338.56252321523 7928.94223714614 8755.49827251425 7642.97062666081 8676.90901185439 8449.44524806215 9527.98509654586 9593.51994838183 8424.10974524905 8439.08318480153 8588.69169315094 8395.60897136116
4607.12763009665 4130.52660081012 5254.04605994276 3827.94004655245 5166.47849119688 1123.61025271221 1651.70366591589 2161.45205822382 2042.36382655001 6476.97846221523 4540.44326029959 5471.91694015909 4413.75690313819 4897.25688523688 5704.11036008246 6132.03677418849 5939.06558306944 2630.23287942342 5764.38418220021 1336.74043852949 2490.23091298779 2610.19635276735 2587.83210429116 2322.84846686132 3030.67649213835 4094.96642232876 3918.38614738262 2108.02039838328 3172.83390677798 3092.93549884248 1967.5492369951 3531.02322280667 970.180395596613 2070.62792408487 1331.58739855858 1412.66591945867 1625.1922963145 2163.47521363199 6838.26549645449 6416.5313838553 5064.39779243298 4147.36362042201 5711.44683946196 8043.86412117957 4999.31245272788 4760.90852674151 4602.03759219761 3870.23901070722 6196.01686569686 0 1017.34949746879 1250.99960031968 1041.93329920874 2973.739228648 2475.50499898506 1949.67946083452 1428.94191624432 1425 1179.24764150708 2292.10601849042 3543.83267099337 4083.0442074511 4245.80675490536 4557.20583252501 4013.80430514493 3058.9009464185 3736.55924615146 4718.38160813642 5542.2242827226 3632.23416095383 3503.12360615494 4661.34369039658 4149.24691962288 4010.84467413038 4982.21838140401 4454.63242030137 3998.98424603048 6388.90640094218 3896.39256235816 4436.00326870935 3331.85383833085 3300.85216269981 5426.61266353146 5177.11309515255 6003.85292957781 5031.77404103165 4071.39411012985 3318.88535505522 3703.88309750726 3753.83137607432 3267.54877545845 2620.11450131478 3734.63518968051 3514.25667816112 2319.61742535272 1299.27864601863 1711.906831577 2882.49024282824 1752.49821683219 3259.40945571433 1393.73598647664 1908.20596372614 1614.96903995092 3211.01619429115 2914.93996507647 2269.91189256323 1895.55400872674 2218.81161886267 4173.951964266 3867.33112107045 4439.24261558208 4023.99055664896 2901.40052388497 3896.31235914165 3523.22650421457 3805.50587964334 2435.54408705735 3167.11619616332 3664.52589020735 2508.11183961162 2457.89544122609 3253.84388070479 5055.81348548381 5504.88419496723 4614.78601887455 4318.34748486038 5203.24418031674 5511.63541972798 4632.29154954651 5553.4898937515 5508.51613413268 4197.46947576751 4563.78406588217 4878.65247788772 5123.04840890656 5527.31851805195 5502.55622415619 5281.27588751052 3441.02092408634 4232.759147412 5040.46128841399 5118.83775871047 2038.07507221888 3806.98371417583 2762.01918892683 3490.97049543533 2979.19871777631 3521.09713015702 2294.15016945273 4266.21905204128 2758.96266738062 2648.82049221913 1657.18134191766 2517.68743095723 2801.89667903726 3052.56040071282 3201.17166050182 2814.80461133628 2160.58441168125 2498.62462166689 3080.28001973847 3205.07410210747 3748.16621829929 4265.12016243388 4296.58294462006 2868.4708469845 2996.45624029452 4026.47488505765 4712.01920624269 4491.45021123467 3970.04408035981 3905.4449170357 4876.08962181788 3423.813663154 4614.6505826552 3840.08463448398 5930.16652380015 3952.92613136142 5674.22902251927 6675.88945384808 5450.11467769257 4179.18951472651 6470.17194516498 5977.98042820483 5795.09490862747 6332.90020448767 4474.72066167264 5307.83618812789 5041.94902790578 5170.77121907361 6073.55949999669 5020.64487889753 5547.57830048391 4610.17895531182 5771.21087814334 5143.26015286025 4693.47951950363 3763.14363265608 4022.82549957117 5217.51856728848 5946.16473031146 3830.87783673664 3647.25924496738 3757.40934687718 3317.8494540892 4746.64355097368 4029.73324179157 4595.44611544951 5237.48508351098 2865.30975637888 3703.20806868855 4255.73142949599 3785.74629366523
3611.87278292024 3135.08373093926 4433.39598953218 3460.5815985178 4396.30526692585 1665.08258053467 2104.90498597918 2404.55297300767 2762.01918892683 5509.42374482123 3857.21726118714 4472.34558145947 3462.11640474436 3916.39183432914 4764.64846552188 5130.97213011336 4967.14203541634 2947.13844262532 4754.01146401647 1332.99474867683 2556.12010672425 2427.06097986845 2334.92505233037 1842.04370197886 2136.58606192215 3311.53287768671 3243.64763807661 1495.40964287382 2362.59920426635 2737.47146103845 2626.07121000174 3162.37647980123 1712.81931329606 2088.65985742054 2334.12189056184 2070.17511336602 2535.49797870162 2652.94647514796 5884.46046804633 5507.43815217202 4655.70886117249 4025.31054702615 4730.81652571731 7108.53360405647 4518.64194199983 4579.71068955234 4151.05408300109 4008.27269531403 5248.8689257782 1017.34949746879 0 1349.0737563232 1167.52944288356 3495.80105269164 3102.51913773308 2524.13351469371 1980.37243971936 2075.60232221878 1276.95927891221 2800.22320538917 3363.96343618655 3795.88593084671 3545.68399607184 3977.82918185284 3777.64807783891 2934.59963197708 3591.91801131373 4174.4011546568 4715.79791763812 3216.46156513645 2658.35945650696 4043.89972674892 3780.70760572674 3005.30780453517 4019.01729282172 3541.36273205669 3623.10295189082 5677.20221588064 2927.77646004609 3621.5500824923 2631.30195910694 2717.19064476529 4794.07186012058 4259.98826289463 5220.99128518713 4330.27135408394 3102.61986069837 2359.02522241709 2845.39101003711 2945.12308741078 2330.63832457977 1779.04468746572 2975.31510936237 2772.18325512582 1364.96336947187 838.525491562421 1516.78113121175 2077.55866343167 1008.0922576828 2436.95506729197 1411.55942134931 1814.86914128815 1674.25356502532 2371.31292747288 2276.37321193165 1597.65453086705 1722.82471540201 2231.73139064718 3285.85985702373 2975.10504016245 3688.74978820738 3272.99556981063 2152.46951197921 3181.78409072646 2920.72336930425 3226.74371464484 2153.34042826489 2408.44867082527 3012.68152980032 1878.33037562618 1801.04136543279 2681.88366638078 4394.17227700508 4992.36917705412 4062.48076918525 3761.06700285969 4462.7625973157 4687.28332832569 4268.56240436988 4828.94916104943 4763.53335246013 3700.84449821929 4126.81778129348 4122.95403806543 4676.87128324054 4769.56496968015 4919.41307474784 4607.80587698744 3023.34665561196 3825.40847492134 4552.88370156761 4580.66589045741 1559.24661295127 3619.13318351232 3104.63363378032 3480.21191883483 3408.53707622493 3841.30511675394 2775 4003.51408140399 2208.36477965032 2519.17645273212 1311.96417634019 1971.35740037163 2771.39405354056 3248.94213552658 2992.07286007544 2866.29115757629 2139.07106006322 2535.86770159644 2935.23849116217 3095.56133843282 3425.09123966063 4199.2558864637 4461.01165656401 3161.19044032466 3381.01316176084 4262.3350407963 4573.90697325601 4635.79820527167 4012.32476252858 4259.40136638941 5006.62061674339 3771.93584250846 4535.41618817943 4142.61390911584 6322.72686425723 4550.34339363525 5948.68682988103 6949.28053830035 5843.05142883408 4592.18085445249 6885.90044946919 6170.79816555363 6318.67272455221 6752.45325789079 4830.95487455638 5742.00531173561 5439.32440657845 5445.81261153926 6409.02683720391 5299.70518047938 5646.73578273324 5074.56894721118 6365.28671781562 5664.63811730282 5125.54875110949 4210.84908302352 4526.38100473215 5492.03969395706 6319.95846505339 4684.34894088816 4025.23291251575 4345.18411577691 3911.92088365805 5179.10465235064 4719.77224026753 5337.89518443365 5754.02033364499 3650.3424496888 4376.21411724792 4742.23048786117 4369.99713958716
4618.50895852763 4109.59243721321 4639.50428386482 2871.51963252909 4405.39442048042 1562.84996080878 1641.83586268543 1661.88898546203 1699.63231317835 6191.82929351254 3875.3225672194 5045.97611964226 4384.20460288979 4863.44785106204 5212.66486549826 5762.54067230766 5463.744137494 1749.46420369209 5512.31575655822 2407.67003553228 3525.44323454513 3510.78694881931 3318.41453106751 2387.07456942593 3324.90601370926 3816.57569032765 3497.32040282271 2785.00448832672 3257.58729737209 2508.73474086042 1622.11281975083 2751.47687615215 2092.54629578416 3157.92653492763 2241.23291962259 2617.36986304955 2617.01165454035 3162.77172745679 6411.4643413186 5715.05686760858 3845.20805678965 2919.43915846863 5166.78091271538 7459.30626801179 3810.92180449822 3511.94390615796 3480.84041576169 2710.3966499389 5525.9049032715 1250.99960031968 1349.0737563232 0 736.970148649184 2188.74964306108 2008.88650749613 1626.72984849974 2207.2324299901 1577.37915543474 2026.23419179521 1544.74917057754 2299.18463808368 2840.55452332815 3478.77492804579 3546.56523977778 2779.5008544701 1847.12614620659 2526.23732060153 3568.00014013453 4653.89621714967 2440.41492373735 2857.7744837548 3576.04879720621 2928.09665141026 3704.30492805331 4398.0109140383 3786.3240748779 2794.07856009812 5346.08501615902 3503.12360615494 3578.49479530151 2389.29906039407 2227.80721787142 4325.28900768492 4499.72221364831 5052.10352229643 3999.53122253096 3681.20224926586 2943.637205907 3051.43408908008 3000.62493490939 2760.77434789589 2263.84628453435 3114.8836254345 3113.67949538805 2068.36287918731 898.95772981826 570.635610525666 2691.88595597956 1661.70093578839 2795.30856972893 1011.18742080783 1193.20995637817 876.427407147905 3108.55673906718 2453.95089600424 1758.5505395069 1364.96336947187 1338.14236910726 3564.67039149484 3453.44031365825 3665.63432437007 3360.43151990931 2044.04623235386 3143.84318947367 3020.86494236336 3093.84469552045 1605.26477566786 2417.77273539098 2827.76413443554 1577.37915543474 1641.26475621699 2510.47804212664 4071.08707841038 4493.18929047063 3689.68155807517 3271.18097940178 4222.11439920806 4677.67303260927 3750.41664352109 4592.79326771846 4542.7139465302 3396.50555718668 3616.7146694203 4040.88480409922 4171.1059684453 4629.65981471641 4446.41709694446 4340.72286606736 2361.27613802367 3356.15106930543 3942.55627734088 4100.30486671418 1814.18025565267 3318.60286867832 2807.80163116984 3403.21539136153 3610.14196396762 4292.50800814629 2824.11490559432 3526.06366930604 2808.35806121655 2243.0448056158 1914.74541388666 2310.0324673043 2916.44046741914 2650.58955706084 2623.45192446898 2222.75167303952 2582.75531167782 3262.76339932886 2196.73052512137 2269.91189256323 2931.93622031585 3708.60485897325 3975.62888107026 2293.06018237638 2816.24750332779 3845.45185901475 3815.18348182627 3914.15699736227 3308.1339150645 3265.34837345114 4043.6678894291 3083.42342210732 3869.10842443062 3308.51175001692 5410.81093737344 3644.2591839769 5199.69951054866 6092.82364753814 5029.04066398354 3902.32302609612 5960.33765822038 5349.64952123034 5551.18230650012 5978.34634326249 4257.12637820396 5099.08079951671 4617.49390903767 4825.64762493077 5456.24642038829 4754.66875817864 4952.84009432972 4398.43722246891 5523.30290677598 4758.47927388572 4176.27226123968 3570.18907062357 3420.983045851 4552.19727164806 5703.67206280305 4162.70645133668 3913.11896062463 4264.46069274885 2829.8630708923 4712.01920624269 3558.26502666679 4657.05110558173 5458.82313324035 3399.26462635671 3610.5747464912 4388.47923545276 3840.16601203646
4494.85817351338 3930.25126423235 5032.95390402098 3531.64267728206 4841.81009540853 1857.58579882599 2139.80139265307 2332.11277600377 2083.71663140649 6352.6077322624 4376.64254880382 5131.15484077415 4454.56226805732 4871.72967230326 5454.92896379045 5859.50083198219 5642.971291793 2418.93571638438 5547.40930525232 2167.66002869454 2929.27038697352 2912.68776218804 2670.90808527736 2726.49041810163 3246.63287114512 4163.75731761591 3954.34887181189 2638.53652618265 3423.26598440729 3132.39125908626 2097.17071312757 3408.07863759039 2006.39602272333 2651.53257570033 2087.7619596113 2188.89241398475 2246.52509445143 2546.81173234301 6631.27061731008 5985.50332052368 4266.43879599837 3274.52286600659 5272.21490457284 7724.10998109167 4173.27808802625 3941.04998699585 4047.29848170357 3187.769596442 5666.67892155538 1041.93329920874 1167.52944288356 736.970148649184 0 2631.53947338815 1998.12412026881 1396.64777234634 1572.02099222625 1109.05365064094 1412.88711509448 1761.56890299528 2833.17401512862 3281.29166640212 3962.79573028941 4078.44946027286 3324.7180331571 2470.57685571609 2825.99539985471 3955.5340979443 4922.08035285894 2902.58505474 3177.85304883659 3986.38307241038 3389.96681399686 3632.32019513699 4462.69257287571 3829.24600933395 3123.09942204855 5689.90333837052 3391.34928899988 3713.82552094198 2743.28726166255 2557.34237050888 4639.63899457706 4531.90081533124 5238.85722271566 4283.17930981181 3562.74121990357 2820.12854316962 3000.52078812995 2994.47407736317 2721.90190859259 2003.27856275656 2925.85457601707 2773.19761286498 1905.58390001595 641.287766919033 930.725523449314 2310.16774282735 1257.22909606802 2559.9072248814 394.493345951488 867.107259801231 596.866819315666 2720.75357208256 2096.72363462618 1489.33710086065 895.125689498408 1205.1970793194 3492.312987119 3240.85251130007 3589.39409928751 3193.45032840657 2265.22625801486 3030.98581322975 2662.00112697196 2865.9640611843 1407.56882602592 2381.43864082197 2760.77434789589 1768.47391838274 1661.88898546203 2316.3818769797 4155.49335217854 4509.78103681321 3635.50202860623 3384.3389310174 4415.52658241347 4734.44822550633 3599.82638470246 4697.67229593551 4691.81468090972 3206.536293261 3544.71437495322 4028.88011735271 4102.59064494619 4681.14569309694 4563.16775935314 4369.06740620925 2473.10533540325 3209.65340808007 4073.77282135369 4141.93493430305 1283.30627677106 2867.2722228627 2198.43694474051 2772.85953484846 2922.9693806128 3586.78128689219 2155.51617947999 3247.88392649737 2223.45451943592 1722.82471540201 1259.2160259463 1793.56488591854 2217.26182486417 2205.67450001128 2218.24818268831 1849.66213130939 1849.66213130939 2559.05255905384 2040.83316319586 2172.69993326276 2718.57039636644 3313.8912172852 3495.53286352739 2019.59154286207 2331.71074535415 3314.07981195384 3680.5230606532 3590.61276107575 3007.17891054058 3103.72759758327 3932.9537246197 2680.13525778085 3611.52668548912 3019.20933358388 5181.81917862829 3411.92760767282 4869.16317245582 5845.56455785068 4724.60315793824 3506.06617165164 5741.29776270139 5095.27967829049 5215.60159521411 5648.5617638475 3799.17754257418 4683.4816109386 4316.03116300149 4409.22328760974 5270.792160577 4293.74545123485 4634.78694224449 3997.89006852365 5245.11677658372 4518.15781043558 3969.49304067912 3140.95924838257 3362.47676571898 4366.70642475539 5278.84930643033 3812.97128234662 3265.06125516812 3655.98823849312 2766.54116181198 4202.9751367335 3629.47999030164 4320.1562471744 4894.57607970292 2913.0096120679 3297.44219054709 3833.65034921027 3372.12840799398
6717.23529437521 6217.86739967973 5974.37235197138 3409.17878674616 5565.12578474198 2777.25133900409 2415.31571435289 2138.04817532253 1177.65657133139 7947.99503019472 5029.41348469183 6825.77834389603 6364.40295707304 6879.40767799089 6807.62440209505 7543.95453326702 7120.78822884096 1153.79807592143 7410.71858863903 4260.42838221698 5275.94778215251 5417.91011368775 5226.97331158291 4058.78676453937 5447.30437923199 5424.19348843678 4886.90853198625 4842.71359879975 5172.64439141142 3516.65679303511 1371.35881519025 3512.12186576719 3445.37733782528 4986.79506296379 3028.40717209559 4014.81630962115 3515.94581869516 4506.24566573994 8018.18246237887 7068.1503945516 3995.93543491383 2634.86242525108 6831.08702916307 8854.76566601285 4189.1228198753 3128.39815240963 3863.36964320009 1623.8457439055 7019.17017887442 2973.739228648 3495.80105269164 2188.74964306108 2631.53947338815 0 1479.0199457749 1986.98892800136 3575.43703622368 2536.73017879316 3865.71468165978 1045.52618331632 2354.11873107539 2968.48025090281 4657.38660624175 4290.25057543263 2760.66115269513 2057.00024307242 2535.49797870162 4161.88058454348 5831.54139143331 3079.7727188869 4479.53680641202 4360.47589145955 3233.70917059651 5679.89876670351 6082.60840429499 5423.38685693728 3243.64763807661 6082.35151894397 5425.288010788 4960.5947224098 3768.37166426031 3413.94200302231 5012.85846598525 6064.29097257049 6090.20730353245 4942.73456701855 5592.90845625065 4917.88826631919 4759.52991376249 4588.77707020073 4661.1425637927 4256.24541115759 4750.59206836369 4889.59354138971 4175.67359835512 3032.11972059152 2377.76155238493 4682.08020008201 3770.02984073071 4643.88038174973 2749.20443037618 2678.03566070357 2403.90307624912 5129.5711321708 4201.63658590316 3671.59706394915 2978.88401922599 2359.55504279938 5266.28426881801 5315.60203551771 5069.14687102278 4913.31100175839 3686.97030093816 4613.77015032175 4595.24210461212 4448.1737825764 2973.00353178398 4083.96253655687 4211.51694760926 3248.46117415616 3404.68427317424 3966.50034665321 5049.56681310387 5135.720494731 4654.23194523006 4169.38244827696 5271.3257345757 5967.83042654531 4442.26856459625 5612.31903939895 5582.39419962439 4481.8383504986 4378.92680916226 5327.93346429927 4835.41621786584 5771.75233356387 5145.14334105475 5355.48783959034 3280.81544741547 4218.63425767155 4501.18040073934 4840.26084007877 3697.54986443726 4275.95018680059 3591.7440053545 4476.18699341303 4657.1182076473 5515.43289325507 3882.8147007036 4268.34276974097 4700.13297684225 3503.65880188126 3861.1041167003 4145.10253190437 4294.61872580093 3203.12347560939 3705.14844506937 2991.02825128751 4223.89038683534 4936.47141184875 2968.16441593117 2857.11830346592 3837.39820711898 4278.06907377616 4342.37838056519 2504.24639362823 3219.76319004985 4281.4279160112 4012.01321034714 3950.6328606946 3597.65548656344 2754.20133614084 3618.78778045909 3231.19559915521 4163.00672591337 3168.30001735947 4647.98343370542 2961.20752396721 4871.47308316489 5478.87990377595 4500.76382406364 3772.59857392753 5095.34100919654 4943.87247003804 4922.65172442658 5393.86225259785 4293.74545123485 4825.97140480546 4129.24024488767 4761.69612638186 4660.60618374906 4814.43143060528 4889.65745221483 4148.87032817368 4683.34816130511 3955.5340979443 3467.9785178112 3572.55160914437 2393.48072898029 3956.08708195358 5454.69980842209 3840.41013434763 4614.44742087284 4791.78985348899 1927.7577648657 4772.315999596 1988.24671507336 4078.75593778299 5595.70147523972 3750.08333240743 3154.85736603099 4620.80891186814 3839.10796930745
6443.89245720318 5860.1941094131 6470.55832212337 4281.93881320133 6124.59182313401 2830.74636800968 2802.00820841053 2853.7256350252 1528.68407462104 8125.61536131264 5661.49273601936 6850.09124026826 6360.08058125052 6798.43732044357 7082.10773710765 7606.82259553882 7303.12433140776 2231.31127366847 7376.05924596596 3791.27287332368 4301.8164767921 4479.53680641202 4231.28231154576 4292.58080879091 5219.01571179854 5794.55563438647 5406.65099668917 4515.18272055517 5251.07131926429 4216.26315592374 1872.33143433528 4330.41568443493 3078.25031470802 4169.90707330511 2454.33290325498 3205.65905860246 2630.94564748115 3388.76821278765 8294.80258957379 7404.81262423297 4561.79789118282 3038.91427980455 6885.21967696021 9230.75701120986 4622.90493088491 3751.91617710204 4650.33600936534 2478.28065400188 7134.86159641517 2475.50499898506 3102.51913773308 2008.88650749613 1998.12412026881 1479.0199457749 0 726.722092687432 2477.14553468301 1404.45719051881 2997.70745737472 691.465834296967 3008.63341070327 3494.54932716652 5225.77745412106 4978.83018388858 3508.38281833668 2773.76098465603 2750.68173367985 4611.26338436659 6121.83591743523 3540.12711636178 4726.38868482058 4838.51733488679 3787.7268908938 5447.82066518346 6048.81186680492 5330.39632672844 3526.15229393173 6542.36195880356 5127.49939054116 4983.97431775085 4011.93531852147 3603.12364483929 5375.05813922045 5976.25509830362 6257.44556508485 5226.91352520778 5288.72621715286 4596.80595631358 4507.00843132116 4384.27588091808 4432.12702886549 3764.38906065778 4299.78197121668 4257.12637820396 3805.09526818975 2572.2072233784 2209.35510952857 4048.68805911248 3180.90002986576 4160.00300480661 1986.98892800136 1976.5816451642 1743.91800265953 4486.08961123159 3547.00577952729 3152.87567151006 2202.55533415168 1705.8722109232 5001.62473602329 4871.40893376855 4771.13718100832 4487.83076775406 3708.94189763064 4249.33818376462 3895.34979173886 3893.42394300955 2390.86804320105 3813.95464052734 3888.68551055495 3167.80681229143 3150.69436791321 3460.22036870486 4997.81202127491 4960.90969480397 4345.90324328557 4116.5823203235 5414.5059793115 5909.52620774288 3926.98994141824 5619.8865646915 5664.63811730282 3948.65483424419 4011.54583670684 5134.38165702551 4489.84966340745 5695.00877962449 5156.06439059871 5220.99128518713 3144.24076686249 3719.12288046523 4508.94943418087 4700.86428223577 2926.92244516318 3260.55976789262 2178.44554671445 3195.89580556063 3281.1964281341 4174.62573172734 2544.35650017838 3513.01152858911 3799.83552275622 2485.08048159411 2995.51748450915 3336.44646293028 3054.70947882119 1956.39975465139 2790.7212329432 1961.82313168135 3083.62611222567 3797.53209334694 2333.98800339676 2287.60245672188 3205.56157326606 3252.97940356222 3073.88191054894 1337.44158750953 1803.29559418305 2919.01096263786 3442.92753336459 2908.6079144498 2634.98102459961 1801.56182241965 2995.9347456178 1897.53129091459 3353.44971633689 2030.54795560213 3767.12755292411 1783.6058981737 3820.83106143153 4635.52855670203 3440.47598451145 2462.72207120495 4265.55975224823 4076.99337747807 3804.60247594936 4339.4988189882 2958.67368934122 3567.56219287064 3039.01711084357 3549.11960914253 3894.70794797248 3533.58882724066 3925.0796170269 2851.86342590244 3660.08879673704 2952.75295275443 2501.37462208283 2182.45847612274 1617.48261196218 3146.52586196268 4233.94024520895 2640.31248150669 3145.33384555598 3351.67868388364 885.296560481289 3373.79608156747 1633.43962239196 2870.32228155655 4161.35494761021 2424.48448128669 1835.2452152233 3161.78351567592 2400.26040253969
5843.5327499724 5246.78472971781 6180.1092223358 4239.76709265969 5888.01749318054 2552.69465467376 2672.19479080399 2823.67225435248 1724.45643609805 7671.13094660755 5439.95634173658 6379.50820988577 5838.87831693725 6249.9499998 6692.20628791432 7134.46739427688 6882.67753131004 2431.69179790532 6860.43912588691 3224.61237980629 3629.91046721541 3775.993246816 3510.07478552808 3923.0887066188 4635.59597031493 5431.04501914687 5120.66890161823 3931.76169165935 4777.61708386095 4057.55468231791 1990.60292373944 4234.45687190223 2661.06181814703 3514.79017865932 2142.86607140997 2660.23965085855 2213.31199788914 2783.9944324657 7891.17386704919 7081.53408521063 4587.27860501191 3176.96789407762 6448.40096458029 8888.82725673078 4578.96003476772 3923.48696952086 4633.977772929 2832.18113827488 6748.84249334654 1949.67946083452 2524.13351469371 1626.72984849974 1396.64777234634 1986.98892800136 726.722092687432 0 1821.57212319469 738.664335134708 2309.08531674341 980.433577556379 3069.40547989346 3527.56998513141 4998.06212446384 4866.91637487229 3589.8293831323 2805.46341982924 2798.77205216859 4514.49055819148 5848.18347865386 3446.10287136063 4364.12935188681 4696.4747417611 3777.3998994017 4899.04327394645 5601.45070495135 4892.97966478505 3457.69070334523 6397.70466651908 4582.37111111704 4633.3708032058 3718.36657687216 3350.46638544547 5239.93082015402 5551.013420989 6003.02007326312 5019.33760570058 4742.88941469227 4041.5034331298 4031.90401671468 3949.84176898265 3918.6253967431 3173.12937019593 3801.15114143071 3678.48474239054 3223.06143286162 1999.21859735248 1828.0795934532 3414.12507093692 2540.17715917611 3600.69437747777 1347.68319719436 1433.96303997 1202.86117237194 3839.02656932718 2969.95370334287 2580.9397513309 1599.02313929474 1308.86401127084 4519.47176116855 4311.90213247008 4360.97752803199 4015.12764429725 3326.691299174 3812.64343992459 3354.56778139897 3448.64103669837 1932.77650027105 3355.87171983674 3485.86431175971 2775 2692.8145127357 2999.79165943237 4738.5388043151 4779.38280534213 4055.70585718442 3884.98712996581 5160.30522353087 5560.63170871799 3686.54648688986 5353.85375220504 5402.89274370684 3585.56132286146 3771.68728820405 4770.61316813678 4281.4279160112 5384.12016953559 4980.02259031021 4938.93966353103 2903.76910239089 3428.37425028249 4374.49997142531 4496.80442091937 2271.83846256727 2832.29147511339 1653.02752548165 2655.30130117092 2719.94944805965 3587.91373920834 1939.87757345663 3215.68421957132 3110.5666686313 1914.41897190766 2285.27897640529 2686.30787513271 2398.3066943158 1585.28388624877 2329.96781093645 1551.00773692461 2364.97885825645 3095.6622877827 2039.14810644053 2067.90957249102 2875.54342690212 2967.53264514478 2825.2212302756 1138.80419739304 1453.87413485487 2618.92153376156 3359.03632013707 2832.51213589633 2463.483306215 2006.55176858211 3140.85975490788 1718.64772422972 3205.65905860246 2030.3940504247 4020.33891606168 2068.06068576336 3887.56028892158 4819.62135442194 3593.91847431185 2430.66348966697 4551.99132248734 4185.83922290381 3988.18567772364 4501.87460953768 2843.74313185984 3594.17932218191 3181.58765398661 3493.29715312053 4163.30697883305 3417.32717192838 3894.46722928824 2872.49891209727 3939.3051417731 3239.11639185751 2764.73326018985 2073.64413533277 2088.51023459307 3348.32047450658 4249.19109949176 2693.62673731904 2707.62811331246 2997.60320923234 1418.40579525043 3239.30933996739 2315.43732370367 3042.51129825347 3989.83082348112 2140.3854793004 1983.99848790265 2937.47340413492 2282.67934673269
5127.98693446073 4560.77022003959 6366.46487463804 5043.93199795556 6265.92969957372 2471.2092181764 2971.74191342384 3463.37985210979 2795.64393297859 7354.9728075636 5766.82321560146 6187.48737372449 5274.05204752475 5634.15920967805 6645.67528547701 6876.40894653597 6782.83679591364 3641.59992311072 6452.61574867123 2035.92730715023 1836.60692582817 2091.35123783644 1955.76072156079 3656.67198419547 3795.63894489452 5289.67153989735 5196.45311727143 2892.33901885654 4260.57507855454 4457.64792239136 2907.85573920028 4838.77567159297 1886.96184381137 1825.34243362718 1644.30836524053 1169.93589567976 1208.56319652718 1026.52325838239 7755.32075416614 7295.20390393579 5780.24653453466 4652.28438511663 6402.83140493329 8955.8988940251 5667.78175303178 5378.71964318647 5618.77433253908 4480.58310937315 6875.59088369865 1428.94191624432 1980.37243971936 2207.2324299901 1572.02099222625 3575.43703622368 2477.14553468301 1821.57212319469 0 1096.01551083915 914.467057908594 2659.53473374574 4351.79560641352 4788.59321721944 5403.93375236966 5625.27777091941 4858.36906790746 3993.11908162028 4199.10704793293 5477.56789095306 6318.2770594522 4459.11986831482 4526.03579305334 5516.90583570175 4929.5664109534 4554.39348322035 5601.95278452077 5010.05239493561 4597.28180558904 7165.10641930739 4338.49052090701 5035.49898222609 4233.86643624949 4073.2358144355 6110.5441656206 5679.95378502325 6585.25815743012 5733.72697292084 4490.33684705279 3793.66247839736 4141.93493430305 4207.50816992671 3835.68768280213 2945.6535777311 3918.14688341313 3513.81203253674 2895.90227735675 1984.62842869893 2501.74938792838 2974.57980225779 2112.01917604931 3490.07521408923 1606.82139642214 2085.21581616868 1936.16889759132 3264.00827204834 2941.51321601655 2594.58570874041 1954.80178023246 2392.95842003157 4564.53721641088 4104.34221282778 4695.47654663507 4197.84170735391 3695.77461434 4131.05616035415 3408.99545320905 3815.10157138706 2611.9915773218 3617.83775202814 3945.32951729003 3237.08974234574 3034.48924862159 3388.49155229875 5430.75731367182 5662.8725043038 4756.90287897493 4712.08552553962 5789.05216766959 5947.16318928613 4529.48672588849 5978.76450447749 6017.73420815509 4161.20475343379 4617.76461071805 5195.00962463016 5143.80695594226 5900.26482456508 5849.46578757411 5572.02835599389 3832.26434370073 4200.37200733459 5371.97589346788 5349.94158846618 2026.23419179521 3256.72381389641 1719.92005628169 2540.17715917611 1550.40317337137 2153.77575434398 917.196816392207 3962.48028386262 2408.83789408918 2231.17121709653 1468.2046860026 2366.03571401617 1840.85577925051 2424.61337124087 2856.89954321114 2468.55220726644 1225.25507548428 1464.15504643463 3069.81269786937 3225.19379262704 3639.45394255787 3668.8724425905 3412.66025264749 2516.19752801723 2166.93908543826 3030.98581322975 4503.47088366296 3869.26995698155 3501.87449803673 3513.10048247983 4561.59237547592 2694.78663348325 4202.00844834943 3271.94514012689 5251.90441649503 3343.08988811249 4885.43754437614 5978.86904021153 4668.8462172147 3323.96600463964 5776.78543828659 5335.31864090609 4894.51223310352 5455.15810953266 3505.17474600055 4321.89194682144 4290.17773524594 4264.97362242722 5481.90204217478 4043.82244911915 4870.18993469454 3683.83292237854 4952.77699881592 4445.64393535965 4116.81005148404 2873.69535615729 3730.44903463377 4698.6035159396 4938.11705005056 2955.71480356275 2331.71074535415 2402.86287582126 3081.5986111108 3620.25551584415 3923.40732017465 3699.15530898609 3950.07911313179 1776.75969112314 2944.16796395858 3040.25081202193 2739.52550636055
5463.85852671901 4877.69156466458 6128.26443620051 4417.29555271096 5915.92131455448 2250.69433731016 2543.37374367198 2865.09162157164 1945.98946554189 7442.4878233021 5428.16727818884 6204.73609430732 5492.5517749039 5897.7750041859 6562.4880952273 6937.1283684245 6740.78074113081 2760.66115269513 6603.31356214439 2593.98342323154 2902.69271539376 3079.56977514717 2860.72543247338 3621.29120618599 4169.60729565747 5224.16261232362 4992.18138692896 3372.96234784796 4415.7388962664 4036.93881548879 2136.1472327534 4313.35136523794 2116.74868607494 2790.27328410677 1663.95612922937 1952.24230053546 1609.93012270719 2077.55866343167 7735.8742233829 7070.8026418505 4996.24859269432 3720.55103445713 6337.68490854507 8825.35410054464 4944.31491715485 4456.10536230911 4919.92123920699 3443.38133235342 6715.00186150384 1425 2075.60232221878 1577.37915543474 1109.05365064094 2536.73017879316 1404.45719051881 738.664335134708 1096.01551083915 0 1626.72984849974 1580.54579180737 3485.95395838786 3953.71660592916 5020.33365425048 5050.12376085973 4006.71311675792 3154.95641808251 3302.46120340573 4813.13307524319 5944.06216320119 3740.98917400198 4281.20894140896 4924.55581753319 4149.3222338112 4653.35900183942 5505.50860502461 4840.26084007877 3834.54690934926 6629.10250335594 4379.64039619693 4696.00894377343 3784.26016547488 3511.40997321589 5513.27942335594 5518.43501366103 6166.08668443771 5218.29713603969 4541.81956929159 3820.74927206693 3965.87001804144 3944.85424318821 3756.16160461714 2939.06873005719 3751.74959185711 3517.90065237778 2931.08341744141 1732.41161390704 1872.4983311074 3121.19768678628 2178.44554671445 3442.11054441893 1127.22003175955 1472.03091000155 1227.29377086336 3510.34186369362 2834.82803711266 2415.18632821569 1510.38074669932 1591.38304628395 4441.4243210934 4133.7785378513 4416.30501664004 4001.64028868163 3322.83764273851 3848.61988250334 3285.76475116524 3513.3673306388 2049.69509927696 3333.35416660156 3571.67677708944 2794.19040152957 2663.99605855564 3046.41182376907 4951.07311600223 5097.36451511955 4279.23766575309 4141.70858463026 5333.0924424765 5644.90921096168 3988.57744064221 5541.04006482538 5579.2584632727 3754.58053582554 4063.86515524322 4868.97063043104 4593.60969173481 5527.94039403465 5278.49410343518 5135.05111951186 3182.17692782787 3684.68112595921 4724.47086984352 4790.68105805427 1990.4459299363 2946.39610371722 1529.0928683373 2543.37374367198 2216.69799476609 3022.41625194148 1412.88711509448 3476.88797633746 2731.98645677463 1898.18992727282 1786.23206778963 2421.13093408845 2077.55866343167 1837.11730708738 2448.59653679409 1816.93423106066 1819.68403850778 2439.0059450522 2369.59912221456 2464.87829314147 3116.98973370141 3222.86751201473 3041.17575947198 1648.86324478411 1634.58710382775 2749.20443037618 3807.39412196846 3248.46117415616 2857.99317703874 2624.52376632409 3728.68944805008 2063.52247382964 3595.57019122141 2522.02795384984 4546.56463717387 2567.34298448805 4313.78604012763 5324.06095006434 4048.07052804172 2773.53564967173 5079.61612722851 4678.34105212521 4370.64068530004 4915.91802209923 3097.37792334097 3896.79355367974 3643.23002293295 3814.61007181599 4727.7108625634 3673.72426836854 4305.95517858698 3191.88423975557 4361.33580454429 3739.48525869537 3325.93971683192 2353.85322397128 2765.18534640989 3917.03012497989 4549.31313496884 2705.31883518376 2505.11975761639 2710.3966499389 2086.56416148653 3381.56768378218 2944.16796395858 3270.12996683618 3971.38200126858 1846.78775174626 2316.92144881953 2944.80474734744 2404.42300770892
4243.22990185542 3702.11088434693 5643.41430341597 4643.67849877659 5609.42287584026 2263.43212842798 2822.45460548084 3291.0864467528 3060.33086446547 6490.42564089598 5122.86540912408 5379.2425117297 4383.70562424075 4736.55993311602 5847.54221874456 6040.59185841917 5976.04593355841 3663.84361019954 5593.41130259522 1386.09162756291 1517.60502107762 1552.82001532695 1436.57578985586 2998.95815242561 2891.04219962283 4516.70510438749 4505.89891142711 2042.82280190916 3427.28026283232 3968.07573012411 3063.80074417381 4386.48492531321 1725 1292.52659547106 1991.23077517399 1250 1776.40789234905 1426.97231928303 6925.22562809328 6573.14612647551 5533.19527940231 4639.10012825763 5639.14887194867 8170.56454597845 5379.12632311233 5309.95527288131 5248.39261107627 4593.54166194234 6163.80564262047 1179.24764150708 1276.95927891221 2026.23419179521 1412.88711509448 3865.71468165978 2997.70745737472 2309.08531674341 914.467057908594 1626.72984849974 0 2984.22938126411 4205.13079463648 4613.09278033729 4787.61422840228 5144.41444675679 4676.26988100559 3828.02168227924 4169.38244827696 5116.51737024316 5719.53888001472 4157.07228707897 3841.06105132423 5074.692108887 4680.87865683357 3757.82516889756 4879.35702731415 4355.81507871948 4384.48970805041 6673.54853132874 3603.99084349558 4478.42048048193 3707.50927173487 3660.77177655204 5703.94600254946 5030.96660692555 6071.2951666016 5263.13832233203 3756.57756475226 3063.18869807265 3543.74448853187 3660.6864110437 3141.05873870579 2305.0216918719 3421.34841838711 3000.93735356138 2155.51617947999 1524.79506819769 2254.4400635191 2331.9787734883 1451.50783669948 2901.18510267787 1499.37486973738 2010.13059277252 1906.56759649376 2578.03219529935 2503.2478902418 2092.39695086759 1817.27818453862 2440.54297237316 3943.19033271284 3455.70181005248 4231.28231154576 3721.30689408976 3150.39680040467 3687.56355877428 3047.74506807902 3503.0343989176 2456.87810035419 3102.01547384922 3551.14418180958 2779.16354322663 2568.19489135852 3052.15088093626 5051.29933779419 5449.94266024882 4492.00678984349 4405.82001448085 5308.54264370175 5410.75318232129 4455.47416107422 5541.49122529306 5548.4795214545 3946.59663507686 4461.64207439369 4731.08074333973 4997.62443566941 5437.88791719726 5548.76112298953 5195.55098136858 3611.09401705356 4067.9386671876 5146.1757645848 5098.3453198072 1604.8753845704 3339.53589589931 2314.49238495183 2787.69618143728 2196.30371305974 2572.69314143759 1681.88881915542 3983.55996565886 1918.65838543499 2268.67251933813 914.808723176599 1933.42313009853 1980.53023203384 2831.73974792882 2869.77786596803 2687.70348066895 1163.50762782201 1351.38817517396 3098.18495251655 3284.52812440387 3567.29939870485 3893.98574727746 3874.91935399951 2936.4093720052 2771.84505338953 3560.98652061476 4635.59597031493 4287.33600269445 3796.13290072937 4030.27604513636 4925.12690191837 3265.06125516812 4408.01826221262 3787.7268908938 5888.86661421364 4075.53677446297 5451.49062183913 6540.68994831585 5319.12821804476 3985.75588815974 6436.51691522674 5821.35078826212 5654.97568518203 6145.12001510141 4143.97152499869 5029.78627776569 4934.25526295509 4840.06714829454 6064.96084076394 4627.49932468931 5280.38824330181 4400.35509930733 5743.80100630236 5164.78460344669 4746.1168337916 3561.1620294505 4324.63871323374 5213.74385638574 5607.47269275562 3864.42104331296 2994.68278787587 3213.83727030477 3694.92895736846 4336.90557886611 4568.43791683766 4578.75528937723 4726.32256622419 2689.91170858822 3754.41406879955 3801.06892860416 3552.99169714763
6076.8515696864 5523.0200072062 5848.18347865386 3594.52708989653 5487.14406590532 2489.72890090467 2362.59920426635 2280.48788639624 1203.64031172107 7597.03889683342 5011.54916168643 6362.83152377933 5899.0465331272 6361.25970229168 6517.71624113846 7110.07208120987 6766.55377574139 1592.75704361965 6913.52840451242 3627.06837542388 4404.82689784741 4522.37492917162 4281.71986472726 3799.58879354069 4859.1408705655 5220.27298136793 4794.13704434907 4237.18656657929 4781.80143878852 3576.83519329588 1464.15504643463 3657.27015682462 2948.72853955735 4182.25417687639 2518.0597689491 3292.89006801017 2844.95166918526 3635.50202860623 7734.54103357142 6829.21115503101 4008.50657976259 2574.02894311622 6390.27581564364 8647.18162177712 4088.16890551259 3247.11410332313 3992.80603085099 1971.35740037163 6627.82958441148 2292.10601849042 2800.22320538917 1544.74917057754 1761.56890299528 1045.52618331632 691.465834296967 980.433577556379 2659.53473374574 1580.54579180737 2984.22938126411 0 2383.01279895849 2927.24272994229 4582.09831845629 4320.95186272655 2884.54935821872 2100.74391585457 2293.6052406637 4040.65279379459 5567.42759270383 2932.68221940257 4154.89169533936 4239.76709265969 3195.11345651449 5048.3289314386 5581.1065211121 4882.87824955732 3009.67190902929 5975.83676149207 4752.95960428868 4503.12391568342 3434.38495221488 3046.00147734698 4839.22772764415 5537.93734164626 5767.58181563123 4688.54988242633 4918.71426289432 4226.55296902807 4113.69663441533 3975.3930623273 4020.64982310074 3463.19938784933 4002.03073451467 4042.74040719906 3452.08270468713 2245.69031702949 1718.46588560844 3825.40847492134 2931.08341744141 3863.45053029025 1807.96847317645 1748.92824323927 1479.2312192487 4273.24525390247 3334.38525068715 2854.16362530252 2029.93226487979 1453.65917601066 4620.67365218536 4563.85253924795 4428.10625437105 4187.6305949785 3192.66738010711 3922.53107062264 3727.18056981413 3668.19097103736 2123.23456075866 3418.78999062534 3542.06860464334 2676.40150201721 2728.32366115166 3187.67156401032 4594.28993425535 4665.96720948615 4054.16452552187 3704.97975702972 4923.54039284741 5483.66893603179 3777.15170465789 5193.74623946916 5203.84473250307 3747.16559548681 3772.35006328946 4760.38338792161 4268.12312380981 5292.21125806595 4766.61567571794 4854.70132963914 2734.15892003373 3525.79778206295 4129.46727799119 4367.35045536765 2767.89631308689 3346.73348206875 2578.03219529935 3452.62581233472 3694.84438102608 4554.46209776742 2908.93021573224 3480.21191883483 3735.05354713959 2506.74091202102 2917.40466853675 3206.82865148732 3250.0961524238 2232.2914236273 2776.01332849826 2029.00837849428 3210.4322138927 3963.82075780427 2164.05291062857 2105.64716892456 3061.45390296833 3417.05282370642 3453.71177141347 1577.37915543474 2256.93376065847 3354.66093666707 3406.15252154098 3199.70701783773 2794.19040152957 2143.88665745183 3135.8810564178 2343.87499666684 3439.65841327304 2406.50161022178 4219.6711957213 2403.25300374305 4250.66171319243 5023.07176934592 3938.11503133161 3000.93735356138 4727.11592834362 4405.25254667652 4400.63915812237 4870.12576839654 3481.10973685117 4142.23671462653 3536.06419624984 4014.73847217973 4277.48465806717 4016.9173504069 4218.18977761788 3435.47667726038 4266.512041469 3503.65880188126 2966.69007481402 2741.57801275105 2028.70032286683 3472.9310387625 4779.18664628198 3295.73588140797 3646.05951679344 3921.9733553404 1425.87692315992 3961.77043756955 2032.24014329016 3559.58213839771 4794.91918597175 2976.36523296453 2515.94912508183 3763.14363265608 3039.83963392808
5414.85226021911 4966.38701673561 4127.19638495674 1880.65812948553 3589.39409928751 3485.14705572089 3163.95717417287 2560.39547726518 2919.76026413129 6196.06730111932 3373.70345466225 4979.52055925066 5084.41245376494 5505.50860502461 4924.23851981197 5694.35027022399 5200.36056442243 1913.92920454232 5707.06798627807 4582.64388753916 5710.84494624044 5586.42327433216 5283.05072850905 3642.54375402685 4691.34842023058 4141.55767797576 3619.39221417077 4631.6843588483 4316.61035999313 2671.14207783862 2854.16362530252 2334.92505233037 4299.56393137723 5367.61120052487 4374.42853410591 4911.78429900988 4804.68521341409 5361.2615119951 6111.10669191759 4918.65072962088 1734.03431338598 1098.57862713599 4849.03340883521 6747.59216313494 1891.59324380269 1324.76412994918 1702.57158439814 1289.37969582276 4888.31514941498 3543.83267099337 3363.96343618655 2299.18463808368 2833.17401512862 2354.11873107539 3008.63341070327 3069.40547989346 4351.79560641352 3485.95395838786 4205.13079463648 2383.01279895849 0 717.635004720366 2864.98254793987 2189.89154982616 522.613624009172 616.948133962653 1070.33873143038 1814.00799336717 3578.40746701658 834.7903928532 2842.64401570088 2044.65767305923 886.002257333467 4180.6847525256 4158.87605008853 3535.00353606612 1111.58670377079 3729.19227179291 3910.32287669446 2912.36587674008 1913.43931181525 1485.55545167456 2677.33542911605 4070.47294549417 3812.64343992459 2645.51507272213 4048.30211323216 3562.47807010794 3121.89846087281 2865.74597618142 3205.17160227031 3242.8768092544 3294.12355566697 3729.4436582418 3242.78044276821 2746.47501354008 1953.36248556176 3754.99667110372 3270.89437310348 3379.16409782064 2831.29828877143 2480.42335096249 2459.29359776339 4158.95118990353 3238.15147885333 2820.23935154447 2747.84006084779 2212.88838399048 3554.31076300314 3886.675957679 3298.20026681219 3362.10499538608 2114.97635920594 3015.79177000004 3520.38705258385 3135.38275175456 2303.39423460249 2592.41682605248 2627.26093108393 1936.97573552174 2229.91031209778 2730.61348418263 2990.19230150838 3323.58992657036 2964.37177155633 2218.81161886267 3035.62184733211 3862.2370460654 3194.62439106697 3457.41955799408 3370.27446953509 3135.68174405503 2881.29745080233 3392.27062599669 3283.00548278555 3679.16430728501 3080.07710942437 3358.29197658572 1686.15687289172 2923.61078120874 2541.4070905701 2964.16092680543 3251.53809757782 3816.49380976833 4246.91064186663 4529.14175092809 5509.59390518031 6268.32314100031 4726.85148909927 3423.17469609718 4189.64497302576 3281.57736462208 3762.14699340682 3541.18624192515 4399.50281281874 3534.38467063222 3200.1953065399 2979.19871777631 4425.28247685953 5285.17975096401 2340.27242004003 2227.38636073762 2839.67427709588 3975.55027637684 4622.83733220195 3032.84107727391 3965.16077858137 4746.44603888004 3228.48648750463 4088.01602247349 3470.77080776014 3461.0330827659 3574.73775261906 3912.00076687109 3674.40471369173 3727.43209193675 5413.46700368627 4335.10380498553 5341.64066556334 5893.74668610723 5288.66712887094 4624.59457682509 5912.43393197759 5147.32940465247 6057.38186017689 6245.84862128438 5016.2859766963 5737.3229820187 4935.20516290863 5273.81503278225 5245.29551121765 5355.42948791224 4889.33788973517 5131.8856183668 6010.25165862462 5106.91932577753 4382.35096723209 4497.36033690875 3611.18055488783 4381.63782163702 6215.95728749804 5640.75571178189 5403.35543898419 5976.25509830362 3429.01224844707 5685.67278340919 3901.76242229073 5733.72697292084 6716.21172983699 5206.12619900824 4644.75510656913 5641.58665625194 5058.47061867517
5435.81870558612 4985.98034492716 4091.60726365569 2209.49654899029 3500.89274328706 4123.56035483901 3841.95588209964 3250.86526943212 3593.04884464434 6110.33959776378 3490.97049543533 4812.28895641149 5199.87980630322 5551.85779717024 4806.8310767074 5529.29697158689 5032.0224562297 2628.33121961445 5597.37661766653 5074.75368860401 6094.97744048327 5915.4987110133 5563.1038998027 4123.48457011785 4956.4352109152 4357.46485929606 3883.94129718769 5034.13349048275 4627.16165699881 3151.19025131775 3548.7673916446 2748.97708247995 4892.97966478505 5785.65035238045 4982.78285699869 5430.75731367182 5357.23809439155 5795.52629189101 5959.28896765378 4626.62133743405 1084.83869768736 872.854512504805 4598.98086536572 6474.17948469148 1220.91154470748 877.496438739212 1575.99175124745 1651.51445649137 4537.96485222175 4083.0442074511 3795.88593084671 2840.55452332815 3281.29166640212 2968.48025090281 3494.54932716652 3527.56998513141 4788.59321721944 3953.71660592916 4613.09278033729 2927.24272994229 717.635004720366 0 2938.64339449345 2104.3110511519 583.630876496438 1310.77267289183 968.568531390526 1276.95927891221 3180.40877875785 775.806032459145 2939.06873005719 1665.27024833809 412.310562561766 4131.05616035415 3918.38614738262 3288.80677450044 594.243216200236 3189.33770554327 3820.09489410931 2581.0608284192 1945.828872229 1454.94845269515 2081.01537716568 3729.77881381725 3260.55976789262 2150.29067802472 3934.62196405195 3559.31875504288 2967.53264514478 2668.8012290165 3195.40685985369 3335.22862784547 3115.08426852308 3641.59992311072 3430.10568350306 3131.39345978751 2404.81288253369 3813.79076510498 3537.83125657514 3329.60207832708 3211.50276350496 2784.33115846517 2854.92994660114 4190.68908414833 3247.01786259331 2975.10504016245 3018.79528951534 2513.33941201741 3334.76011131236 3760.81773022836 2946.2900400334 3117.89191602275 2203.54827494203 2764.9593125397 3410.00366568718 2919.43915846863 2462.34136544875 2527.47403547494 2401.56199170457 2121.76223927187 2375.39470404394 2628.45011366014 2437.46794850722 2723.73823999297 2514.45819213603 1740.15085552949 2516.94258973064 3382.58407138684 2824.11490559432 2885.09098643353 2815.80361531127 2829.7526393662 2457.00529099959 2951.69442862909 2780.84969029252 3144.24076686249 2435.54408705735 2807.24509083194 1503.53749537549 2602.40273593462 1914.0924742551 2386.157999798 3456.51558654087 3746.74859044479 4512.06715375558 4615.26001434372 5845.99221689526 6588.00994231187 5092.94855658292 3200.48824400278 4303.55957319055 3411.92760767282 4054.7811284951 3655.81728208618 4576.36591631395 3704.30492805331 3202.14771676761 3131.39345978751 4699.800527682 5597.15329430953 2374.21039505769 2249.1665122885 2660.5920393777 3877.49919406826 4658.12462263516 3280.33915929436 4218.11569305537 4851.93260464323 2949.25838135624 4058.55577761351 3437.47727265214 3620.25551584415 3465.72503237057 4106.85402711126 3484.78837234056 3855.02918276892 5437.6580436802 4629.32230461436 5310.89681692273 5793.85450283315 5348.36423591363 4789.76773967173 5927.21477592975 5024.44026733327 6198.13480008301 6286.34432719049 5137.66727221606 5852.08296250147 5022.32515872877 5293.9234032993 5213.26433245045 5399.36338840052 4746.906887648 5300.58958984753 6198.84061740581 5271.91853123699 4514.97508298772 4714.73753246138 3872.09568580117 4358.46876781284 6263.83468811239 6092.87493717047 5643.02667014786 6317.88136957319 3809.28142830114 5849.94658095268 4320.1562471744 6081.78633297817 6937.75900417419 5654.75463658681 4991.36754807738 5874.73403653306 5352.16077860148
3745.16354783072 3650.42805709139 1325.47161418116 1511.20812597074 988.36987003854 3979.55713616478 3787.6443866868 3300.37876614185 4607.67023559629 3590.00348189246 615.426681254559 2915.90466236467 2939.91921657722 3388.03040128037 2355.31314266278 3410.64510027062 2807.46772020624 3649.82876310657 3524.37937798983 4518.01947760299 5976.25509830362 5678.79828837052 5522.90684332082 2676.05119532493 3384.06190841716 1688.3794004903 1274.01923062409 3926.27367869332 2619.16017074176 1798.78431169498 4332.79644109898 1513.68755032206 4753.22259104284 5471.00310729212 5387.83351635887 5538.38875486364 5860.51405595106 6190.21405122634 3488.9110048839 2718.9152248645 3000.62493490939 3772.43290198779 2936.19651930861 4296.29200590463 2916.11899620026 3679.07936853773 1805.02770061847 4095.80578152822 3147.81670368527 4245.80675490536 3545.68399607184 3478.77492804579 3962.79573028941 4657.38660624175 5225.77745412106 4998.06212446384 5403.93375236966 5020.33365425048 4787.61422840228 4582.09831845629 2864.98254793987 2938.64339449345 0 1117.47483193135 2739.29735516245 2735.41587331799 3658.55162598534 2367.22411275316 2257.34910902146 2265.22625801486 1141.27122105133 1837.4574825013 2570.1410467132 2925.74776766556 2683.63093587773 2615.936734709 2970.26934805583 2992.69945032908 3047.12979703852 2414.28043110157 1586.86010725583 2136.29351915883 2762.01918892683 3057.2659354397 3241.62382148207 2369.20345263973 3146.52586196268 2936.30294758562 2861.48999648784 2801.45051714286 2619.16017074176 3329.69593206347 3545.68399607184 3990.22242487809 3023.45001612396 3469.69018789863 3200.58588386564 3820.74927206693 3628.10212094423 3429.74124388415 4079.44542799631 3965.23958923039 3962.16481232167 3997.65556295187 3856.81215513538 3399.54041011428 4051.08010288614 4063.09611011111 3073.67857786074 3521.80706456217 3504.99643366438 3623.10295189082 2092.54629578416 3439.56756002844 4228.62270721804 4027.71647462927 3782.19512981549 2864.21891621433 3317.47268263056 2533.03178029807 2850.1096470136 3659.4910848368 3468.51913646155 4487.83076775406 4017.85079364578 3260.17637559688 2795.19677303763 3397.97733953598 4805.33557621109 3510.43088523332 3202.44047563729 4319.21578530177 4338.34645919387 3487.56720365357 4690.81549413319 3630.51304914333 3886.99755595498 3811.1678000319 3278.90987982287 4414.53564941999 3828.91956039821 4049.92283877113 4028.10439288755 5403.35543898419 5947.32082538011 5998.33310178753 6765.63005196116 7263.3497781671 6063.10563985158 5133.34686145404 4642.19775537406 4752.43358712144 4399.78692665906 4205.72526444607 5595.86901204808 5513.27942335594 4773.03624541025 4887.10036729347 5314.24971185961 5903.28298491611 4285.00291715187 4318.78165690279 4464.65284204718 5878.40326959626 6649.53005858309 5229.36420609619 5948.5817637484 6703.87015089045 5377.84808264421 6366.61212891126 5634.76929430123 5999.73957768168 6129.89600238046 6079.21664361454 5771.21087814334 6093.28523868693 8045.80636108029 6782.42213372185 7772.70866558113 8460.90272961461 7803.08432608542 6908.41877711535 8582.17629742014 7625.65570951115 8560.30081247149 8772.32865321404 7207.02782012113 8078.75299783327 7429.88055085679 7546.02544390091 7906.40563087931 7541.55156449918 7175.21776673015 7452.05508567939 8576.85839920422 7694.07239373272 6972.66986168139 6683.60868094475 6252.69941705181 6978.67286810322 8557.30681932113 7629.95740486144 7047.4729513493 7596.29844068807 5897.56305604272 7803.76511691632 6475 8015.53179770376 8692.99286782176 6852.87348489668 6917.41461819371 7603.16545920184 7141.95351427045
4556.86295602578 4355.81507871948 2136.73231828416 1259.464171781 1499.37486973738 4326.73375654199 4038.71885627113 3418.15008447552 4524.72374847349 4434.03033368063 1572.02099222625 3550.88017257693 3944.85424318821 4330.12701892219 3103.42552673654 4103.80920609134 3472.12110963889 3415.22327234985 4295.49182283007 5108.20418542564 6477.89510566511 6208.15995283627 5974.63387999633 3433.47491617457 4259.76818618103 2799.66515855021 2316.3818769797 4684.08208723972 3603.29710126712 2259.0097388015 4303.70479935602 1724.45643609805 5176.93200650733 6023.96256628475 5636.48826841678 5934.85467387366 6114.17410612423 6517.76418720407 4194.19241332584 3013.9260110361 1971.9913792915 2973.00353178398 3391.90212122933 4711.75391972034 1973.57543559906 2719.03015797913 742.041103982791 3393.83632486895 3373.79608156747 4557.20583252501 3977.82918185284 3546.56523977778 4078.44946027286 4290.25057543263 4978.83018388858 4866.91637487229 5625.27777091941 5050.12376085973 5144.41444675679 4320.95186272655 2189.89154982616 2104.3110511519 1117.47483193135 0 1903.28663106743 2268.53476940513 2977.62489242685 1477.75167061317 2081.01537716568 1622.88323671175 1837.4574825013 1023.47447452294 1705.32255013531 3502.67754724868 3040.6619345136 2798.77205216859 2239.6986404425 2357.70015057047 3461.3942277643 2293.19645909373 1575 1838.13764446518 1976.10728453695 3172.24289738349 2827.65362093733 1790.42592697939 3555.5414496248 3347.48039576037 2984.64822047758 2804.1264236835 2973.84431334258 3600.78116524734 3555.71722722716 4113.77259945175 3443.29057734023 3674.91496500259 3189.43568676341 4114.68407049679 3934.06596284302 3611.35362433534 4138.31185388438 3896.55296383868 3919.82142450393 4359.32907681905 3926.67161855941 3538.44951921036 4043.20417490881 3862.47977340982 3219.66613175963 3777.15170465789 3342.34199327358 3573.60112491587 2196.58826364888 3317.47268263056 4204.61056460643 3846.26442148743 3633.00839525592 2888.33862280724 3125.39997440328 2547.79316271945 2894.49909310748 3527.48139612387 2969.95370334287 3852.51541203926 3572.20170203196 2727.86546589087 2339.47109407233 3187.27940413137 4313.49626173479 3046.00147734698 2751.47687615215 3991.63187180381 3828.67470543007 3236.60701970443 4123.25720759693 3271.94514012689 3218.88956008124 3354.28830007201 2843.41344162259 3988.81247992432 3114.98394859428 3448.27855603343 4178.89040296584 5171.79852662495 5881.06070364862 5926.95115552676 6919.08592228771 7516.06612530784 6178.8955323747 4740.64868978919 4889.65745221483 4657.99044653378 4669.78318554513 4355.52809656877 5661.49273601936 5281.21671587145 4568.71152514579 4649.59675670912 5529.35348842882 6251.89971128776 3942.23921141272 3918.6253967431 4108.6037774407 5527.26198040223 6353.34557536421 4933.81191372351 5765.46832442951 6477.12320401581 4791.52898352916 5922.30951572104 5221.64964355136 5533.13880180138 5501.53387702012 5798.54507613763 5279.50044985319 5695.33800577279 7477.38256343756 6423.78393160916 7272.98081944398 7841.43641178069 7319.53721214668 6579.79862913752 7986.94246880494 7033.18029059401 8132.11227172867 8277.22779679284 6901.6302421964 7713.05711115897 6968.63508873868 7150.78667001051 7281.74086328263 7198.35050549777 6656.01231970014 7116.39831656436 8135.03226791388 7224.26466846281 6479.82445749883 6417.7001332253 5769.53204341565 6393.4048049533 8157.28202283089 7534.50396509286 7018.94757068323 7629.79357518931 5531.0487251515 7560.17526251872 6041.16089837044 7769.16983982201 8548.13576167342 6890.80002612179 6661.12790749435 7455.24144478232 6959.25642579723
5554.50267800818 5144.47519189275 3960.82377795327 1765.29034439097 3370.55262531235 3897.1945037424 3543.12714984941 2887.68938772853 3372.77704569988 6112.33384232242 3237.47586863593 4937.99048196734 5179.46667138616 5587.70972760755 4803.25410529154 5625.49997777975 5090.00245579509 2278.43147801289 5699.45172801735 4999.87499843746 6171.96281583096 6023.59942227237 5719.37496585073 3889.24799929241 4940.45797472259 4166.00828131678 3621.20490997127 4973.74355993551 4497.63826913637 2770.49183359201 3285.85985702373 2327.82086939696 4747.69681003326 5814.26048608075 4861.32697933394 5396.75828623073 5309.95527288131 5862.913098452 5959.55115759568 4691.88128579571 1337.44158750953 1213.9810542179 4763.13972081441 6497.54761429264 1578.76534038469 1098.00956279989 1305.9957886609 1531.54333924966 4734.44822550633 4013.80430514493 3777.64807783891 2779.5008544701 3324.7180331571 2760.66115269513 3508.38281833668 3589.8293831323 4858.36906790746 4006.71311675792 4676.26988100559 2884.54935821872 522.613624009172 583.630876496438 2739.29735516245 1903.28663106743 0 1010.56914657039 1347.68319719436 1520.27957955108 3354.56778139897 853.668553948194 2893.31125183586 1767.76695296637 616.948133962653 4310.88737964703 4133.17372003646 3558.52848801299 1131.92314226718 3362.10499538608 4059.71058081731 2884.22433246792 1995.15037027288 1630.56738591203 2377.49868559375 4033.06645122542 3589.65527592832 2427.06097986845 4185.31659495432 3770.02984073071 3272.32715357129 2999.27074469778 3395.40130176096 3559.93328589175 3501.51752815833 4001.95264839553 3557.91371452429 3191.00297712177 2423.83992870816 4075.30673692177 3673.80933092614 3636.1896265184 3323.11976913261 2964.05549880565 2961.84064392398 4456.31574285306 3574.73775261906 3194.23308479516 3217.91858194082 2707.16641527631 3660.08879673704 4076.99337747807 3389.1370583085 3534.56150038445 2324.32785983389 3187.18135662218 3816.57569032765 3379.16409782064 2738.38456028367 2824.00424928859 2824.11490559432 2257.48754149386 2569.16815331344 3025 2926.70890250465 3294.21842020228 3059.92238463658 2256.93376065847 2870.6488813507 3771.43871751882 3380.64342988136 3326.127628339 3209.45867709806 3346.73348206875 3020.55458484034 3402.66439720405 3360.6175027813 3588.95876264969 2956.56050166405 3311.53287768671 1946.15004560286 3137.37549553763 2476.51468802428 2947.56255234728 3675.68020915857 4185.09259156832 4743.0870748912 4967.26786070572 6017.5784166058 6767.29266398314 5238.91687278964 3708.26778968294 4577.52662471776 3725.83883172635 4210.32955954757 3932.9537246197 4859.52672592712 3999.53122253096 3595.91782442258 3437.47727265214 4897.06544779626 5756.62661634399 2747.04386568544 2627.37987356225 3142.55071558121 4330.48784780653 5037.11226795671 3512.12186576719 4454.00101032768 5190.91754895028 3462.11640474436 4456.87670908676 3847.15804198372 3874.03213719246 3858.99922259645 4376.71394998576 3969.96536508821 4154.13950175003 5746.41192397482 4788.26690985371 5688.69492941922 6174.59512842745 5663.31395915854 5069.3934548425 6229.06493785383 5434.89880310572 6460.74686085131 6607.94975767825 5453.89768880935 6156.80517801238 5325.11736959853 5664.25193648729 5541.77318193374 5763.35405818522 5194.70884650911 5572.53308648769 6413.17004296627 5502.9537523043 4771.33367099808 4965.56895028153 4020.57209859493 4702.99106952161 6609.17922286875 6144.61146045867 5895.17811435753 6489.31814599962 3890.37273278538 6141.35571352124 4307.62405509116 6208.26062597246 7194.65947769594 5727.61948805959 5126.46320575892 6124.79591496729 5548.98639392817
5247.73760776966 4814.36652115312 4044.98145854836 1644.30836524053 3575.17482090037 2899.46115683587 2555.63103753261 1945.50764583437 2437.85253860852 6105.78619016421 3194.33091585703 4972.42395618073 4835.61009594446 5309.07242369135 4881.08594474631 5675.38544946509 5193.44538817922 1396.8715044699 5639.70300636479 4088.39821935193 5330.39632672844 5239.6326207092 4987.98556533597 3125.09999840005 4335.53629900616 3832.50896933067 3290.23175475528 4180.6847525256 3920.77798402307 2195.02277892508 2322.31027212128 1956.08026420186 3755.74559841318 4947.41093906702 3869.91601976064 4446.48737769489 4351.79560641352 4984.85205397312 6083.58446970205 5033.38852066876 2282.26860820544 1634.39591286812 4916.68079094016 6830.12627994534 2414.79812820865 1923.05096136322 1904.10740243296 1467.35305908292 5045.41871404148 3058.9009464185 2934.59963197708 1847.12614620659 2470.57685571609 2057.00024307242 2773.76098465603 2805.46341982924 3993.11908162028 3154.95641808251 3828.02168227924 2100.74391585457 616.948133962653 1310.77267289183 2735.41587331799 2268.53476940513 1010.56914657039 0 1507.48134316813 2234.66999800865 3808.29686342859 1111.86779789685 2670.20598456374 2336.39679849122 1384.96389844645 4099.08526381191 4233.42355546902 3636.70523963656 1609.34769394311 4103.80920609134 3878.46619167939 3107.04843863111 1868.32143915334 1566.44501978205 3109.0593432741 4238.14523111231 4173.80222339296 2985.06700092309 4032.44652785378 3472.30111021495 3179.72089970173 2971.63675438301 3129.29704566377 3111.57114654317 3395.12518178638 3752.58244413097 3011.8515899692 2403.38303231091 1603.51177108246 3644.2591839769 3003.85169407546 3362.75556649602 2545.95267041632 2299.04871631725 2194.59563473547 4053.54782875446 3213.64279284428 2675.23363465698 2569.77625485177 2093.74067162101 3647.6019519679 3904.24448517252 3530.22662162077 3513.81203253674 2014.01340611228 3187.18135662218 3596.00472747186 3312.85375469549 2255.54871372799 2617.48925499227 2804.1264236835 1791.99609374574 2110.83514278117 2829.64220353033 3388.67599513438 3807.31204394912 3328.75727562104 2604.5633031278 3382.39929635754 4160.6790311198 3556.15663322076 3851.05505024273 3743.41087779581 3406.33600808846 3265.92253429257 3685.18995439855 3718.03039256002 4037.71284268706 3567.73737822727 3753.99786893919 1945.18636639269 3238.15147885333 3047.64253153154 3422.26167906547 3072.96680750053 3940.65349910392 4106.7779340987 4508.04835821445 5255.35441240646 6001.3540138872 4457.71802607567 3684.59631438778 4054.93526458808 3236.60701970443 3491.1495241539 3427.91846460793 4275.65784412177 3517.98948264488 3273.66384957283 2977.20506515759 4189.42120107301 4992.36917705412 2457.89544122609 2381.56986040721 3066.0438679184 4158.50033064806 4709.43202520219 2994.78713767773 3875.3225672194 4766.22229863442 3593.22278741522 4268.34276974097 3645.9738068176 3547.79861322483 3873.70946251781 3897.67558937375 3958.14034617268 3802.38412052228 5596.65078417441 4282.96042475295 5533.76002370902 6160.50931336038 5423.15636875796 4643.94767412382 6106.04208960272 5422.9258707823 6119.53838128335 6389.93348948172 5053.09311214428 5796.22722121899 5048.0813186794 5401.38871032256 5480.98987410121 5450.91735398731 5151.8200667337 5149.3324810115 6046.90003224793 5173.61092468307 4483.92963816338 4461.01165656401 3637.13486139846 4607.80587698744 6324.9505926924 5383.42363185362 5271.3257345757 5757.06088208211 3326.22158011158 5673.07235984171 3792.50906393116 5600.55800791314 6634.4272548578 4905.29051127454 4517.53527933098 5552.98343235418 4941.15371143218
5635.04658365838 5098.83565140121 4830.82549881488 2907.96320471907 4297.31020523304 3961.92819218118 3755.82880334022 3290.51667675458 3208.29004299798 6687.90886600588 4224.48221679296 5278.96770211753 5552.53320566388 5890.35228148538 5442.65560181792 6040.90225049206 5621.99919957305 2534.01854768271 6024.22194146265 4852.57663514962 5648.06382754303 5514.41293339554 5123.71935218938 4321.60271195768 5058.84127048873 4880.89387305235 4454.2816480326 4978.26526010818 4899.48976935354 3602.51648157229 3263.52953104457 3335.22862784547 4603.59913545912 5419.12123872497 4533.90008712146 4981.08923830923 4816.44318974074 5215.72142661013 6619.10114743686 5343.45393916706 1892.41908677756 498.7484335815 5099.38721808807 7221.88514170642 1935.52318508459 1240.21167548125 2513.58807285522 1355.77468629562 5095.70897913136 3736.55924615146 3591.91801131373 2526.23732060153 2825.99539985471 2535.49797870162 2750.68173367985 2798.77205216859 4199.10704793293 3302.46120340573 4169.38244827696 2293.6052406637 1070.33873143038 968.568531390526 3658.55162598534 2977.62489242685 1347.68319719436 1507.48134316813 0 2074.54814357247 3855.27236391931 1401.33864572415 3409.17878674616 2482.69007328744 1340.94183319039 4322.6149493102 4317.62376776856 3592.09200884387 934.07708461347 3967.20934663146 3937.00393700591 2957.40595793002 2378.68135739111 1770.94607484248 2769.70215005152 4073.92623890026 3802.38412052228 2791.61691497956 4059.32568291829 3607.8906579884 3046.00147734698 2762.35859366593 3296.2099447699 3159.41054628866 2976.05023479107 3384.80058496804 3349.06703426492 2819.7960919187 2105.05344350209 3575.69923231807 3247.40280839935 3187.57352856369 2683.63093587773 2199.00545701915 2298.09703885628 3991.0838127005 2890.50168655893 2683.63093587773 2453.31408506942 1823.80097598395 3454.34508988317 3728.35419454751 2955.50334122633 3005.30780453517 2385.63408761696 2658.59455351883 3020.14072519808 2566.61255354212 1896.04852258585 2482.18653610078 2255.68725669141 2094.93436651366 2228.36823707394 2277.47118532815 2641.14085198045 2637.82580926035 2319.61742535272 1796.87228260664 3014.23705106284 3716.01264798709 2285.00547045297 3217.62723136164 3246.63287114512 2414.1509894785 2069.72220358192 3082.30838820518 2457.38682343664 3412.56868062754 2632.72672338015 2936.83503111768 1189.01219505941 2096.57458727325 1973.73377130757 2351.99383502593 3011.33276141977 2990.61030560653 3686.20740056769 3830.79626187559 5107.71475319443 5890.98888133393 4372.78515365207 2495.24547890583 3872.33779518265 2702.42946253922 3604.25096240537 3218.01569293874 3878.30504215437 2818.46589477325 2475.25251237121 2294.2863814267 4106.24524352845 5044.67541076728 1583.90340614572 1407.79082253011 2013.23744252882 3032.01665562708 3738.14793714749 2380.91369016183 3332.13520133862 3937.2420550431 2172.84375876408 3117.89191602275 2521.03649319085 2661.17924988153 2559.9072248814 3174.40939388731 2645.16067564902 2891.4745373252 4504.44225182208 3708.60485897325 4366.34858892416 4899.17084821503 4388.12317511713 3830.63310694198 5009.61575372802 4125.30301917326 5236.53033983381 5333.03384575797 4182.55304807961 4884.03009818736 4057.16957989187 4339.64284244683 4307.11620460837 4448.59528390705 3852.43429535145 4337.40994142818 5253.80814267137 4323.91604913879 3560.98652061476 3775.33111130666 2972.16251238051 3425.91228726014 5301.17911412169 5270.792160577 4791.33332173832 5484.86554074026 2958.67368934122 4900.63771360422 3560.98652061476 5177.47525344158 6005.46626000013 4885.37357834588 4093.36353137612 4956.37216116788 4439.87612439807
4863.76911458593 4506.17631701202 3235.06182321142 2301.35829457301 2608.75928364424 4778.14032862159 4552.74642386329 3970.6737463559 4625.54050895676 5157.21581863703 2933.21495973275 3869.26995698155 4644.95694274985 4903.44266816693 3830.30677622563 4537.48278233648 4009.75373308636 3625.25861146484 4712.4834217215 5467.74633647173 6500.14422916907 6210.07246334534 5852.6703307123 4267.90346657466 4782.32422572958 3913.5182381075 3547.62244327099 5163.15068538581 4425.35309325708 3310.68346418077 4520.024889312 2849.34202931133 5523.75551595108 6168.72150449346 5802.47791895842 6063.31180131782 6155.94225119112 6426.70210916921 4907.01029140963 3446.55625226109 817.771361689806 2041.13938769502 3560.72324114077 5284.94323526753 557.897840110535 1786.23206778963 1249.749974995 2918.15438248219 3382.12211488586 4718.38160813642 4174.4011546568 3568.00014013453 3955.5340979443 4161.88058454348 4611.26338436659 4514.49055819148 5477.56789095306 4813.13307524319 5116.51737024316 4040.65279379459 1814.00799336717 1276.95927891221 2367.22411275316 1477.75167061317 1520.27957955108 2234.66999800865 2074.54814357247 0 1962.93784924536 1178.45237493927 2487.71983953178 575.543221661067 946.374661537385 3568.43803365002 2999.27074469778 2507.36415384762 1172.0708169731 1946.47116598217 3311.15538747429 1747.49821173013 1684.30252627015 1466.71401438726 881.050509335305 2788.48076916446 2078.91197504849 952.299847737046 3384.24659267022 3232.35595193351 2546.93443182191 2251.24965297054 2862.47270729347 3345.61279887557 2877.17309176907 3528.19004590172 3444.56092992997 3614.03514094703 3070.62697180885 3792.83864671304 3814.85582951702 3171.06054814474 3877.57978641317 3472.48110146045 3610.5747464912 4069.55157234799 3366.93480780368 3209.84812724839 3621.63637048227 3339.72304240936 2757.94307410432 3370.55262531235 2455.86033804856 2804.1264236835 2126.32311749649 2502.62362332013 3450 2924.25204112094 3043.23019175349 2407.02098038218 2283.77428832186 2349.2019921667 2592.89895676634 2759.1891924984 1748.39211849059 2436.8268301215 2338.93672424031 1501.66574176812 1429.37923589228 2403.90307624912 3047.53999153416 1953.6824204563 1771.12252540585 2886.28221073408 2550.24508626132 2273.90083336983 2757.26313579245 2255.41016225431 1829.27581299267 2146.21760313348 1915.3981309378 2810.80504482257 1673.88022271607 2068.96713362006 3821.7306289167 4212.03632462969 5298.87959855666 5165.14762615746 6541.5976641796 7184.09702050299 5831.16626413619 3599.30548856304 4484.83555997319 3987.24528967055 4462.41246412745 3903.28387386826 5095.95427765988 4526.72619008484 3719.96303745078 3906.40499692492 5192.54272972308 6043.59164735673 3089.70063274745 3031.60436073047 3062.16834938904 4462.97266404355 5401.04156621665 4243.67175921984 5106.18497510617 5620.99857676552 3538.7144558441 4869.67658063654 4200.81837265074 4684.34894088816 4367.85130241404 5029.97266394162 4097.63651389432 4819.03776702362 6435.35158324703 5744.0186281035 6175.86026396323 6659.43879016843 6321.04619505347 5743.36573796237 6929.73664723271 5841.92819195854 7225.3892628702 7242.84129330472 6018.20155860536 6790.52648916121 6009.21167874789 6128.92731234431 6184.05206963848 6215.60536070301 5462.94334585304 6272.70874503193 7291.00473185966 6356.3944182217 5580.60256603174 5665.30008031349 5045.41871404148 5319.12821804476 7146.41518525197 7158.56130797243 6399.65819399755 7157.51353474096 4977.82583062124 6734.89049651143 5567.03466847477 7180.0940105266 7817.00869898454 6582.7900619722 6073.86820732884 6752.45325789079 6322.67743918666
3821.7306289167 3678.99442782943 2210.48637181956 3259.8888017845 1812.80169902833 5656.74376297884 5559.95728400857 5090.49359099881 6027.02248212167 3503.391214238 2656.47793139713 2272.2510864779 3681.88131259007 3731.70537422235 2263.98431973369 2806.79977910787 2287.19260229654 5111.32321419806 3143.7437872702 5875.21276210488 6846.25810205838 6416.43397846499 6095.33633198366 4538.24029773656 4416.02196552508 3388.58377497149 3350.37311355019 5216.08090428053 4113.46873088881 3915.99284984025 5858.43409112025 3572.37665987225 6277.63888735247 6498.36517902772 6802.98647654102 6767.6159022214 7100.35210394527 7117.6277649228 3152.47918311922 1589.22150753128 2674.29897356298 3935.97192571289 1817.45013686758 3443.10906013736 2334.12189056184 3743.66130946698 2522.15185902832 4802.34317807464 1473.30410981576 5542.2242827226 4715.79791763812 4653.89621714967 4922.08035285894 5831.54139143331 6121.83591743523 5848.18347865386 6318.2770594522 5944.06216320119 5719.53888001472 5567.42759270383 3578.40746701658 3180.40877875785 2257.34910902146 2081.01537716568 3354.56778139897 3808.29686342859 3855.27236391931 1962.93784924536 0 2772.5214156071 2322.31027212128 1595.50148856089 2824.00424928859 2775.90075471008 1639.74083318066 1702.57158439814 2928.843628465 1321.69398878863 2714.42903756941 1416.64215665072 2281.17294390408 2529.20442036621 1509.34588481236 1565.64683118512 1108.48996386977 1123.05387226081 2698.84234441362 2961.20752396721 2432.84812514057 2313.54706025185 2701.96687618483 3574.03833219511 2996.45624029452 3620.25551584415 3625.34481118693 4388.97767139456 4166.60833292499 3890.37273278538 4290.54192381335 3242.49132612564 4854.76569980468 4552.19727164806 4734.7782419032 3961.29713604016 3805.01314058178 3781.69935346532 4579.91539223161 4608.89086440545 2302.30862396856 3023.45001612396 2457.76829664637 2875.97809449238 2667.04424410245 2774.88738510232 3830.87783673664 3458.05219740825 4104.64675703038 2802.78878975923 2842.9737951659 3159.41054628866 3312.47641501038 3428.37425028249 2102.08230095779 3190.8071079274 3035.21004215524 2523.01902489854 1176.86022959398 1548.1844205391 4032.13653042652 1751.07110078375 1391.49200500757 3594.78789360374 3518.78885413717 2124.2645786248 3631.20159175995 1858.42675400458 2475.25251237121 2313.14180283008 3198.9256008854 3760.65153929475 2818.90936356599 2865.09162157164 4444.37847173258 5103.98128915066 6366.41578912342 5987.53914392215 7363.63531144774 7822.20397330573 6745.78572147085 4596.26206824633 4772.90529971002 4923.79426865096 5025.31093565363 4378.92680916226 5817.26954850813 5746.9013389826 4684.94930602242 5114.50144197848 5814.26048608075 6509.65628892955 4364.84535808544 4398.1530214398 4092.21822487511 5539.85559378582 6553.29115788395 5638.0958665138 6344.09173956367 6748.4257423491 4864.73277786149 6207.00209440918 5497.61311843604 6264.68275334035 5939.17081754684 6358.95038508715 5327.64019055341 6263.68501762341 8012.68525526867 7297.47387799367 7574.66995980683 8144.55339475407 7811.84997295775 7117.71557453654 8528.59161878443 7273.92603756733 8725.35815883795 8716.399772842 7299.52909440054 8159.15896401094 7501.41653289564 7422.64272345099 7781.74948196098 7452.39055605649 6749.86110968218 7662.81606199705 8868.80065172287 7948.30956870705 7173.9110671934 6999.73213773213 6733.17347169966 6887.39791212908 8475.58994996809 8514.43627024127 7379.61719874412 8185.23823721705 6592.27767922438 7969.4337941914 7305.5629488767 8645.84437750299 8970.64657647374 7728.59948502961 7534.66986668958 7922.90981899958 7620.73651296251
4727.97525374235 4304.86643230658 3447.19088534418 1722.64331769522 2913.0096120679 3658.2953680642 3423.63111330646 2862.90935937553 3454.97829226176 5432.13816098228 2836.37092073657 4170.88120185651 4436.56680328382 4809.75571105228 4153.76335387562 4888.37907695383 4400.07102215407 2500.74988753374 4922.01686303491 4496.24843619656 5608.7543180282 5396.87409525181 5078.01634499142 3428.00962659092 4215.81842588127 3603.03691349395 3160.20173406699 4354.52351009844 3860.86130287013 2531.18055460293 3347.85379011689 2179.44947177034 4424.71750510696 5255.29494890629 4654.97046177524 5005.12237612628 5043.00257783 5432.65588823735 5336.3142711051 4124.16658247457 1463.72811683044 1530.5227865014 4020.1057200029 5974.26773755579 1442.65380462535 1645.25833837729 1331.58739855858 2101.6362672927 4056.01405323009 3632.23416095383 3216.46156513645 2440.41492373735 2902.58505474 3079.7727188869 3540.12711636178 3446.10287136063 4459.11986831482 3740.98917400198 4157.07228707897 2932.68221940257 834.7903928532 775.806032459145 2265.22625801486 1622.88323671175 853.668553948194 1111.86779789685 1401.33864572415 1178.45237493927 2772.5214156071 0 2172.84375876408 1311.96417634019 580.409338312195 3464.28203239863 3338.88080050786 2737.81390894268 816.241385865725 3069.20185064456 3206.04897030597 2105.35032714273 1190.85053638146 784.219357067906 2027.62175959916 3258.93003913861 3064.00473237232 1880.99043059767 3332.13520133862 2925.85457601707 2430.14917237605 2168.3807322516 2548.77421518659 2778.60126682473 2712.58640415379 3224.61237980629 2790.83320891808 2635.57394128869 1983.99848790265 3294.97723816114 3002.60303736608 2825.44244322902 2875.43474973785 2517.31503789256 2577.06228097033 3654.10727811869 2849.34202931133 2485.08048159411 2715.00460404766 2373.28885726116 2825.55304321119 3239.30933996739 2641.25916941144 2759.64218695105 1505.40692173246 2424.22668082009 3109.46136814722 2705.78084847979 2216.69799476609 2007.79730052613 2082.51650653722 1517.39909054935 1832.17766605753 2330.9064760303 2354.91507277863 2927.13597224318 2507.36415384762 1678.16864468384 2276.37321193165 3095.15750810843 2985.17168685488 2765.97631949372 2640.19412165091 2772.5214156071 2578.75939164553 2698.49495089392 2974.68485725799 2971.63675438301 2562.7134057479 2740.66597745876 1386.09162756291 2661.17924988153 2145.48945464665 2513.58807285522 3040.04522992669 3732.45897499222 4420.7606811498 4510.68176665125 5621.49891043305 6305.15661978352 4869.16317245582 3308.51175001692 3877.01560481771 3243.16589153253 3609.79570059027 3252.21078652661 4345.8313358896 3730.2814907189 3120.59689803089 3111.87242669104 4352.44184337942 5195.31038533792 2386.41991275634 2333.05057810584 2676.40150201721 4008.97430772511 4787.35313090647 3359.1293514838 4231.6515688322 4925 3293.74407020339 4322.32576282723 3636.01773923065 3917.98736598269 3918.9443731699 4216.11491778865 3750.41664352109 4079.29221802018 5869.3057511089 4851.41731868121 5664.03124991379 6262.43762443986 5697.53236059261 4976.19332421883 6388.07482736387 5455.4445281755 6513.63953562062 6657.04514030061 5305.53955785837 6097.95047536465 5345.85119508577 5545.60636900961 5692.4291826952 5603.01258253094 5091.29158465708 5509.59390518031 6530.98384625165 5615.49196420047 4865.37511400714 4837.41924997203 4200.74398172514 4789.11526275992 6542.45748935368 6111.15782810426 5566.2487368065 6218.42021738641 4008.58453821296 5980.38460301677 4604.41364345125 6235.68360326276 7006.20260911715 5535.6232711412 5123.5363763713 5920.04011810731 5420.21678533248
2849.34202931133 2630.23287942342 1883.31489666492 2082.96663439432 1779.5715776557 3498.83909318505 3480.84041576169 3166.22803979751 4285.22169788215 3481.46879922828 1564.84823545288 2454.58754172672 2293.06018237638 2719.60475069448 2373.81549409384 3101.61248385416 2677.10197788579 3570.18907062357 3025.1033040212 3689.85094549902 4970.22383801776 4625.87829498356 4441.84646290256 2225.14044500566 2453.95089600424 1624.23058707808 1531.54333924966 3046.00147734698 1972.94196569489 1984.47096224661 4048.22491964071 1982.73800588984 4097.02636066697 4505.76020223003 4760.90852674151 4716.06297667875 5122.31637054956 5265.33474719319 3586.08421540822 2945.33529500463 3220.830638205 3664.18476608372 2575.60672463791 4612.00878143136 3020.14072519808 3791.84981242665 2386.55085845661 4077.14667383944 2970.9005368743 3503.12360615494 2658.35945650696 2857.7744837548 3177.85304883659 4479.53680641202 4726.38868482058 4364.12935188681 4526.03579305334 4281.20894140896 3841.06105132423 4154.89169533936 2842.64401570088 2939.06873005719 1141.27122105133 1837.4574825013 2893.31125183586 2670.20598456374 3409.17878674616 2487.71983953178 2322.31027212128 2172.84375876408 0 2053.95959064437 2641.61408990791 1913.76592090046 2072.89049397213 1866.98286012486 2782.08554864871 3365.44944992493 2013.08221391974 1870.49458700099 1044.32992871027 1669.95508921647 2880.32116264836 2475.25251237121 3165.53707923316 2341.07347172189 2139.07106006322 1828.0795934532 1921.09994534381 1946.95274724375 1533.7861650178 2246.52509445143 2609.9568961958 2955.82052905788 1925.16233081785 2601.20164539391 2541.89889649451 2713.04717983304 2603.48324365647 2381.83227789028 3258.3546461366 3182.0787230991 3225.87197514098 2871.6284578615 2850.87705802969 2410.78306780183 3197.45992938145 3383.60015368246 2180.59624873565 2489.60338206711 2762.69795670826 2742.60368992678 1251.49910107838 2609.23839462783 3262.85917563109 3183.55147594632 2997.91594278425 1944.54364826301 2532.4148554295 1742.48385932266 1968.660712261 2794.9731662397 3072.96680750053 4098.85654786795 3427.91846460793 2812.2499888879 2594.34481131557 2972.58305182547 4187.03355611106 3209.45867709806 2970.37455550643 3579.54256854141 3767.12755292411 2886.28221073408 4175.97294052536 3225.38757361034 3628.18825310926 3364.89227167825 2728.32366115166 3751.74959185711 3543.74448853187 3642.37216659693 3032.01665562708 4550.68676135811 5092.21219117978 5053.95884431205 5817.53813911005 6255.49758212726 5163.93745120911 4409.22328760974 3550 3869.18919154905 3388.67599513438 3167.11619616332 4605.56728319107 4746.70938651188 3934.70138638245 4132.6444318378 4301.88911991 4862.99804647298 3610.5747464912 3699.57767860063 3740.40438990225 5111.07865327858 5856.51346792612 4574.79507737778 5180.55257670454 5878.93485250517 4835.93320880262 5701.20601276607 4955.11099774768 5464.60199831607 5658.67696551058 5362.5437061156 5126.5851207212 5458.3078879814 7520.13962636333 6214.80088176604 7139.50278380785 7928.2327791255 7197.95978038222 6209.77052716121 8078.28880394852 7065.27600310136 7936.23021339477 8157.28202283089 6455.52089300314 7373.68632367827 6820.41970849302 6827.51785058084 7424.03192342274 6782.51428306642 6533.85414590806 6756.89462697177 8006.55981055534 7145.3656309527 6437.05095521233 5959.49872053011 5811.0885383033 6467.37002188679 7844.42477177262 6968.9489881904 6138.55642639212 6720.02604161621 5420.67800187394 7013.46918436233 6141.10128560017 7378.09257193212 7850.19904206256 6082.50565145648 6287.93487561695 6776.84476729399 6394.13794033254
4492.49373956158 4195.0119189342 2660.00469924397 2036.84805520687 2035.46677693349 4663.2204537208 4447.89275949859 3873.79013370626 4706.17944834236 4634.18007850364 2395.5688259785 3430.92553110673 4179.33906257915 4450.56176229473 3296.02032760722 4072.31506639651 3512.92257244591 3687.30931710373 4263.06814395454 5295.87103317292 6418.18704931541 6108.08889915659 5786.94651781058 3942.87331777221 4436.84854373011 3401.19464306293 3054.6071760539 4898.02256017671 4011.39003339241 2989.66971419921 4557.06868502111 2532.04462835867 5419.00590514533 6047.57182677478 5793.74662890948 6010.40764008565 6171.55774501057 6433.79747893886 4383.34917614374 2975.9452279906 1319.56432203966 2496.24718327332 3151.58690186389 4812.02919775015 1119.15146427997 2268.94799411533 1086.56569060504 3252.40295781442 3017.44925392292 4661.34369039658 4043.89972674892 3576.04879720621 3986.38307241038 4360.47589145955 4838.51733488679 4696.4747417611 5516.90583570175 4924.55581753319 5074.692108887 4239.76709265969 2044.65767305923 1665.27024833809 1837.4574825013 1023.47447452294 1767.76695296637 2336.39679849122 2482.69007328744 575.543221661067 1595.50148856089 1311.96417634019 2053.95959064437 0 1274.01923062409 3261.32641727258 2657.18365944095 2265.64008615667 1587.05702481039 1807.27695719278 3082.00421803735 1581.53406539347 1433.74509589397 1447.84322355703 1030.77640640442 2564.7855660854 2010.13059277252 851.836251870041 3154.65925259766 3029.12941288417 2434.77411683302 2184.74826925209 2655.41898765524 3262.76339932886 2899.67670611743 3537.38957424822 3282.33910496768 3580.85185395878 3102.41841149771 3725 3748.5830656396 3116.38813372147 3947.23004143412 3600.43400161703 3717.86228900426 3969.41431448016 3415.58926102071 3202.44047563729 3728.27037646145 3534.29625243838 2624.64283284412 3256.05205732341 2523.63824665898 2850.54819289203 1970.4060495238 2580.81866856236 3558.26502666679 3101.00790066714 3205.65905860246 2378.02439011882 2405.85223985182 2305.1572614466 2576.4558990986 2896.22599256343 1977.53002505651 2847.25745235657 2647.75848596506 1821.74367022367 1413.55049432272 2350.79773693953 3439.29498589464 2076.80644259401 1815.38563396321 3161.19044032466 2931.93622031585 2348.53677850699 3167.60950876209 2335.72793792428 2196.30371305974 2366.16778779528 2193.74109684803 3154.46112672196 2138.48661440749 2454.71485105704 3851.37962294033 4493.32838773219 5504.71388902275 5381.10118841859 6654.04012611887 7256.63489504605 5944.85071301206 3954.90202154238 4488.45741875758 4175.74843590942 4452.17643406009 3938.98781414718 5231.15665986023 4806.11589539828 3967.13057511345 4169.68224208992 5242.73306587318 6041.0057109723 3385.07754711764 3357.17515182035 3376.48115647045 4818.25954053951 5742.1685799008 4534.86493734929 5366.62137662049 5927.74198156431 4000.15624694836 5276.00701288389 4579.91539223161 5072.53634782443 4848.3889076682 5342.10866606062 4520.30142800234 5187.66566000547 6900.63402884112 6082.96802556121 6620.70615569064 7155.63589068086 6752.08301193047 6093.13137885603 7407.68182362067 6325.39524456773 7633.06950053516 7687.32723383101 6366.71029653462 7174.17242614087 6425.48636291448 6526.5802684101 6672.04990988527 6589.66994621127 5914.81191586005 6631.97745774215 7695.53441938895 6766.64614118398 5996.09247760573 5979.70526029503 5423.0987451825 5786.24446424449 7553.39327719668 7376.73708356208 6611.40113742919 7339.70367249251 5286.30305601183 7060.71880193511 5888.17671270148 7482.47953555504 8104.35839533272 6735.95761566238 6367.54466022815 7027.8463984353 6599.52649816636
5197.89620904458 4784.34948556227 3698.1414250945 1951.12147238454 3096.97432989038 4150.75294374406 3869.8352678118 3261.61386433158 3776.24151769984 5745.1066134581 3124.39994238894 4486.43789659458 4915.66373951677 5265.27539640616 4430.08182768671 5185.85817391876 4667.5743164946 2759.1891924984 5278.79010759094 5059.95306302341 6144.00113932281 5937.01313793392 5598.93963175171 3967.13057511345 4777.15919768224 4043.20417490881 3574.2132001323 4934.82522486866 4400.07102215407 2949.57624075053 3693.06783040875 2512.34452255259 4940.77423082658 5807.64582253429 5111.56776341662 5518.43501366103 5503.63516232681 5920.5679626198 5574.32731367651 4239.76709265969 933.742469849155 1283.30627677106 4268.56240436988 6078.23987680644 1034.71010432874 1157.58369027902 1209.85536325629 1991.85842870421 4201.56220946448 4149.24691962288 3780.70760572674 2928.09665141026 3389.96681399686 3233.70917059651 3787.7268908938 3777.3998994017 4929.5664109534 4149.3222338112 4680.87865683357 3195.11345651449 886.002257333467 412.310562561766 2570.1410467132 1705.32255013531 616.948133962653 1384.96389844645 1340.94183319039 946.374661537385 2824.00424928859 580.409338312195 2641.61408990791 1274.01923062409 0 3908.40440589251 3627.49913852505 3044.05157643559 702.228595259407 2861.27157047352 3632.23416095383 2331.71074535415 1690.04437811556 1289.13730843537 1802.94897321028 3473.65081722386 2990.19230150838 1839.49721391472 3742.49248496239 3403.49085498992 2817.1350695343 2524.38111227287 3026.65244122942 3280.05335322461 3055.93684489716 3614.72682232005 3339.25515646828 3169.48339639128 2482.56419856567 3772.9298959827 3538.53783362563 3259.02592809569 3340.47152360262 2939.81291921782 3011.74783140953 4126.36341104368 3270.03440348875 2982.65821038885 3153.27211004696 2726.14654778499 3162.37647980123 3637.13486139846 2849.67103364581 3053.89096072535 2043.43460869194 2710.16604657353 3448.64103669837 2965.32038741179 2606.36240764787 2442.97462123535 2376.44692766323 2063.21957144653 2347.87137637478 2672.77945218082 2326.20936289062 2773.76098465603 2553.91855782443 1715.55384642978 2261.63657557973 3164.94470725793 3001.77031099983 2709.93542358485 2593.98342323154 2923.61078120874 2586.86586432308 2820.01773044071 2901.40052388497 2975.9452279906 2378.41859225831 2716.7305718455 1615.74286320565 2751.8175811634 1950.32048648421 2408.05938464981 3519.58804407561 3953.24234015574 4753.28833545789 4819.81586785221 6035.77874014613 6747.36059507716 5284.2336246612 3414.39965440486 4339.42680546636 3592.52696579998 4116.5823203235 3706.07609204128 4737.4175454566 3980.81335910138 3395.40130176096 3383.87721408446 4815.92410654487 5688.85972757283 2615.69780364629 2518.68020995124 2845.83028306328 4141.85948578655 4954.60644249369 3584.77684103209 4501.38867462031 5139.67411418273 3243.93665166261 4391.68247941492 3745.16354783072 3991.39699854575 3841.3864684512 4420.54860848741 3777.3998994017 4200.74398172514 5829.93353306879 4988.04821548469 5673.2376118051 6172.82350306568 5724.94541458694 5129.0228114135 6324.30826256912 5389.34133266766 6575.8554576572 6666.1926914844 5464.9451049393 6205.79366398852 5395.25254274533 5633.43811539632 5607.41696327284 5726.52818032008 5080.66186633198 5648.5617638475 6584.49884197727 5658.01422762439 4899.48976935354 5037.2363454577 4254.7767273971 4743.54824999177 6617.82630476201 6388.90640094218 5889.71561282886 6566.62965302597 4156.99711330186 6170.64623844213 4680.14422854681 6424.02716370347 7243.79044423567 5897.56305604272 5324.82394075147 6171.9121834323 5662.65176397066
1380.67012714841 956.882960450232 2986.11369508932 3953.9537174833 3110.76759016163 4453.8606848441 4681.47946700613 4599.184710359 5379.64915212879 3149.30547899057 3257.10761259127 1697.79268463496 1898.18992727282 1859.77149133973 2543.1279952059 2406.76130931175 2441.69510791171 4987.10838061496 2047.25425875732 3861.67062292993 4479.46704419175 3954.58594545624 3696.28191565524 3303.21812782626 2100.4463811295 2735.07312516503 3094.04670294422 3037.37139645451 2469.81780704569 3745.08010595234 5220.45256658846 3862.80338614328 4654.36622968154 4179.93720048519 5333.73696389314 4849.09785424052 5434.66880315627 5078.26249813851 3488.9110048839 3170.56777249754 4351.29291130809 4684.14880207706 1954.80178023246 4631.21204437888 3990.45736727007 4956.37216116788 4006.01110832209 5329.69276788072 2574.6358965881 4010.84467413038 3005.30780453517 3704.30492805331 3632.32019513699 5679.89876670351 5447.82066518346 4899.04327394645 4554.39348322035 4653.35900183942 3757.82516889756 5048.3289314386 4180.6847525256 4131.05616035415 2925.74776766556 3502.67754724868 4310.88737964703 4099.08526381191 4322.6149493102 3568.43803365002 2775.90075471008 3464.28203239863 1913.76592090046 3261.32641727258 3908.40440589251 0 1327.35639524583 1301.20136796731 3728.60563750043 4057.86273794469 552.268050859363 1989.66077510715 2355.44581767444 2715.4649693929 3628.87723683235 1745.53000547112 3270.7988320898 3020.45112524603 566.237582645306 884.23695919137 1413.55049432272 1714.09597164219 1067.70782520313 1790.77497190462 1936.97573552174 2015.40938769273 1741.04853464801 3003.12337408905 3353.17014182102 1851.51964612855 2498.62462166689 1625.76904878891 3577.97079362032 3528.89855337328 3714.6668760469 1688.56447907683 2356.90474987853 2357.3024837725 3375.0925913225 3867.65432788402 1299.03810567666 1217.83619588186 2250.55548698538 2060.79474960511 2097.31971811643 2200.14204086918 2582.87630365838 2757.26313579245 3265.73115856159 1919.30977176692 2415.70383118461 2471.08275863031 2369.20345263973 2609.9568961958 3111.37027690373 4089.08608371113 3294.40814107785 3139.86464676425 2881.51435880511 2579.97093006879 4062.17306376772 3164.35222438969 3050.51225206522 3275 3737.81353199969 2488.59900345556 4078.44946027286 2951.37679736085 3802.46630491317 3191.39467944659 3242.10579716332 3643.91616259211 3889.81040669079 3704.30492805331 2824.11490559432 4173.27808802625 5003.06156268339 4567.27489866769 5493.97397154373 5710.18826309606 5038.97310967225 4193.00011924636 2733.13007374329 3726.3420401246 3136.57854994897 2660.4745817241 4127.19638495674 4800.65099752107 3757.90832778023 4263.06814395454 3882.17078449674 4294.03656248989 3879.59405092852 4051.15724207294 3671.93749946809 4870.89570818346 5644.13412314059 4915.91802209923 5260.76277739265 5660.55430147967 4942.79779072541 5715.22090561686 4996.06094838724 5881.91082897386 5979.60073917983 5486.06188444863 5072.16669678748 5678.74325885578 7750.80640965829 6627.31091771014 7135.47475645454 8017.90964029902 7326.53567520148 6292.55512490753 8318.87913122916 7119.03258877216 8068.99931837895 8214.24068310638 6381.32039628164 7348.21406873806 6980.19519784368 6711.37094787645 7687.73373628406 6604.16535226065 6431.46561834859 6822.25219410716 8271.78940737734 7460.47920712872 6781.45449000434 6047.36512871515 6421.54576406647 6733.63757563473 7724.4740921308 7283.28565964565 5826.39468282059 6532.51482968083 6069.69933357493 6867.95093168261 6983.9548251689 7656.94129532152 7605.13806580788 6227.50953431627 6625.75467399752 6621.03655026915 6468.96436842869
2288.69504303216 2136.29351915883 2487.46859276655 3881.12419280806 2492.99017246358 5301.88645672463 5394.03605846309 5133.89472038529 6006.97511231735 2802.90028363479 3039.01711084357 1107.64389584379 2553.67382412085 2431.17769815372 1927.91986347981 1869.99331549607 1719.01134376711 5368.48442300059 1904.10740243296 5024.12927779531 5746.84696159555 5237.42541713006 4935.77501513187 4076.53345380606 3269.17420765551 3019.31283572935 3283.48138414092 4227.44012376284 3312.38207337258 4050.77153144929 5843.05142883408 3961.45490949979 5683.85872449342 5444.72221513642 6311.15084592343 5988.58288746177 6482.57279172398 6238.4393080321 2831.4086600136 2044.96332485451 3798.43717863018 4572.26694321318 904.502625756277 3649.82876310657 3402.29701819227 4650.67199445413 3571.93924920344 5388.52948400582 1299.27864601863 4982.21838140401 4019.01729282172 4398.0109140383 4462.69257287571 6082.60840429499 6048.81186680492 5601.45070495135 5601.95278452077 5505.50860502461 4879.35702731415 5581.1065211121 4158.87605008853 3918.38614738262 2683.63093587773 3040.6619345136 4133.17372003646 4233.42355546902 4317.62376776856 2999.27074469778 1639.74083318066 3338.88080050786 2072.89049397213 2657.18365944095 3627.49913852505 1327.35639524583 0 792.937576357685 3525.17730050561 2926.28177043838 1382.70568090248 1413.55049432272 2384.58591793208 2732.32959212464 2778.60126682473 717.635004720366 2131.02088211261 2206.52441636162 1302.40162776311 1836.4367672207 1665.45789499465 1789.90223196687 1772.53349756782 2687.47093007534 2263.84628453435 2668.8012290165 2741.91994777382 3851.05505024273 3951.97735317398 2836.59126417607 3492.312987119 2319.21322866182 4381.78046004133 4193.29822454831 4406.88381966214 2748.74971577989 3050.71712880759 3128.09846392341 4107.99525316181 4412.83638944387 1338.60935302276 1845.60288252918 2049.84755530747 2214.72345903501 2420.87277650024 2298.64090279452 3100.90712534252 2999.47912144759 3797.61438274083 2295.23963890484 2535.00493096167 2913.0096120679 2912.68776218804 2985.79972536672 2504.24639362823 3602.60322544684 3075.50808810512 2845.28118118403 2000.31247558975 1625.76904878891 4033.06645122542 2306.78347488445 2116.30574350683 3352.0516105812 3610.14196396762 1980.84577895403 3816.16626996257 2123.97033877594 3136.57854994897 2578.15340893439 3316.34211142337 3683.57842321838 3419.24699312583 3252.69119345812 3710.96348675112 4647.10931655368 5819.25682540305 5313.36757621755 6544.32005635421 6842.74250575016 6037.02120254683 4398.08196831301 3743.91172438667 4405.25254667652 4182.25417687639 3540.65671874583 5027.73557379463 5409.54018378642 4269.07484122731 4819.2971479252 4932.60833636728 5472.7164187449 4241.83038321902 4361.1924974713 3904.96478857364 5248.21398191804 6184.91107454262 5463.1149539434 5962.06759438368 6301.98381464123 4990.55357650832 6079.73066837668 5355.48783959034 6284.50475375745 6132.39349683303 6084.81717063052 5268.06416058119 6144.20458643753 8076.31568228979 7197.43878056632 7490.11849038451 8235.59348195381 7743.46498668393 6870.27110091006 8625.14492631863 7330.67186552502 8589.1283026859 8632.67774216089 6974.28311728166 7906.20800384103 7419.65295684374 7182.40036478057 7929.09988586346 7134.2045807504 6680.05426624665 7412.06786261432 8793.00147844864 7924.68453630805 7190.70580680367 6692.25298386126 6836.34588065876 6993.92593612486 8229.02637011208 8138.066416539 6708.9492470878 7503.37424096653 6595.12130290262 7551.20023572412 7455.45102592727 8383.05582708358 8415.6847612063 7180.00696378492 7308.12903553297 7409.70647191911 7225.77850477026
2591.45229552851 2231.87141206656 2810.0266902647 3555.36566333197 2665.28610096552 4844.45559376903 4932.22819828929 4666.70386889933 5398.72670173255 3527.39280489145 3090.40854904331 1858.25859341481 2885.95738014268 2880.64662879708 2552.08248299306 2643.03329528782 2448.72415759718 4795.5057084733 2604.2033330752 4660.80733349921 5339.00739838409 4861.77693852772 4508.39494720682 3857.70333229501 3219.66613175963 3169.18759305914 3306.24409262232 4002.65536862718 3311.06100819662 3786.98428832231 5268.18279865078 3687.90252040371 5232.82906275372 5064.21267325929 5770.01949736741 5501.42027116635 5925.4746645311 5709.36730295048 3565.89750273336 2620.23376819703 3283.76689184845 3876.29010782217 1686.15687289172 4355.59984387914 2875 4028.80255162747 3211.69737055035 4717.91797300462 1923.70086032106 4454.63242030137 3541.36273205669 3786.3240748779 3829.24600933395 5423.38685693728 5330.39632672844 4892.97966478505 5010.05239493561 4840.26084007877 4355.81507871948 4882.87824955732 3535.00353606612 3288.80677450044 2615.936734709 2798.77205216859 3558.52848801299 3636.70523963656 3592.09200884387 2507.36415384762 1702.57158439814 2737.81390894268 1866.98286012486 2265.64008615667 3044.05157643559 1301.20136796731 792.937576357685 0 2846.15969334119 2881.94812583433 1059.77591971133 783.022988168291 1860.77940659284 2085.21581616868 2404.29303538483 730.581959810123 2008.10856280232 1817.96589626978 1041.03314068285 1381.57518796481 927.36184954957 1005.60926805594 1234.14950471975 2087.7619596113 1536.63593606293 2035.62029858223 2244.29833132763 3247.40280839935 3302.3665756545 2285.00547045297 2922.54170201214 1670.70344466036 3713.32061637559 3476.5284408444 3713.57307723976 2291.42422960045 2352.79089593614 2458.91236118736 3401.19464306293 3671.25659686162 665.676347784717 1333.69786683491 1334.40061450825 1488.70749309594 1809.86877977383 1526.02424620319 2394.13345492685 2239.00089325574 3045.59107563704 1549.39504323462 1743.20107847603 2251.24965297054 2222.89226009719 2210.48637181956 1901.31533418315 2974.26461499309 2347.07264480672 2117.04392963396 1594.91379077366 1351.15691168717 3280.52968284087 1883.48082018374 1750 2593.01947543785 2861.05312778354 1361.52488041901 3115.58581971353 1710.26313764871 2576.94101601104 2007.64165129139 2546.19814625649 2912.68776218804 2761.34025429682 2593.01947543785 3058.39009938235 3897.1945037424 5105.02203717085 4611.73774189296 5929.32331720914 6291.51213938271 5396.46875280493 3629.9965564722 3179.327759134 3666.5719684741 3601.56216106289 2893.31125183586 4367.56511113458 4645.76419978457 3503.0343989176 4050.54008744513 4336.68940552583 4966.57578216622 3455.88266583228 3574.03833219511 3118.49322590253 4482.04752317509 5424.53915093255 4695.27688214444 5214.52298873061 5553.26480549955 4216.85605635288 5294.63171523761 4567.8222382225 5497.84048513596 5345.44198359687 5315.89597339903 4491.24147647396 5358.28797285103 7284.78723093544 6427.52868527243 6708.99582650042 7456.95983628717 6955.30373168563 6096.36161985163 7834.25969699754 6552.76659129562 7806.12740095881 7848.60656422527 6208.51230167099 7133.59131153446 6631.27061731008 6410.58694660637 7139.80917111935 6370.88102227627 5910.63659853996 6639.27706907913 8008.15990100098 7136.39439773335 6400.29296204478 5929.27061281571 6061.61075952589 6202.51964930382 7460.10221109604 7436.85921609385 6021.10870189204 6838.9966369344 5842.14215848947 6802.25146550758 6715.09493603776 7634.99345120872 7698.94473288385 6517.57240082533 6556.8666297249 6683.09434319163 6485.60906931647
5070.37967020222 4588.36844640881 4044.36336151934 2510.72698635276 3488.10478627005 4187.10819062512 3992.64949626185 3477.78665245584 3773.34400764097 5889.45031390876 3562.82893218296 4484.97491631782 4965.69481543117 5264.62249358869 4616.81708539552 5228.76658496055 4782.97762905076 2939.60031296773 5272.21490457284 4940.14169837263 5828.21799523662 5606.58095455689 5218.2372502599 4126.28767780435 4717.18931144384 4311.97460567662 3924.36300563544 4854.18633758532 4502.49930594109 3333.63540297976 3745.41386231215 2992.69945032908 4867.30161383081 5555.34652384529 4982.59470557259 5303.89008181731 5285.17975096401 5585.58412343776 5767.14834211849 4432.26804243606 1220.14343419124 1054.1584321154 4259.54809809679 6309.16991370497 1123.05387226081 1262.19055613643 1865.64332068056 2039.14810644053 4206.69109871405 3998.98424603048 3623.10295189082 2794.07856009812 3123.09942204855 3243.64763807661 3526.15229393173 3457.69070334523 4597.28180558904 3834.54690934926 4384.48970805041 3009.67190902929 1111.58670377079 594.243216200236 2970.26934805583 2239.6986404425 1131.92314226718 1609.34769394311 934.07708461347 1172.0708169731 2928.843628465 816.241385865725 2782.08554864871 1587.05702481039 702.228595259407 3728.60563750043 3525.17730050561 2846.15969334119 0 3064.51464346314 3370.83075813663 2143.30352493528 1748.03461064133 1176.32903560186 1869.82619513152 3278.2426694801 2913.0096120679 1861.61891911315 3476.43855116123 3135.58208312269 2479.03711146082 2166.93908543826 2787.92037189013 2918.36855109152 2567.46470277587 3113.98057155147 3093.74368686225 2919.97431495553 2287.19260229654 3360.89645779218 3221.50973923718 2837.80284727463 2997.8117018919 2531.92120730484 2676.98524463621 3724.41270538054 2765.41136180497 2592.65790261654 2724.65594158235 2302.98719058531 2831.07753337841 3252.40295781442 2375.39470404394 2551.83757320093 1909.51564539283 2198.43694474051 2870.75773969173 2350.53185470863 2113.64613878482 2057.00024307242 1840.68601342 1836.09640269785 2025 2105.20189055587 1917.84384140107 2229.48985196165 1930.18781469576 1159.20231193696 2125 2908.82278593936 2305.69946003377 2423.9688529352 2395.43837324194 2255.68725669141 1906.89538255249 2401.17158903732 2256.93376065847 2649.17439969512 1982.10746429148 2274.31308310883 996.870101868844 2056.84831720766 1443.30350238611 1859.26732881531 3090.0040453048 3287.66634560139 4247.42569093327 4212.18470630147 5581.1065211121 6288.58092100277 4860.1697501219 2715.92525670351 3862.96518234374 3033.25320406985 3739.40169011033 3225.7751006541 4197.7672636772 3427.28026283232 2768.00921241242 2829.08995968668 4368.20901514568 5278.61250708934 2017.73387739811 1922.72592950738 2162.31935661687 3468.15873339154 4327.67258465795 3103.02271986526 3995.38796614296 4538.92883839348 2580.9397513309 3773.42682451906 3112.57530029395 3514.52343853331 3287.95148990979 3890.61370480288 3105.13687298966 3662.3933431569 5320.00939848794 4575.34151730775 5083.55190786914 5617.55062282486 5185.13500306405 4591.97669854715 5827.84265401872 4802.40825003456 6068.66954117622 6121.37647919159 4890.16870874615 5648.5617638475 4861.9054906487 5026.43014474488 5100.12254754726 5115.90656677778 4443.11264768293 5117.67769598673 6126.58142849665 5193.86657510568 4420.47791533902 4519.47176116855 3886.99755595498 4211.51694760926 6031.16904090741 6048.24354668362 5354.61249765097 6101.12694508154 3834.54690934926 5608.36428916667 4468.57080060281 6019.65530574634 6700.79286353488 5535.0587169424 4918.65072962088 5639.20428784062 5185.07473427336
5142.83482138013 4980.1480901676 3068.89638143747 3595.48327766936 2512.09573862144 6427.91762548339 6225.85335516345 5645.46277996764 6504.37352863441 4574.72676779718 3359.31540644817 3534.29625243838 4952.58770745153 5029.78627776569 3352.42449579405 3965.00315258387 3411.10319398285 5457.44903778313 4387.0548207197 6902.98848325854 7913.16150473374 7523.04791956026 7171.55840804494 5486.46060771423 5646.95714522432 4417.22480750075 4225.73958023918 6349.95078721087 5256.54354114945 4564.74259953395 6360.27711660428 4075.53677446297 7151.0925738659 7573.84479640295 7567.94225665075 7691.96008829999 7908.34211450162 8043.86412117957 4062.17306376772 2362.99597968342 2304.88611432322 3886.19351036461 3029.2325760826 3919.42278913618 2075.15059694471 3460.76219928501 2508.61017298424 4792.37675897878 2479.16316526363 6388.90640094218 5677.20221588064 5346.08501615902 5689.90333837052 6082.35151894397 6542.36195880356 6397.70466651908 7165.10641930739 6629.10250335594 6673.54853132874 5975.83676149207 3729.19227179291 3189.33770554327 2992.69945032908 2357.70015057047 3362.10499538608 4103.80920609134 3967.20934663146 1946.47116598217 1321.69398878863 3069.20185064456 3365.44944992493 1807.27695719278 2861.27157047352 4057.86273794469 2926.28177043838 2881.94812583433 3064.51464346314 0 3928.58116881909 2371.18114027588 3072.15315373436 3140.85975490788 1231.36103560248 2688.05226883705 1275.98001551748 1448.4905936871 3918.9443731699 4125 3463.47008071385 3256.05205732341 3829.0011752414 4595.17409898689 3893.98574727746 4576.36591631395 4693.47951950363 5241.30231908063 4846.7772798015 4940.33146661234 5263.13832233203 4253.01363741054 5607.41696327284 5228.46774877688 5404.28071069592 5068.77697280123 4688.68318400806 4678.74181805322 5315.66082439427 5167.44617775551 3380.64342988136 4122.87824219925 3217.33585439879 3727.01287896889 3542.7743365899 3563.26746119345 4645.29331689615 4137.17899056833 4751.71021843715 3696.78914735477 3556.24450790437 3946.20070447513 4139.67088063773 4156.69640459825 2394.91649123722 3175.39367638093 3399.54041011428 2857.66513083671 1613.03285769385 2236.06797749979 4297.81921443888 1995.15037027288 1697.24040724937 4095.95837381192 3785.49864614954 2780.6249297595 3765.46809839096 2280.48788639624 2393.21958875486 2608.87906963891 3635.41606972297 4139.06692383682 2782.64712099828 2965.32038741179 5330.27907336942 5656.5227834775 7019.83796109283 6673.17390751957 8187.87212894779 8732.98345355125 7532.51286092497 4979.58331590104 5759.88281130788 5604.74129643822 5967.88279040398 5292.15220869544 6621.27253630297 6262.9865080487 5278.55330559425 5644.79849064606 6719.65400895016 7502.08304406183 4823.38055724406 4793.55035438244 4550.06868080032 5944.06216320119 6992.4065957294 6078.5483464393 6883.81253376354 7255.38593046573 4991.86838768812 6483.24764296413 5833.57737584752 6502.73980718897 5987.74790718514 6804.45626042228 5565.12578474198 6586.776525737 8087.25849716701 7615.19861855224 7748.30626653335 8145.12891242367 7999.49217138188 7496.8326645324 8557.30681932113 7328.15631656421 8959.21313509172 8874.19010389117 7706.73406833271 8481.4503476705 7721.60119405295 7728.43774640127 7785.4832862193 7818.48770543255 6910.58969987367 8022.81901827531 9075.72311168647 8139.94778853034 7357.43671396499 7444.1671797455 6921.7952873514 6966.39253846638 8756.06932361776 9050.75963662719 8060.90100423023 8892.06106591717 6898.82236327331 8430.00593119602 7494.70646523264 9053.65948111591 9517.18839784104 8406.43354818201 7951.1398553918 8476.84345732537 8129.19122668424
1862.45805321892 1324.05626768654 3269.07861636884 3930.80780501922 3282.81510292615 4423.44605483101 4643.94767412382 4543.95202439462 5195.00962463016 3623.27545185292 3459.94942159564 2056.08851949521 2430.14917237605 2410.65343838553 2915.90466236467 2807.57902827329 2804.79500142167 4818.84322218518 2508.2364322368 3899.67947400809 4410.28627188757 3894.70794797248 3564.05667743935 3476.5284408444 2421.13093408845 3101.31020699317 3362.38382698942 3201.26927952023 2818.68763789108 3830.55152686921 5070.07149850966 3908.80416495889 4625.27026237387 4160.1532423698 5216.44035717845 4760.90852674151 5287.07149563915 4914.64647762176 3893.90549448751 3364.89227167825 4062.78845129795 4312.04707766509 2174.56892279826 4933.62189471386 3683.91775152486 4620.94416759173 3883.05614175227 5017.28263106634 2672.31173331256 3896.39256235816 2927.77646004609 3503.12360615494 3391.34928899988 5425.288010788 5127.49939054116 4582.37111111704 4338.49052090701 4379.64039619693 3603.99084349558 4752.95960428868 3910.32287669446 3820.09489410931 3047.12979703852 3461.3942277643 4059.71058081731 3878.46619167939 3937.00393700591 3311.15538747429 2714.42903756941 3206.04897030597 2013.08221391974 3082.00421803735 3632.23416095383 552.268050859363 1382.70568090248 1059.77591971133 3370.83075813663 3928.58116881909 0 1694.47632028305 2195.02277892508 2439.51839509359 3372.86969804646 1570.62885494951 3052.56040071282 2784.44339141596 182.002747232013 580.409338312195 937.083240699566 1259.2160259463 777.817459305202 1449.7844667398 1391.71656597168 1508.93174133226 1576.78470312215 2785.00448832672 3102.61986069837 1493.52770312438 2269.49884335727 1138.25524378322 3285.09893306123 3176.57441279124 3403.85810515068 1376.13589445229 1893.40962287615 2005.46129356814 3018.8988058562 3494.45990104336 820.060973342836 689.655711206686 1744.99283666151 1513.89398572027 1869.82619513152 1671.26449133583 2059.4295326619 2215.28779168757 2857.44641244591 1488.70749309594 1913.92920454232 2191.74587943037 2039.76101541333 2108.76148485314 2688.05226883705 3604.5977584191 2779.5008544701 2696.06194290858 2596.27136486154 2276.78501400549 3524.37937798983 2805.90894364019 2740.55195170608 2731.872068747 3215.3926665339 2040.98628118858 3556.50811892789 2579.84980182956 3380.27365756088 2748.63602537695 2810.47149069333 3111.37027690373 3444.65165147363 3228.29289253624 2482.56419856567 3660.43030257373 4619.8620109263 4122.49924196476 5211.40576044506 5470.71750321656 4749.86841923016 3654.62036332093 2394.78600296561 3289.09181994057 2887.14824697313 2271.7009046087 3746.49836514044 4359.9025218461 3269.07861636884 3821.48531333041 3597.39489075081 4099.84755814164 3419.61255115254 3593.30975564312 3151.68605670045 4349.49709736654 5156.4280272297 4500.41664737833 4852.64103349918 5199.21869130353 4418.28586671347 5210.20632988752 4495.06674032767 5435.24378478096 5479.7924230759 5048.45273326393 4541.6819571608 5217.81803055645 7257.41000633146 6220.83193793242 6625.33018045139 7495.45695738425 6839.63632074104 5841.125747662 7822.48362094802 6594.17356459473 7605.01479288502 7719.86075003947 5917.66423515224 6878.86255132344 6501.97085505618 6214.70031457672 7185.48884906239 6116.37147334921 5900.52963724444 6371.27342059655 7823.84176731611 7006.51482550348 6321.04619505347 5617.66188017755 6009.05566624241 6236.73592514546 7234.81167688558 6975.04480272349 5448.56632519051 6211.58192411563 5699.01307245386 6425.0486379482 6635.55762539969 7280.1957391268 7200.73780941925 5948.68682988103 6245.44834259319 6215.35397222073 6077.21153161547
3318.69703347564 2938.00527569302 2859.742121241 3120.09615236454 2525.98990496795 4760.5803217675 4760.38338792161 4398.1530214398 5085.94878070946 4038.02241202299 2968.58552175948 2458.4039537879 3442.47367455439 3533.94255754108 2894.17518474608 3216.17008256715 2885.41591456067 4373.64264658191 3270.51219230261 4851.15965517524 5623.66650860451 5203.48440950869 4827.39577826389 3936.5276577207 3680.77777106959 3365.54230399798 3331.94762864004 4319.36048507184 3629.56608976886 3587.04265377483 4970.47532938249 3378.23918632177 5260.76277739265 5340.2364179875 5707.34176302769 5598.77218682811 5913.70230904465 5835.55909917807 3960.27145534242 2744.31230001252 2507.98724079689 3189.82758154732 2190.03424630758 4595.31010923093 2093.14356889345 3281.29166640212 2585.65755659948 4090.4614654095 2212.74716133588 4436.00326870935 3621.5500824923 3578.49479530151 3713.82552094198 4960.5947224098 4983.97431775085 4633.3708032058 5035.49898222609 4696.00894377343 4478.42048048193 4503.12391568342 2912.36587674008 2581.0608284192 2414.28043110157 2293.19645909373 2884.22433246792 3107.04843863111 2957.40595793002 1747.49821173013 1416.64215665072 2105.35032714273 1870.49458700099 1581.53406539347 2331.71074535415 1989.66077510715 1413.55049432272 783.022988168291 2143.30352493528 2371.18114027588 1694.47632028305 0 1488.49756466042 1569.23548264752 1679.65770322408 1160.01077581202 1611.0943485718 1104.81898969922 1723.55011531432 1816.76222990242 1092.30261374767 912.071817347735 1537.44918615218 2267.29464340213 1605.65407233314 2252.35987355485 2451.27517835106 3191.59051258146 3051.43408908008 2573.30040997937 3029.54204460014 1888.28626007817 3588.61045531554 3267.54877545845 3500.17856687341 2702.77635034792 2400.26040253969 2451.6576025212 3259.02592809569 3363.03434416005 1093.73214271137 1802.94897321028 1184.79956110728 1513.48108676653 1589.41813252523 1380.89644796415 2425.64424431943 2078.16024406204 2788.59283510519 1433.96303997 1453.22916293336 2003.74649095139 2053.50310445346 2025.61718989546 1310.77267289183 2431.17769815372 1901.80834996589 1468.41751555884 952.299847737046 1192.68604418766 2869.01551058895 1386.76782483587 1219.88728987559 2302.58007461196 2390.08368054342 1082.53175473055 2639.83901024286 1361.2953390062 1945.50764583437 1542.31968151872 2018.972510957 2522.27575812004 2081.01537716568 2016.959345153 3091.41957682874 3731.11913505854 4992.55696011573 4575.34151730775 5989.67862243042 6453.48742928969 5394.78915250633 3318.32035825355 3411.5612261837 3534.91513335186 3713.90966502956 2993.63908980358 4409.22328760974 4405.39442048042 3304.2586157866 3784.01242069843 4451.82546827703 5187.60542061557 3083.42342210732 3156.44182585392 2781.29915686896 4222.78048209944 5205.64597336392 4370.21166535444 5004.18574795141 5376.86014324345 3742.15846805022 4945.7052075513 4219.37495371056 5075 4843.10076294103 5042.87864220427 4110.42880974723 5002.31196548156 6853.55747039448 6073.81675719642 6349.70471754396 7024.11026394091 6583.83436911956 5810.7658703479 7391.54922868001 6131.2213302082 7469.60507657533 7490.07676863195 5965.21164754445 6854.74288358068 6263.83468811239 6126.68344212429 6672.23725597344 6127.49949000406 5549.43690837188 6357.13182182028 7643.05240071007 6743.05197963059 5983.88460784464 5676.54164082322 5609.47858539455 5745.48735965888 7182.35685551755 7244.39438462595 5978.55542752595 6807.62440209505 5445.52568628594 6610.78664003007 6263.23598469673 7369.44706202575 7584.6473220579 6424.02716370347 6271.21399730547 6545.75243955957 6285.00198886206
3561.33752963686 3181.39120511766 2628.45011366014 1837.96762757128 2265.22625801486 3428.73883519874 3343.93106986373 2932.25595744983 3790.28363054798 4372.64222181509 2174.42521140645 3114.98394859428 3256.33996996628 3621.5500824923 3172.24289738349 3840.65424114174 3407.16157527054 3008.63341070327 3804.84888004767 3874.67740592685 5022.20071283496 4723.0154562525 4444.1675260953 2701.27284812179 3138.27181741799 2613.18770852765 2340.13888476731 3487.2983812688 2817.46783477647 2172.84375876408 3619.21952912503 2008.26417584938 4085.3396431631 4626.95904455615 4547.59551851305 4644.1495453958 4894.00143032264 5100.67397507427 4384.13332370264 3400.09191052242 2352.79089593614 2637.82580926035 3071.7462460301 5221.70949019572 2155.95106623504 2812.69443772337 1829.6174463532 3159.70726492186 3283.76689184845 3331.85383833085 2631.30195910694 2389.29906039407 2743.28726166255 3768.37166426031 4011.93531852147 3718.36657687216 4233.86643624949 3784.26016547488 3707.50927173487 3434.38495221488 1913.43931181525 1945.828872229 1586.86010725583 1575 1995.15037027288 1868.32143915334 2378.68135739111 1684.30252627015 2281.17294390408 1190.85053638146 1044.32992871027 1433.74509589397 1690.04437811556 2355.44581767444 2384.58591793208 1860.77940659284 1748.03461064133 3072.15315373436 2195.02277892508 1488.49756466042 0 632.949445058608 2254.57867460863 2494.24337224738 2844.29253066558 1796.52442232217 2331.04054018801 1927.7577648657 1634.77827242718 1492.06233113768 1542.11705132911 2033.77727394127 2166.50640432933 2628.92563607265 1921.42525225417 2253.46954716499 1941.16588678042 2560.51752581387 2400.26040253969 2107.42734157076 2750.68173367985 2526.11361581383 2610.19635276735 2841.32451508095 2388.64501339148 1977.05589197675 2605.88276789268 2613.54644114085 2023.14730061852 2407.02098038218 2242.90548173569 2271.28818074678 622.996789718856 2025.77145798829 2745.33695563951 2514.58247031192 2246.24686978079 1390.36865614843 1817.62207292935 1051.48704224065 1358.76782417012 2104.4595505735 2373.28885726116 3266.6879251009 2622.73711988068 1913.60262332596 2093.74067162101 2671.72696958353 3307.09464636257 2667.39573366983 2484.95472795784 2806.91111366213 2882.38182758635 2373.55219028358 3310.1170674162 2750 2850.98667131223 2713.04717983304 1748.03461064133 2890.28545303055 2636.75937468704 2805.57480741469 2632.25188764297 3821.07641902122 4496.24843619656 4466.89209630141 5456.81912839339 6008.37956524053 4756.77148915102 3566.77375228651 3315.58818311322 3219.27786933654 3143.44556179998 2790.38527805749 4144.65016617808 3992.57122666584 3194.33091585703 3355.12667421068 4000.23436813395 4726.19032625644 2729.58330153157 2782.31019119005 2889.20404263873 4293.45432024145 5080.66186633198 3770.02984073071 4480.09486506703 5156.18560565851 3873.87080321479 4815.14537682924 4074.61654637587 4563.85253924795 4670.51924308208 4584.34837245164 4217.07837252285 4595.78611338691 6582.7900619722 5409.7712520956 6238.63967544207 6969.84576586885 6305.65222637595 5410.00231053555 7131.8388231928 6115.04292707745 7088.94385645704 7267.26392805435 5676.54164082322 6561.678520013 5937.90788072702 5990.87848316088 6456.92457753689 5982.73557831198 5624.77777338803 5960.07550287746 7156.50927477915 6267.82458274001 5534.77641824853 5204.92555182108 4926.01512380951 5509.42374482123 7014.4939232991 6398.58382769187 5595.64562852223 6244.34744388875 4617.15550961845 6290.31994416818 5337.13406239716 6673.87630991165 7218.2927344352 5617.4949933222 5561.92412749401 6131.37423421536 5717.79022000633
3997.34286745583 3543.56811702555 3209.45867709806 2045.11613362176 2782.64712099828 3487.2087692021 3385.81600208871 2957.82859543957 3573.776014246 4942.73456701855 2734.04462289846 3588.69753531835 3820.74927206693 4156.77158381357 3733.12871463066 4340.93883854633 3927.22866662994 2811.8054698005 4305.66487316419 4026.0091902528 5046.34768917085 4776.89752873138 4445.64393535965 3091.72282069399 3562.39034918971 3232.16258873219 2925.21366740961 3785.74629366523 3340.47152360262 2526.23732060153 3460.22036870486 2324.86558751253 4132.87127793741 4705.38255617968 4459.11986831482 4620.20021211202 4774.60731369607 4997.12417296189 4931.91139417569 3832.26434370073 2013.08221391974 2059.7329924046 3487.2983812688 5694.02098696519 1819.68403850778 2319.88685068906 1848.14095782762 2681.76714127085 3623.01669882986 3300.85216269981 2717.19064476529 2227.80721787142 2557.34237050888 3413.94200302231 3603.12364483929 3350.46638544547 4073.2358144355 3511.40997321589 3660.77177655204 3046.00147734698 1485.55545167456 1454.94845269515 2136.29351915883 1838.13764446518 1630.56738591203 1566.44501978205 1770.94607484248 1466.71401438726 2529.20442036621 784.219357067906 1669.95508921647 1447.84322355703 1289.13730843537 2715.4649693929 2732.32959212464 2085.21581616868 1176.32903560186 3140.85975490788 2439.51839509359 1569.23548264752 632.949445058608 0 2126.32311749649 2686.65684448163 2863.67334030961 1772.18085984473 2572.57167052737 2143.15771701478 1681.70300588421 1451.50783669948 1768.82729513087 2037.92173549428 2017.57899473602 2510.10457949465 2070.32606127634 2160.15045772279 1709.16646351372 2552.81707139387 2376.05239841212 2070.77883898788 2503.1230493126 2175.2873373419 2295.92029478377 2891.79874818425 2183.17429446208 1832.51875843059 2294.83114847258 2173.13138121007 2110.98318325846 2477.52396557531 2064.88498469043 2101.93363358599 765.669641555678 1793.56488591854 2482.18653610078 2159.57171679942 1825.1712248444 1259.464171781 1487.23737177358 887.411967464942 1175.53179455087 1748.03461064133 2093.59141190443 2825.44244322902 2190.1769334919 1452.15357314576 2038.84158286023 2673.01328092473 2775.56300595032 2512.59328185045 2397.5247652527 2364.71457051374 2365.37523450297 2216.27502805947 2813.58312477169 2624.52376632409 2496.49754656399 2443.10253571151 1149.45639325726 2375.26314331697 2163.47521363199 2371.84000303562 2452.93191915308 3362.47676571898 4120.45203830842 4090.07946133079 5217.1591886773 5828.80776831763 4503.47088366296 3041.99769888144 3206.82865148732 2830.74636800968 3041.4840127806 2614.74186106392 3858.91824220208 3517.81181986757 2740.55195170608 2875.10869359751 3825.73522345705 4637.21360301636 2185.17733834122 2211.47575161927 2367.62011310936 3769.8640559044 4575.34151730775 3273.18652080813 4038.17718779154 4684.34894088816 3271.27650925445 4245.29150942547 3512.56672534487 3999.14053266449 4048.8424271636 4089.39176406468 3639.11046823259 4047.29848170357 5985.08563013095 4905.7364380896 5655.85979317027 6357.72168311888 5730.78310530071 4894.12913601593 6529.35678302235 5507.43815217202 6540.06880697749 6690.38489176819 5168.05088984232 6030.33995724951 5370.57957766199 5444.37783405965 5844.33486378048 5457.67807771767 5039.4692180824 5443.17232870685 6611.44840409422 5709.53150442311 4963.55467381996 4720.23569326787 4383.06399679494 4901.84914088551 6468.86775255145 6038.52217020026 5235.51573390817 5925.4746645311 4133.8541338562 5812.48655912424 4864.98972249685 6223.24272385386 6790.94065649229 5325 5105.69534931335 5704.11036008246 5281.21671587145
4899.48976935354 4585.37075927345 3301.60945600778 3038.70860728698 2697.80002965379 5554.78397419738 5368.77546559735 4810.27545988793 5475 4976.25612282969 3287.66634560139 3657.0138091071 4798.63261773602 4947.22144238561 3686.63125359725 4274.48827346619 3769.69826378717 4502.36049200861 4533.62437791222 6085.12530684455 7013.24639521527 6664.73930472903 6279.82881932302 4894.51223310352 5144.96112716121 4256.83274277954 3996.01363861536 5677.86271408529 4849.09785424052 4016.9173504069 5374.65115147021 3559.66992851865 6250.84994220786 6710.29991878157 6566.20133715073 6728.48422752108 6874.27268880134 7026.28991716112 4639.10012825763 3039.53121385519 1319.56432203966 2726.94884440468 3233.41924284495 4827.33104313346 948.683298050514 2417.77273539098 1924.35053979258 3716.2649259707 2884.87434735033 5426.61266353146 4794.07186012058 4325.28900768492 4639.63899457706 5012.85846598525 5375.05813922045 5239.93082015402 6110.5441656206 5513.27942335594 5703.94600254946 4839.22772764415 2677.33542911605 2081.01537716568 2762.01918892683 1976.10728453695 2377.49868559375 3109.0593432741 2769.70215005152 881.050509335305 1509.34588481236 2027.62175959916 2880.32116264836 1030.77640640442 1802.94897321028 3628.87723683235 2778.60126682473 2404.29303538483 1869.82619513152 1231.36103560248 3372.86969804646 1679.65770322408 2254.57867460863 2126.32311749649 0 2446.04272243966 1306.95256226077 614.918693812442 3400.27572411415 3442.47367455439 2682.46621600347 2404.29303538483 3113.47876177115 3712.22642089623 3002.18670305496 3696.36645910548 3875.40320482914 4249.70587217516 3800.32893313197 4083.27380908996 4325.7224830079 3396.59756226728 4525.55245246368 4104.95127863901 4294.18211071678 4288.50206948767 3697.12726315987 3687.22456598456 4210.99750652978 4002.65536862718 2730.61348418263 3429.5590095521 2371.97175362608 2850.54819289203 2657.06605111728 2614.02467471139 3657.35560207098 3099.79838054026 3612.30535807813 2748.18121673226 2518.0597689491 2956.98326001349 3136.18000121167 3087.575909998 1451.93835957316 2211.75835027247 2337.33288172652 1690.78384189109 922.293337284836 1880.49195690915 3174.70471067783 1373.18061448595 1148.0962503205 3015.89538943246 2658.24190020397 2016.959345153 2712.70160541111 1727.17254494159 1452.15357314576 1779.39596492742 2444.38131231606 3000.52078812995 1647.9153497677 1922.40084269644 4308.7846314245 4519.12602169933 5852.08296250147 5548.76112298953 7087.75352280255 7682.04074448971 6421.54576406647 3832.91664401928 4821.6957597924 4465.07278776058 4979.14400273782 4295.7100693599 5533.76002370902 5061.00286504562 4123.48457011785 4449.85954834532 5685.17809747417 6524.85632025717 3618.52870653253 3576.39832792713 3382.76883632329 4774.7382127191 5800.43101846751 4864.92548761027 5683.14393623811 6063.26026160844 3812.64343992459 5274.11129954611 4622.02607089142 5272.62979925578 4786.11272328599 5585.97574287608 4386.69864476693 5357.41308842243 6885.21967696021 6390.22691302899 6552.95734764083 6986.99685129455 6782.92893962483 6271.46314666681 7366.73265430476 6160.6107651758 7734.25820618888 7669.58277874357 6492.1105967166 7261.80074086311 6498.22091037232 6526.00566962671 6600.85221770644 6618.25127960551 5745.65052887834 6796.36851561185 7848.80564162472 6913.39279948709 6130.71162264219 6223.89548434098 5706.35610525666 5761.13053141482 7552.56578918714 7864.23867898222 6901.4944033883 7733.45007095798 5696.27070985921 7219.67797065769 6322.4303080382 7832.30489702744 8317.63938867273 7256.93633705023 6734.10164758448 7276.88978891394 6917.45979388388
2832.95340589993 2571.23511177022 3012.05909636581 4087.2515214995 2880.97205817759 5573.59847854149 5652.04608969177 5363.00988251933 6097.64298725335 3436.74991816396 3490.43335418398 1749.82141945971 3237.86194887923 3102.92200997705 2545.95267041632 2446.80914662341 2309.76189249022 5456.24642038829 2523.01902489854 5354.14559010119 5949.47476673362 5443.40196935703 5075.6157261952 4533.55544799002 3788.46934790292 3637.82215068302 3817.55812005528 4654.43337045445 3893.18314493423 4412.05734323569 5972.75062261936 4264.46069274885 5956.61397104093 5703.94600254946 6491.38852634781 6196.01686569686 6628.06532858571 6357.13182182028 3383.32307059199 2347.73827331754 3534.91513335186 4314.2931054809 1385.86615515352 3991.71015981872 3098.08408536631 4389.33366241392 3589.39409928751 5244.4017771334 1419.72708645007 5177.11309515255 4259.98826289463 4499.72221364831 4531.90081533124 6064.29097257049 5976.25509830362 5551.013420989 5679.95378502325 5518.43501366103 5030.96660692555 5537.93734164626 4070.47294549417 3729.77881381725 3057.2659354397 3172.24289738349 4033.06645122542 4238.14523111231 4073.92623890026 2788.48076916446 1565.64683118512 3258.93003913861 2475.25251237121 2564.7855660854 3473.65081722386 1745.53000547112 717.635004720366 730.581959810123 3278.2426694801 2688.05226883705 1570.62885494951 1160.01077581202 2494.24337224738 2686.65684448163 2446.04272243966 0 1657.18134191766 1932.29138589396 1476.05894191255 2018.04360706106 1558.44473755087 1603.51177108246 1935.68463340494 2742.7176303805 1996.24647776771 2490.48188108245 2941.6194519346 3960.192545824 4001.95264839553 2858.10251740556 3607.45755345784 2245.27281193177 4394.88338866915 4130.52660081012 4388.97767139456 2798.77205216859 2916.65476188047 3128.09846392341 4051.31151604021 4301.2352876819 1143.18633651737 1771.65177165266 1559.44701737507 1856.07111932706 2512.59328185045 1948.39677683987 2829.42131892725 2629.04450323687 3662.222685747 2199.00545701915 2225.7021364055 2947.56255234728 2913.97494841668 2735.87280406089 1939.39423532195 2988.51970045372 2545.82992362019 2432.20578899073 1564.84823545288 951.643315533714 3525 1693.0002953337 1568.04017805667 2893.74325053209 3104.13031298623 1380.67012714841 3238.53747855417 1456.45116636295 2555.50875561012 1945.98946554189 3056.24360940027 3225.09689776912 2910.54118678984 2680.48503073604 3698.47941727408 4300.36335674092 5681.21905932169 5080.04675175337 6518.67509544693 6850.59304002216 6019.60339225102 3957.03487475155 3715.08748214628 4224.77810068174 4251.91133491751 3478.32574667756 4904.65340263713 5185.61712817288 3993.11908162028 4604.95656874199 4935.6483869903 5552.53320566388 3985.05018788973 4092.06549312202 3528.98710680558 4853.47813428679 5852.40335246982 5268.5980108564 5781.76011263006 6020.79728939615 4522.78951533232 5700.93194135836 4999.1249234241 6007.91145074559 5722.65235708059 5849.78632088387 4821.56613560366 5856.51346792612 7687.77438534717 6989.67989252727 7077.56137380666 7771.42200629975 7381.31085919026 6596.82688873977 8223.48010273023 6868.86089537414 8268.35080291106 8246.24914733965 6677.05960734214 7583.90565605876 7079.81285063384 6810.79107005934 7512.69758475609 6783.20536324826 6216.96268285406 7131.88264064966 8498.63959701787 7623.52444739308 6880.67947226144 6461.71416885643 6604.78046569301 6600.3787770097 7858.87237458403 8074.2259690945 6554.00640829714 7420.28469804225 6440.35131029356 7282.72785431393 7313.94216548094 8216.63708581558 8196.72190573768 7163.97236175573 7146.24027024001 7205.9870940767 7050.31027686016
4412.26982402482 4172.07981706966 3318.69703347564 3987.24528967055 2897.62834055715 6257.09597177477 6175.50605213856 5706.8489554219 6418.04097836715 4355.45634807651 3702.44851415924 2965.32038741179 4541.33790859038 4508.94943418087 3240.85251130007 3507.22468627261 3129.49676465722 5549.49322010578 3822.54823383564 6453.14845637383 7205.03296314458 6764.75239753829 6365.58127746398 5363.00988251933 5133.59036153061 4418.56877280415 4369.35349908885 5880.15731082086 4990.80404343829 4754.60303285143 6310.20998065833 4388.97767139456 6830.81254317523 6941.45157729995 7244.0061430123 7196.04926331108 7469.68874853564 7404.85482639599 3996.32643811789 2404.29303538483 2614.50282080552 3855.92077200764 2422.93726703768 4076.91672713584 2202.98093500602 3660.08879673704 3037.68003581681 4900.89277581136 1902.13695616273 6003.85292957781 5220.99128518713 5052.10352229643 5238.85722271566 6090.20730353245 6257.44556508485 6003.02007326312 6585.25815743012 6166.08668443771 6071.2951666016 5767.58181563123 3812.64343992459 3260.55976789262 3241.62382148207 2827.65362093733 3589.65527592832 4173.80222339296 3802.38412052228 2078.91197504849 1108.48996386977 3064.00473237232 3165.53707923316 2010.13059277252 2990.19230150838 3270.7988320898 2131.02088211261 2008.10856280232 2913.0096120679 1275.98001551748 3052.56040071282 1611.0943485718 2844.29253066558 2863.67334030961 1306.95256226077 1657.18134191766 0 1203.1209415516 3008.94499783562 3336.35279909065 2611.9915773218 2435.41577559151 3109.36086680205 3840.73560662538 2937.47340413492 3599.47912898519 4057.93974819735 4758.47927388572 4510.3353533856 4078.14295973057 4625.06756707402 3372.12840799398 5093.25534408005 4705.98023795256 4951.57803129467 4150.07530052167 3847.80781744619 4009.20815124383 4728.17353742436 4706.44504907898 2406.89114834884 3135.8810564178 2177.2976369803 2720.98327815516 3122.99935959007 2636.0481786189 3693.49089615773 3217.62723136164 4174.4011546568 2981.29585918607 2745.67842253968 3515.05689854375 3596.00472747186 3362.10499538608 1514.10039297267 2416.86780772139 2530.56317842491 2239.83816379666 847.791247890658 1004.05428140116 3505.97703928591 935.414346693485 667.083203206317 3199.0232884429 3016.30983156572 1684.85904454942 2968.48025090281 1096.58560997307 1717.01048336928 1597.06762536844 3144.93640635228 3343.46377279611 2263.29405955126 2210.48637181956 4622.09368143918 4804.75025365523 6345.56932039986 5817.48442198172 7455.3252779473 7930.36096278095 6873.99992726215 4169.75718717529 4874.74358300003 4878.90868945095 5279.32287324805 4478.97867822565 5799.40729730203 5629.44269000049 4514.28288878754 5032.08455811307 5958.76455316033 6721.00252938503 4252.13181827657 4268.04990598751 3798.35490706174 5155.45827254959 6241.64441473559 5582.84201818393 6277.43976474486 6509.32024100827 4376.28552541993 5840.00214041057 5184.83365210495 6077.31437396487 5532.96936553963 6216.20865158177 4866.08158583475 6049.07017648167 7611.38128068749 7198.65438814783 7128.15719523637 7607.47987181037 7450.92276164503 6902.03774258009 8100.81014467072 6749.72221650639 8419.80552031934 8302.29636907765 7035.49038802556 7847.65092240984 7181.83472380143 7039.22048241139 7337.36158302152 7097.40269394375 6226.80696665635 7427.81933005913 8611.36603565311 7692.89444877544 6915.83328312648 6849.90875851642 6618.95951037623 6492.97697516324 8079.7973365673 8599.23688474739 7301.11292886228 8203.4672547649 6597.9637010217 7733.57129662616 7335.87077312571 8582.28553475122 8786.85097176457 7870.27636109432 7494.33119097361 7780.66513866263 7540.1011266428
4288.13770767684 3977.27922077392 2885.52421580551 2851.86342590244 2341.7408054693 5191.21854673833 5055.3807967353 4547.32063967343 5277.66520347777 4479.67632759332 2916.86904059815 3105.33814583855 4201.9340784929 4346.33466267843 3200.48824400278 3760.40223912283 3277.38462802278 4360.83420918521 3975.15722959482 5600.27901090651 6527.25056972689 6156.85593464716 5787.10851807705 4425.70615834355 4555.90276454623 3751.16648524162 3551.58415358555 5135.5379465057 4293.38153440851 3680.86267062492 5158.60930871878 3289.85182037125 5845.29725505898 6213.79513662947 6225.4015934717 6308.57551274454 6518.33951248322 6615.27588238011 4210.7748693085 2700.11573826012 1664.51945017173 2850.1096470136 2722.24631508613 4555.62838695168 1266.14572621006 2679.31894331377 1926.13602842582 3796.87371399155 2476.51468802428 5031.77404103165 4330.27135408394 3999.53122253096 4283.17930981181 4942.73456701855 5226.91352520778 5019.33760570058 5733.72697292084 5218.29713603969 5263.13832233203 4688.54988242633 2645.51507272213 2150.29067802472 2369.20345263973 1790.42592697939 2427.06097986845 2985.06700092309 2791.61691497956 952.299847737046 1123.05387226081 1880.99043059767 2341.07347172189 851.836251870041 1839.49721391472 3020.45112524603 2206.52441636162 1817.96589626978 1861.61891911315 1448.4905936871 2784.44339141596 1104.81898969922 1796.52442232217 1772.18085984473 614.918693812442 1932.29138589396 1203.1209415516 0 2814.4715312115 2865.9640611843 2143.5951110226 1891.75844123926 2540.3001791127 3206.82865148732 2552.69465467376 3237.08974234574 3345.42598184446 3838.37530734033 3473.92069569816 3576.83519329588 3855.35342089412 2894.60705450671 4179.56337432512 3797.86124022456 3991.0055123991 3760.06981318166 3271.18097940178 3245.18874643679 3873.06403251999 3763.72488367574 2187.03566500412 2894.17518474608 1981.31900510746 2425.12886255555 2177.87166747722 2209.35510952857 3275.95405950694 2782.64712099828 3315.2111546627 2274.45048308377 2148.54601998654 2543.74232185573 2710.85779781972 2733.35873971932 1320.98448136229 2322.44483249872 2200.28407256881 1540.08928312614 575.543221661067 1542.11705132911 3121.19768678628 1261.9429464124 970.82439194738 2809.13687811755 2595.78986052415 1675.1865567751 2735.30162870569 1521.51240547029 1607.21031604454 1663.01683695626 2247.35956179691 2871.6284578615 1787.45629317195 1957.99642492013 3889.89074396698 4308.20438233842 5590.05813923254 5271.44429924096 6739.57528335429 7291.81904602686 6086.20366073959 3715.08748214628 4363.26998935431 4171.4805525137 4539.13538022386 3865.71468165978 5186.34023180123 4871.40893376855 3878.94960008505 4243.45083628879 5278.90850460585 6079.21664361454 3442.47367455439 3438.56801590429 3209.36130717624 4654.1648015514 5666.40318014876 4713.08020300949 5483.95386559734 5891.41324301733 3849.91883031318 5229.78250025754 4538.17143792519 5243.20989471144 4869.41988331259 5441.39228506822 4361.33580454429 5282.40002271695 6955.43851960464 6317.4856549105 6570.8161593519 7098.67945465916 6791.81492680712 6170.34237299682 7461.77760322566 6243.49661648022 7718.68674063147 7696.95556697582 6378.33246232901 7198.30709264338 6487.77696903955 6470.75150195091 6709.46160284117 6529.78751568533 5769.5862069996 6708.57660014403 7845.73928957622 6916.69176702273 6136.87624121588 6084.30357559516 5701.37044928673 5828.05713767461 7514.19490032033 7672.14930772336 6635.03956280594 7454.65458623 5620.3313959232 7079.41558322437 6308.92225344393 7715.28515351183 8134.26394949168 6984.5364914216 6607.00385954178 7083.51960539392 6744.11780739334
1826.71152621316 1310.05725065739 3308.1339150645 4067.32405888687 3332.22898372846 4603.93853130122 4825.25906040287 4722.08905040979 5373.19737214259 3565.63458587668 3552.55189969126 1973.10035223756 2464.24430607032 2395.1774464536 2890.60979725732 2716.7305718455 2744.31230001252 4991.05449779904 2420.35637871781 4057.47766475676 4529.21074802222 4001.95264839553 3667.50937285783 3638.42342230807 2531.55090804037 3197.45992938145 3478.32574667756 3343.83761567454 2942.04435724549 3986.38307241038 5250 4054.39576262604 4797.78594770546 4291.70711955045 5389.51528432752 4918.01535174505 5450.3440258391 5052.53649170394 3832.8351125505 3312.57075396134 4139.51989969851 4428.38853308966 2078.91197504849 4854.76569980468 3749.91666574072 4724.53701435389 3985.1286052021 5159.33619761302 2574.27174167763 4071.39411012985 3102.61986069837 3681.20224926586 3562.74121990357 5592.90845625065 5288.72621715286 4742.88941469227 4490.33684705279 4541.81956929159 3756.57756475226 4918.71426289432 4048.30211323216 3934.62196405195 3146.52586196268 3555.5414496248 4185.31659495432 4032.44652785378 4059.32568291829 3384.24659267022 2698.84234441362 3332.13520133862 2139.07106006322 3154.65925259766 3742.49248496239 566.237582645306 1302.40162776311 1041.03314068285 3476.43855116123 3918.9443731699 182.002747232013 1723.55011531432 2331.04054018801 2572.57167052737 3400.27572411415 1476.05894191255 3008.94499783562 2814.4715312115 0 757.462870377156 1028.95578136283 1343.03760185633 951.643315533714 1605.84868527517 1450.43097043603 1570.42987745394 1752.31989088751 2960.04645233821 3275.95405950694 1610.51234084064 2433.61870472759 1250.99960031968 3449.09408395886 3332.97914784956 3568.17530398942 1457.95233118233 2007.64165129139 2163.61965234188 3172.04586978184 3646.31663463282 815.858443604036 708.872343937891 1747.31937550066 1543.1299362011 2027.77587518937 1725.90555940932 2126.17614510181 2275.54938421472 3000.93735356138 1622.30545829076 1997.18551967513 2356.5069488546 2203.12278368683 2212.18218056289 2693.7427494102 3612.1323342314 2810.0266902647 2758.73612366243 2596.39172699344 2210.91044594755 3571.15177498801 2777.81388865417 2717.30565082399 2779.16354322663 3262.38026600211 2018.972510957 3580.24091368165 2534.01854768271 3386.46201809499 2732.78703890369 2924.35890410189 3170.37064079265 3484.78837234056 3248.26876966793 2628.45011366014 3735.89012151054 4746.31435958471 4210.7748693085 5332.03760301819 5575.44841245975 4885.75736196549 3717.27386669317 2493.1155207892 3410.27858099599 3033.5622624235 2394.52500508974 3852.51541203926 4481.69889662391 3371.01616727063 3948.17996043747 3721.64278242821 4213.14905978889 3541.27448809041 3714.33035687457 3235.1584196141 4423.65798858818 5245.17635547176 4637.01142978967 4981.59111128162 5296.57908465455 4488.94475350276 5301.47385167559 4591.43223841973 5560.2383042456 5574.04700374871 5170.95252347186 4613.16052181148 5335.02577313362 7356.50222592232 6357.42675931072 6709.55475422923 7572.56561543048 6940.01080690801 5955.3022593316 7919.47757115329 6669.61393185543 7713.17865733706 7812.60999922561 6020.12250705914 6979.29974997492 6607.76058888335 6301.43832787404 7279.46598316113 6203.47684770404 5967.98751674298 6483.34404454985 7941.859039293 7125.08771875827 6438.65280940043 5738.90233407051 6146.2895310911 6334.9230460993 7321.58623523619 7124.12275301317 5557.09006585281 6333.8870371992 5848.6643774455 6527.68144136952 6789.97422675521 7416.99905622213 7303.1671211879 6095.5926701183 6385.82414414929 6326.63022469308 6204.88718672628
2093.59141190443 1499.58327544688 3363.77763831083 3644.2591839769 3344.02452144119 3866.84626019706 4102.81915272901 4035.70006318606 4639.90840426834 3963.11115160804 3367.21323946079 2491.36007032304 2493.7421679075 2611.63263113325 3200.29295534018 3242.20218370169 3179.22946639591 4323.55467179496 2922.86246682939 3382.58407138684 3965.00315258387 3488.28396206502 3161.78351567592 3047.23235083904 2152.9050141611 2982.65821038885 3172.73541285749 2766.99295264733 2553.79619390428 3461.75533508652 4518.71109941762 3588.26211417171 4064.01894680623 3690.86710679212 4639.03276556655 4214.63224967493 4721.09627099469 4404.61405800781 4253.45447842104 3716.43310177918 3948.49654932102 4011.6237360949 2640.66752924332 5338.18789478227 3607.71742241545 4384.48970805041 3719.37494748782 4623.44568476802 3133.38874064486 3318.88535505522 2359.02522241709 2943.637205907 2820.12854316962 4917.88826631919 4596.80595631358 4041.5034331298 3793.66247839736 3820.74927206693 3063.18869807265 4226.55296902807 3562.47807010794 3559.31875504288 2936.30294758562 3347.48039576037 3770.02984073071 3472.30111021495 3607.8906579884 3232.35595193351 2961.20752396721 2925.85457601707 1828.0795934532 3029.12941288417 3403.49085498992 884.23695919137 1836.4367672207 1381.57518796481 3135.58208312269 4125 580.409338312195 1816.76222990242 1927.7577648657 2143.15771701478 3442.47367455439 2018.04360706106 3336.35279909065 2865.9640611843 757.462870377156 0 879.630604287959 1182.68761725149 389.711431702997 921.954445729289 1293.25171563776 1328.53302555864 1000.31245118713 2209.21366101154 2566.73430646805 1091.44399764715 1704.0393187952 831.414457415795 2729.92673894374 2656.83081885166 2861.92679850481 1110.46161572564 1512.24171348366 1479.0199457749 2498.12429634716 3000.93735356138 1075.58123821495 814.708536840016 1848.47910456137 1512.44834622542 1486.81707011993 1594.91379077366 1840.68601342 2051.06679559687 2394.13345492685 1156.77353012593 1733.85408843997 1728.61939130625 1552.01481951688 1806.23918681884 2784.10667899059 3641.59992311072 2743.85677468778 2600.60089210167 2758.84939784686 2610.6752000201 3390.15117657015 3015.99900530488 2955.29186375898 2605.04318582245 3105.74065240483 2225.7021364055 3517.90065237778 2835.70978768985 3457.69070334523 2893.41925755671 2512.59328185045 2945.9718260703 3405.32670972992 3240.75608461976 1967.5492369951 3373.51819322203 4148.041706637 3764.5550865939 4740.84644341071 5042.87864220427 4242.41971049541 3439.56756002844 2016.64944896231 2855.47719304497 2359.81990838284 1827.90864104309 3329.88363160036 3923.0887066188 2910.75591556558 3383.50779517352 3124.59997439672 3657.61192583358 3029.95462012222 3211.30814466628 2888.55500207284 4068.62999054964 4809.17092646955 4033.68627932317 4384.20460288979 4817.93524240416 4192.62745781211 4877.05085066785 4155.86934347075 5010.73846852936 5166.59946192851 4606.78846920498 4290.10489382253 4805.07544165542 6897.96165544576 5743.52896745546 6302.92590786216 7204.33897037056 6467.32170221955 5419.23656985004 7468.64278165719 6312.58663306889 7198.65438814783 7363.63531144774 5524.09494849609 6490.42564089598 6114.63408553611 5874.25527194725 6850.04562028604 5769.0445482766 5639.42594596294 5951.36538955558 7392.35246724613 6582.60017014553 5908.99737688214 5171.43597079186 5551.63264274574 5893.00432716624 6886.35426041966 6440.15721857782 5016.22367922325 5736.1245628037 5200.06009580659 6020.22632464926 6131.7819595938 6783.48177560757 6784.08063041706 5414.33283055262 5746.6294469019 5779.59773686716 5602.39903969719
2778.60126682473 2234.11056127489 3379.5339915438 3471.40101399997 3196.67796313611 4225.36980630098 4361.98062810921 4165.70822309964 4696.40820201992 4244.1135705822 3388.30709942296 2624.52376632409 3135.8810564178 3226.9374025537 3298.20026681219 3419.15559751234 3259.02592809569 4241.09360896456 3252.97940356222 4027.17332629228 4597.28180558904 4155.34294613573 3759.07235897369 3545.68399607184 2985.17168685488 3372.49907338757 3435.29474717964 3532.8812603879 3213.74003304561 3604.33766453699 4606.38144317207 3579.19334487535 4544.5021729558 4361.33580454429 4996.81148333615 4723.41243170655 5103.06280580594 4868.97063043104 4375 3498.66045794673 3240.85251130007 3414.03353820668 2566.73430646805 5253.68917999533 2860.17919019071 3736.47561212435 3262.66762021509 4196.27811280425 2850.54819289203 3703.88309750726 2845.39101003711 3051.43408908008 3000.52078812995 4759.52991376249 4507.00843132116 4031.90401671468 4141.93493430305 3965.87001804144 3543.74448853187 4113.69663441533 3121.89846087281 2967.53264514478 2861.48999648784 2984.64822047758 3272.32715357129 3179.72089970173 3046.00147734698 2546.93443182191 2432.84812514057 2430.14917237605 1921.09994534381 2434.77411683302 2817.1350695343 1413.55049432272 1665.45789499465 927.36184954957 2479.03711146082 3463.47008071385 937.083240699566 1092.30261374767 1634.77827242718 1681.70300588421 2682.46621600347 1558.44473755087 2611.9915773218 2143.5951110226 1028.95578136283 879.630604287959 0 333.541601603158 698.659430624106 1250.49990003998 745.821694508815 1240.46362300553 1554.63018110418 2449.61731705179 2559.41887935523 1487.02723579631 2103.86548999692 810.092587300982 2844.95166918526 2601.20164539391 2864.54621188069 1618.83445725621 1435.48772199556 1572.02099222625 2502.62362332013 2824.55748746596 517.807879430199 838.898086778126 1027.43612940173 849.264387573151 1300.24036239458 841.872912024137 1556.23744974859 1479.2312192487 2172.69993326276 696.867993238318 1014.27313875504 1571.0267343365 1428.72320622295 1342.10655314695 1906.56759649376 2782.31019119005 1928.40607756769 1775.3520777581 1975.79098084792 1885.63649731331 2694.78663348325 2178.87585695009 2150 1942.61421800624 2344.27494121317 1386.99315066802 2719.71965467031 2021.13829314077 2578.88057110057 2026.23419179521 1904.76376488004 2270.1872169493 2552.44980362004 2376.70991078003 2154.93619395099 3056.65258084722 4178.06773520966 3716.60126997772 5027.61126182206 5427.99456521467 4486.85580334381 2899.46115683587 2343.74166665185 2745.67842253968 2741.57801275105 1990.28892374951 3458.41365368575 3744.74631984598 2620.35302965078 3160.20173406699 3452.08270468713 4142.08582721314 2631.18319392626 2778.26384636161 2348.40371316348 3675.42514547637 4559.673782191 3823.69258701585 4300.14534638075 4659.80149791813 3565.37164963205 4482.53555479485 3750.33331851984 4676.67082442201 4633.43824821266 4421.96223412186 3761.15009006554 4505.13595799283 6494.85373199428 5558.60818910633 5911.48247058215 6723.18748808926 6127.49949000406 5211.10592868731 7054.47552976123 5820.54550708093 6944.46722218487 7026.06753454591 5323.59136298045 6261.63916239191 5792.99145519826 5570.51389011822 6388.02590789987 5513.90288271384 5167.26475032971 5753.25994545701 7147.42086350034 6293.10138167184 5575.28026201374 5027.05181990399 5255.29494890629 5438.40509708499 6613.48055111679 6531.22308606895 5100.85777100283 5917.08331866301 5012.54675788665 5900.90035503058 5928.9543766165 6729.64523582038 6784.08063041706 5610.1470568961 5661.49273601936 5763.13716650923 5566.69785420405
3089.19487892881 2559.78514723404 3396.50555718668 3320.67387739296 3145.83057395022 4245.43872880059 4339.71485238374 4095.80578152822 4602.44500238732 4417.72000018109 3358.85024971343 2799.21864097823 3378.79416360334 3494.01273609585 3400.45952776974 3595.22252440652 3383.23070451898 4093.97423050024 3478.95458435433 4177.3945229054 4785.26383807622 4369.28197762516 3962.40141833207 3633.95445761226 3239.01991349235 3477.78665245584 3475.98906787694 3736.97738821096 3394.57287445711 3561.24978062477 4521.20006193046 3485.23672079817 4618.57662056179 4548.48876001689 5026.24362720312 4828.36670106983 5154.85208323187 4982.53198685167 4495.06674032767 3505.44219749806 2925.21366740961 3114.78329904345 2685.26069497917 5306.83521507876 2541.77595393457 3420.89169661946 3027.99438572795 3938.90847824623 2890.17733019965 3753.83137607432 2945.12308741078 3000.62493490939 2994.47407736317 4588.77707020073 4384.27588091808 3949.84176898265 4207.50816992671 3944.85424318821 3660.6864110437 3975.3930623273 2865.74597618142 2668.8012290165 2801.45051714286 2804.1264236835 2999.27074469778 2971.63675438301 2762.35859366593 2251.24965297054 2313.54706025185 2168.3807322516 1946.95274724375 2184.74826925209 2524.38111227287 1714.09597164219 1789.90223196687 1005.60926805594 2166.93908543826 3256.05205732341 1259.2160259463 912.071817347735 1492.06233113768 1451.50783669948 2404.29303538483 1603.51177108246 2435.41577559151 1891.75844123926 1343.03760185633 1182.68761725149 333.541601603158 0 939.747306460625 1415.53876668921 780.224326716362 1389.69421096873 1728.61939130625 2475 2478.53283214082 1700.73513516949 2217.82551162169 1004.36547133003 2829.08995968668 2531.79778023443 2800.11160491863 1884.64187579497 1493.52770312438 1614.38842909629 2468.42561159943 2701.27284812179 705.779710674655 1131.92314226718 876.427407147905 822.344210169926 1214.75306132563 687.386354243376 1578.17141020866 1364.04728657037 2061.70439200192 614.918693812442 784.219357067906 1472.03091000155 1367.47943311773 1226.27484684307 1628.26594879338 2507.23951787618 1671.82534973005 1447.62736918034 1739.97126413053 1769.71042829046 2471.46211785655 1952.88248494373 1929.70204954029 1762.10101867061 2087.31286586367 1206.23380818148 2465.89233341604 1837.4574825013 2286.23598956888 1785.53213356691 1631.14223781987 2050.60966544099 2232.43140992058 2086.56416148653 2219.23410211721 2977.93972403741 4158.87605008853 3720.63502644374 5100.30636334721 5547.69096111166 4532.17662939122 2734.15892003373 2506.61624506026 2704.39457180346 2851.97300127473 2086.26460450251 3513.2783835045 3651.96864718196 2529.57506312819 3050.10245729549 3555.36566333197 4297.16476295708 2453.95089600424 2580.45538616733 2166.50640432933 3551.40817141595 4469.13022857916 3693.99851109878 4230.24821966749 4595.78611338691 3331.76004538142 4325.7224830079 3589.74233058586 4499.02767273108 4404.96878536046 4316.97231865112 3574.73775261906 4355.88682130287 6311.15084592343 5425 5754.40049005976 6530.98384625165 5971.80877121832 5100.18382021668 6866.35820504582 5629.60922267257 6811.89217471915 6876.6361689419 5229.78250025754 6152.38774785855 5640.14627469891 5450.51603061582 6184.7089664753 5414.39054742083 4999.31245272788 5645.46277996764 7005.57813460103 6134.99185003534 5402.54569624358 4935.20516290863 5072.78276688446 5237.48508351098 6500.24038017057 6487.34344705134 5114.07371867086 5943.32608898418 4861.64838300756 5835.82684801391 5758.36348279613 6644.02927446892 6760.54731512176 5613.93355856658 5564.0587703582 5729.31060425249 5506.64371464143
2349.73402750184 1811.249568668 3142.74959231562 3284.62326606873 3062.16834938904 3743.91172438667 3923.8055507377 3793.74485172633 4441.35396022429 3978.45761570989 3084.43673950367 2502.49875124844 2578.39581910924 2755.67596063108 3099.59674796577 3274.52286600659 3125.99984005118 4041.19413045204 3021.79582367836 3445.64943080401 4160.00300480661 3720.0470427133 3395.95347435739 2925.96138046967 2300.40757258361 2840.00440140504 2954.34002782347 2870.6488813507 2537.7155080899 3182.86427608844 4312.55434748363 3264.39121430015 4036.4743279253 3857.70333229501 4591.70447655334 4271.85556871952 4726.58703506029 4516.4975368088 4207.43389728229 3555.62933951221 3580.32819724673 3683.23906365036 2601.20164539391 5246.2486597568 3250.96139626419 4028.72498440884 3331.38484717692 4300.07267380448 3040.35359785667 3267.54877545845 2330.63832457977 2760.77434789589 2721.90190859259 4661.1425637927 4432.12702886549 3918.6253967431 3835.68768280213 3756.16160461714 3141.05873870579 4020.64982310074 3205.17160227031 3195.40685985369 2619.16017074176 2973.84431334258 3395.40130176096 3129.29704566377 3296.2099447699 2862.47270729347 2701.96687618483 2548.77421518659 1533.7861650178 2655.41898765524 3026.65244122942 1067.70782520313 1772.53349756782 1234.14950471975 2787.92037189013 3829.0011752414 777.817459305202 1537.44918615218 1542.11705132911 1768.82729513087 3113.47876177115 1935.68463340494 3109.36086680205 2540.3001791127 951.643315533714 389.711431702997 698.659430624106 939.747306460625 0 967.923034130297 1257.72612281053 1460.09417504488 1010.56914657039 2108.02039838328 2349.2019921667 1297.35307453291 1725.72448554223 898.95772981826 2642.32378788066 2525.49500098496 2720.98327815516 1419.94718211629 1531.33928311136 1402.45320777558 2409.6161520043 2829.08995968668 1023.47447452294 1013.96498953366 1724.81883106603 1461.80539060437 1124.16635779586 1461.37777456755 1879.16204729661 1975.47462651384 2234.9496638627 904.848053542693 1536.43255628095 1428.72320622295 1310.77267289183 1679.84374273323 2549.63232643454 3441.74737597053 2566.73430646805 2319.21322866182 2483.57101770817 2459.92886076 3249.80768661778 2800.55798011753 2717.65063979902 2496.12199221112 2926.81567578145 2070.77883898788 3350.18656196935 2662.82275039102 3211.50276350496 2704.6256672597 2230.75099462042 2798.77205216859 3135.38275175456 3020.24419542526 1985.10075311053 3363.22018309834 4156.39567413883 3834.05790253616 4849.09785424052 5212.6049150113 4300.14534638075 3351.30571568754 2211.3344387496 2826.76935741139 2439.90266199289 1911.31499235474 3427.64496411166 3858.91824220208 2855.14885776556 3285.3843001999 3245.18874643679 3841.7118580133 2859.41427568654 3021.89923723476 2759.1891924984 4022.51476069386 4792.83319133892 3907.8446744977 4339.42680546636 4820.9827836241 4031.28391458602 4788.39743546836 4052.23703650218 4858.69066724771 4994.05897041675 4536.17404868905 4181.73110087198 4695.01064961518 6780.48670819433 5629.05409460595 6227.76043212967 7097.66687017642 6379.11631811178 5359.22102548495 7349.74489353202 6206.0957936532 7130.48034847583 7293.06177130017 5496.02128816838 6453.0031768162 6022.3023006156 5835.45199620389 6714.25721878452 5751.08685380424 5562.2612308305 5900.26482456508 7302.91037874627 6470.99296862545 5778.67848214451 5121.09607408414 5376.91826235066 5752.5537807134 6859.11801910421 6402.83140493329 5085.94878070946 5804.6317712668 5036.49183460075 6024.42943356464 5939.32866576686 6726.34744865295 6833.23678793586 5421.42739506857 5665.74134601995 5804.57793469947 5579.2024519639
2836.04037347849 2191.74587943037 4019.32830209228 3664.78171246256 3918.22663969301 3332.04141630923 3609.44940399502 3614.12160835797 3950.15822467911 4842.13279454416 3798.43717863018 3406.15252154098 3183.35514826731 3388.30709942296 4036.93881548879 4158.95118990353 4065.40280907071 3808.95326828776 3828.59308362746 2904.62992479249 3370.64533880383 2968.69078888321 2581.0608284192 2980.03775143873 2394.78600296561 3467.16743178059 3528.63287974252 2586.74505894957 2847.25745235657 3443.65358304229 3882.49275594946 3613.25684113377 3457.78108040402 3143.64438192363 3898.7978916584 3506.15530175148 3929.85368684382 3628.4466373367 5133.89472038529 4520.71620431984 3940.8913966259 3618.44234443496 3530.31514174018 6208.15995283627 3647.68762368709 4130.22396487164 3821.48531333041 4125.68176184252 3963.34770112338 2620.11450131478 1779.04468746572 2263.84628453435 2003.27856275656 4256.24541115759 3764.38906065778 3173.12937019593 2945.6535777311 2939.06873005719 2305.0216918719 3463.19938784933 3242.8768092544 3335.22862784547 3329.69593206347 3600.78116524734 3559.93328589175 3111.57114654317 3159.41054628866 3345.61279887557 3574.03833219511 2778.60126682473 2246.52509445143 3262.76339932886 3280.05335322461 1790.77497190462 2687.47093007534 2087.7619596113 2918.36855109152 4595.17409898689 1449.7844667398 2267.29464340213 2033.77727394127 2037.92173549428 3712.22642089623 2742.7176303805 3840.73560662538 3206.82865148732 1605.84868527517 921.954445729289 1250.49990003998 1415.53876668921 967.923034130297 0 1245.99357943771 1055.93560409714 612.882533606563 1452.79902257676 1907.38695602125 562.3610939601 899.305287430247 660.492240681145 1860.77940659284 1806.58517651397 2029.93226487979 945.05290857179 801.171017948103 622.494979899437 1609.54186028199 2196.73052512137 1640.69345095298 1256.48318731291 2027.77587518937 1551.61206491829 1428.50446271617 1552.01481951688 1364.96336947187 1697.6086121365 1614.58198924675 983.933432707721 1539.88635944345 1340.94183319039 1016.73497038314 1297.11217710728 2948.09260370159 3585.56132286146 2608.3998926545 2519.5485706769 3141.05873870579 3123.39959019015 3001.35386117665 3346.07979582077 3344.21141676181 2265.22625801486 2815.24865686852 2507.73802459507 3304.63689382056 3203.31859171079 3550.44011356339 3070.32164438842 2117.33913202397 2544.35650017838 3331.10342079017 3195.70023625496 1047.0195795686 2666.57551927561 3234.38556761559 2949.04645605999 3885.95226424618 4268.56240436988 3351.58544572565 2878.47615935932 1323.5841491949 1984.62842869893 1514.5131230861 972.753822917186 2477.52396557531 3049.69260746063 2143.01189917368 2536.36058162084 2284.32156230247 2936.51579256778 2313.14180283008 2518.43205189261 2318.13502626573 3364.3350011555 3998.5153494766 3176.57441279124 3477.96635981431 3967.68194289815 3645.9738068176 4114.07644557074 3407.52842981537 4198.51164104615 4489.84966340745 3727.26441240758 3658.55162598534 3971.61805817226 6106.29797831714 4861.9054906487 5530.08815481272 6479.39040342531 5647.23383613606 4546.22095811455 6680.61561534564 5606.58095455689 6334.87371618409 6546.22983097905 4664.29255085913 5633.43811539632 5284.29276251799 5068.71532047323 6097.38673531538 4950.44189946716 4949.05293970473 5074.32261489157 6518.57921636303 5729.80147998166 5082.44527761982 4277.70382331456 4733.98616390035 5142.71329163896 6062.74484041676 5527.26198040223 4134.30768085782 4844.39108660727 4356.6759117474 5143.26015286025 5318.71695054362 5866.48318841877 5900.74147883128 4512.75968781853 4838.77567159297 4882.49423962794 4686.34985889871
3207.90040369086 2587.22824659905 4120.98289246631 3979.08595031573 3910.88225340523 4410.78224354819 4587.82355807195 4442.05751876312 4725.85971014799 4901.4028604064 4091.5308870886 3243.74397879981 3742.15846805022 3793.16820085796 4010.84467413038 4025.15527650798 3927.4673773311 4404.33025555532 3825.98026654608 4146.91150134651 4441.70575342402 4008.50657976259 3536.50604410624 4007.57096007045 3393.00751546471 4065.2490698603 4111.72105084963 3794.89789058942 3767.21050646231 4129.01319930077 4696.14203362718 4116.20274039071 4630.73968173552 4305.8100283222 4963.68059004606 4648.18512970385 4975.3140604388 4634.71951686399 5047.95750774509 4145.10253190437 3458.05219740825 3380.92073258158 3161.5858362537 5886.10652299124 3072.15315373436 3803.78101367573 3721.05495793868 4207.8795134842 3391.25714153321 3734.63518968051 2975.31510936237 3114.8836254345 2925.85457601707 4750.59206836369 4299.78197121668 3801.15114143071 3918.14688341313 3751.74959185711 3421.34841838711 4002.03073451467 3294.12355566697 3115.08426852308 3545.68399607184 3555.71722722716 3501.51752815833 3395.12518178638 2976.05023479107 2877.17309176907 2996.45624029452 2712.58640415379 2609.9568961958 2899.67670611743 3055.93684489716 1936.97573552174 2263.84628453435 1536.63593606293 2567.46470277587 3893.98574727746 1391.71656597168 1605.65407233314 2166.50640432933 2017.57899473602 3002.18670305496 1996.24647776771 2937.47340413492 2552.69465467376 1450.43097043603 1293.25171563776 745.821694508815 780.224326716362 1257.72612281053 1245.99357943771 0 698.212002188447 1773.59099005379 2468.42561159943 2617.36986304955 1296.63024798899 2069.72220358192 641.287766919033 2684.21310629391 2389.29906039407 2719.03015797913 1463.08748883995 990.896059130321 1467.99182559032 2252.35987355485 2598.67754829259 928.372231381357 865.303414993839 849.632273398321 308.220700148449 1744.45550244195 451.386752131695 862.046982478333 825.757228245687 1909.67929244677 854.766049863938 745.821694508815 1797.39394680187 1532.56321239941 883.176086632785 1910.17014948931 2507.23951787618 1560.04807618227 1724.27521005204 2303.52989995789 2112.6109438323 2155.95106623504 2296.46467423298 2384.58591793208 1351.38817517396 1908.69719966264 1374.31801268848 2290.33294522871 2102.08230095779 2521.53227225035 1933.09984222233 1787.63111407248 1744.63463223679 2435.92898090236 2159.86110664552 1895.05936582472 2388.12164681785 3706.9192060254 3097.07523318372 4611.46668642418 5016.2859766963 4119.84526408456 2270.60014093191 1956.24001594896 2256.93376065847 2537.46921163588 1609.73600320052 2944.59250151867 3250.0961524238 2049.39015319192 2712.58640415379 3093.23859409519 3839.02656932718 2245.69031702949 2415.57446583623 1801.73527467273 3023.86342284171 3928.81979734373 3434.83987981973 3832.26434370073 4052.77682583189 3051.74130620536 3897.83593805588 3191.98214280719 4251.47033389626 4156.17011201418 3927.4673773311 3165.83322365535 4012.32476252858 5952.46797555434 5144.96112716121 5302.0632776307 6132.69924258479 5562.93537622 4675 6508.69610598006 5227.69069475232 6388.51508568306 6430.83392726013 4736.36200052319 5669.93165743645 5246.30822579078 4943.36676769992 5855.60628799444 4879.74128412562 4534.93384736757 5204.92555182108 6635.27505081741 5799.83835981659 5097.18059322995 4517.60445369003 4902.3591259719 4920.87390612684 5982.2132192024 6176.6192209007 4564.53721641088 5455.55909142225 4714.67125046911 5310.89681692273 5684.29854951339 6290.71736767755 6203.93020592592 5273.28171066178 5252.26141771333 5212.36510616822 5084.47391575569
3095.25847062891 2418.93571638438 4546.97701775586 4407.73467894791 4410.49883800007 4320.01157405857 4589.45802900517 4560.35908673867 4735.10823529938 5130.42395908954 4501.18040073934 3525.17730050561 3768.45459041236 3799.75328146447 4370.56918490029 4278.65340966057 4269.95316133561 4594.902066421 3977.82918185284 3817.3125363271 3875.72573849079 3420.25218368471 2922.64862752949 4022.51476069386 3199.21865460928 4274.19583079671 4379.92579845823 3510.51990451557 3757.90832778023 4383.63433694007 4723.4785910386 4464.65284204718 4383.06399679494 3803.61669993179 4710.42726299855 4249.7794060398 4629.38980860329 4132.26632733177 5376.51141540683 4647.24380681711 4091.83638480328 3830.87783673664 3537.74292452123 6317.73297947927 3726.67747464145 4335.46421966552 4294.03656248989 4553.98177422791 3864.6636334874 3514.25667816112 2772.18325512582 3113.67949538805 2773.19761286498 4889.59354138971 4257.12637820396 3678.48474239054 3513.81203253674 3517.90065237778 3000.93735356138 4042.74040719906 3729.4436582418 3641.59992311072 3990.22242487809 4113.77259945175 4001.95264839553 3752.58244413097 3384.80058496804 3528.19004590172 3620.25551584415 3224.61237980629 2955.82052905788 3537.38957424822 3614.72682232005 2015.40938769273 2668.8012290165 2035.62029858223 3113.98057155147 4576.36591631395 1508.93174133226 2252.35987355485 2628.92563607265 2510.10457949465 3696.36645910548 2490.48188108245 3599.47912898519 3237.08974234574 1570.42987745394 1328.53302555864 1240.46362300553 1389.69421096873 1460.09417504488 1055.93560409714 698.212002188447 0 1644.8784149596 2345.8740375391 2693.62673731904 811.634154037396 1791.99609374574 577.711000414567 2514.45819213603 2319.75214193241 2650.11792190461 930.38970329642 715.454401062709 1361.06575888162 2101.93363358599 2618.80220711683 1388.11923119017 881.050509335305 1497.2892172189 923.309265630969 2105.49875326489 1118.59286605985 622.996789718856 1098.57862713599 1951.12147238454 1263.18050966598 1322.40311554382 2060.49144623316 1715.00728861425 1116.91539518443 2584.81140511257 3060.02450970576 2096.72363462618 2356.5069488546 2993.95223742798 2724.541245788 2460.30993982466 2965.0042158486 3064.92251125538 1666.95830781697 2343.74166665185 2020.21038508369 2735.07312516503 2740.66597745876 3170.66633375384 2570.38421252544 2230.61090286944 2067.90957249102 3050.61469215632 2753.63396260287 1566.44501978205 2204.11546884459 3356.89588757233 2676.16796931732 4092.75274112669 4420.7606811498 3676.70028694208 2359.15768866772 1329.23850380584 2011.52926898914 2108.61328839595 1152.71418833985 2444.50915318393 3069.71089843979 1925.48695139697 2613.06812004586 2565.7601212896 3244.70722870338 2360.74670390536 2571.47817412476 1971.9913792915 2925.96138046967 3703.461218914 3363.49892225343 3588.69753531835 3761.98086119534 3270.7988320898 3842.93182349102 3175.0984236713 4255.87828773333 4294.90977786496 3752.66571919216 3238.05497173844 3940.33628006545 5922.99544149749 5029.97266394162 5216.50026358669 6132.49541377733 5465.6884287343 4487.83076775406 6483.68143881237 5240.82531668439 6223.99590295495 6306.39556323579 4502.01343845173 5456.93366278169 5147.9364797946 4768.84419959386 5882.44209491262 4656.3800317414 4507.84039202809 4999.37496093262 6495.52730730924 5712.10337791605 5059.52072829038 4295.49182283007 4922.20733005021 4958.07422292164 5775.97394384705 5882.22959429501 4116.12682020367 4996.31113923062 4685.41620349783 5003.56123176283 5701.64449961588 6049.22515699325 5804.41642200144 4905.09938737229 5058.03815723053 4846.7772798015 4791.33332173832
2644.56990832158 2071.38238864774 3721.30689408976 3383.23070451898 3678.73959393703 2914.29665614192 3205.07410210747 3241.72022235109 3753.74812687266 4594.76604409844 3432.74671363909 3311.15538747429 2779.95053912835 3081.5986111108 3814.28237025001 4029.42303562185 3909.04400077564 3598.95818258562 3677.29520163938 2473.61072119281 3232.16258873219 2853.94463856607 2575.12135636362 2388.51418249924 1882.31904840811 2971.63675438301 3043.12750307969 2058.67068760402 2265.22625801486 2987.5784508528 3633.61046343716 3233.99907235608 3075.20324531567 2896.65755656412 3641.59992311072 3263.62528486344 3749.74999166611 3554.22284050958 4926.07856210191 4440.86140292624 4066.17141793112 3790.28363054798 3513.72309665972 6081.58079778605 3811.00380477375 4267.97668690915 3723.82531813725 4169.00767569454 4014.50495080029 2319.61742535272 1364.96336947187 2068.36287918731 1905.58390001595 4175.67359835512 3805.09526818975 3223.06143286162 2895.90227735675 2931.08341744141 2155.51617947999 3452.08270468713 3242.78044276821 3430.10568350306 3023.45001612396 3443.29057734023 3557.91371452429 3011.8515899692 3349.06703426492 3444.56092992997 3625.34481118693 2790.83320891808 1925.16233081785 3282.33910496768 3339.25515646828 1741.04853464801 2741.91994777382 2244.29833132763 3093.74368686225 4693.47951950363 1576.78470312215 2451.27517835106 1921.42525225417 2070.32606127634 3875.40320482914 2941.6194519346 4057.93974819735 3345.42598184446 1752.31989088751 1000.31245118713 1554.63018110418 1728.61939130625 1010.56914657039 612.882533606563 1773.59099005379 1644.8784149596 0 1282.08814049581 1804.50824326186 1020.11028815516 809.706737035082 1190.85053638146 1886.29928696376 1956.55948031232 2073.34271166153 1285.00972758964 1386.99315066802 908.639092269312 1796.87228260664 2368.27996655801 1947.75511807825 1638.02472508812 2476.6408702111 2065.33895523229 1350.46288360695 2037.92173549428 1975.47462651384 2265.77801207444 1899.67102415129 1311.96417634019 1990.13190517614 1320.51126462443 1123.88833964945 1811.249568668 3314.64553157649 4042.97229770376 3092.83446049089 2866.1821295933 3362.01204637937 3423.26598440729 3525.9750424528 3675.17006409227 3617.57861006503 2815.24865686852 3306.62214351746 2907.85573920028 3808.21480486592 3559.0553521967 3923.8055507377 3482.63549628726 2415.83318960561 3060.33086446547 3699.57767860063 3626.72372810502 1304.0801355745 3194.33091585703 3486.49178975084 3378.79416360334 4015.90587539101 4382.49358242542 3452.89733412391 3416.86991265398 1688.56447907683 2373.94713504745 1557.44181271725 1410.89510595225 2810.0266902647 3383.23070451898 2620.23376819703 2873.15157971173 2439.77457975117 2982.44865840135 2674.18211795682 2862.36353386498 2819.90691335725 3871.44998676207 4434.94644838018 3426.55074382388 3743.41087779581 4361.55075632509 4118.55557204222 4548.48876001689 3842.76918380482 4485.04459286639 4884.22204654948 4034.6158429273 4154.28995136353 4305.30196385805 6477.36443316261 5071.61216971487 5961.0192081556 6917.77601545468 6020.01868767864 4873.01241533407 7052.74769150294 6059.54825048864 6663.05110291074 6934.42499418661 5032.0224562297 5995.51916017287 5641.19889739761 5494.20148884258 6483.24764296413 5370.87050672421 5436.10614318742 5397.85837161369 6803.76733876167 6024.63691852048 5391.02263026228 4569.80579456064 4939.50908491927 5525.9049032715 6469.06098286297 5591.51142357771 4407.73467894791 5005.49697832293 4487.90039996433 5483.49797118591 5397.39520509662 6038.72917094317 6192.78814428525 4555.28539171806 5013.17015470251 5167.26475032971 4914.64647762176
3885.22843601248 3328.75727562104 4471.08767527545 3247.88392649737 4312.55434748363 2011.37390855107 2291.01505887674 2403.90307624912 2539.80806361426 5719.97596148795 3888.92658711887 4493.74565368357 3846.67063835728 4251.47033389626 4835.41621786584 5219.31508916639 5012.04798460669 2620.35302965078 4907.01029140963 2104.4595505735 2986.74153551994 2844.95166918526 2589.64283251571 2377.23578973563 2716.7305718455 3624.31027921176 3470.32059037778 2294.15016945273 2902.36972145177 2833.83573977039 2477.27168473706 3109.0593432741 2228.92911506849 2654.83050306418 2552.44980362004 2482.43831746128 2725.91727680794 2864.21891621433 6004.26931441287 5392.47160400498 4030.66371705703 3275.85866605994 4648.11789867684 7111.82993328721 3891.01529166874 3880.80210781225 3738.73307418436 3353.44971633689 5066.80372621636 1299.27864601863 838.525491562421 898.95772981826 641.287766919033 3032.11972059152 2572.2072233784 1999.21859735248 1984.62842869893 1732.41161390704 1524.79506819769 2245.69031702949 2746.47501354008 3131.39345978751 3469.69018789863 3674.91496500259 3191.00297712177 2403.38303231091 2819.7960919187 3614.03514094703 4388.97767139456 2635.57394128869 2601.20164539391 3580.85185395878 3169.48339639128 3003.12337408905 3851.05505024273 3247.40280839935 2919.97431495553 5241.30231908063 2785.00448832672 3191.59051258146 2253.46954716499 2160.15045772279 4249.70587217516 3960.192545824 4758.47927388572 3838.37530734033 2960.04645233821 2209.21366101154 2449.61731705179 2475 2108.02039838328 1452.79902257676 2468.42561159943 2345.8740375391 1282.08814049581 0 832.165848854662 1829.78823911402 762.807315119618 2046.18547546404 742.041103982791 1007.78221853732 927.36184954957 2232.99126733626 1725.90555940932 1012.73145502645 955.24865872714 1423.46408454868 2937.04783754027 2696.64142963057 3144.24076686249 2748.74971577989 1732.05080756888 2603.48324365647 2347.6051627137 2562.95727627286 1326.17872098748 1876.83243791235 2369.7309973919 1299.5191418367 1175 1993.26992652776 3772.68140716918 4262.84822624498 3352.33127837927 3068.18350168304 3956.71896904493 4234.53067057023 3484.78837234056 4269.73359824708 4240.65148296815 2978.35944774972 3358.7572106361 3580.9391226325 3915.83324466198 4234.16166436758 4245.43872880059 3988.26403338595 2254.99445675594 3052.56040071282 3825 3865.95719065796 1029.8664962023 2915.90466236467 2628.0934153869 2952.75295275443 3304.73145656345 3872.82196853922 2594.46526282392 3225.87197514098 1964.37012805632 1826.71152621316 1149.72822875669 1512.65495074058 2373.28885726116 2561.00566184458 2245.69031702949 2103.86548999692 1978.95174271633 2666.22392157898 2102.08230095779 2258.45633121387 2634.03208029059 3455.88266583228 3801.97317192008 2442.84670006122 2800.55798011753 3666.48673800956 3745.83101594292 3880.88263156721 3229.26075131755 3528.54431742043 4193.67082637634 3121.39792400777 3734.04941049258 3422.26167906547 5609.47858539455 3967.9969758053 5232.70962313026 6198.23563604999 5159.76016884506 3968.15448287992 6177.68160396762 5401.67798003546 5717.84487372646 6092.00295469396 4222.26242670917 5141.86250302359 4757.82250614711 4777.94411855141 5660.94073454227 4664.89549722178 4884.92579268099 4480.58310937315 5781.32770218053 5023.44503304256 4430.64611541026 3627.24068680312 3857.78433819207 4726.58703506029 5698.35502579472 4436.35548620712 3671.59706394915 4143.82070075432 3317.75526523582 4658.19170923654 4187.8544626097 4921.88988092989 5371.97589346788 3490.43335418398 3887.56028892158 4311.39478591325 3914.23683493986
4387.19728300426 3854.62384675859 4354.66703664011 2689.56316155617 4079.29221802018 2084.01655463674 2123.97033877594 1995.93336562121 2139.65534607796 5916.76643108379 3660.43030257373 4675.33421265261 4223.37246759033 4659.66737010272 4887.86763323231 5417.2179206674 5110.10029255787 1942.61421800624 5199.15858577136 2750.22726333661 3759.07235897369 3660.08879673704 3394.29668709145 2553.18428633736 3300.47345088549 3703.79872563291 3397.88537181583 2955.6090742857 3252.49903920047 2527.47403547494 2080.11417955842 2669.50369919204 2603.48324365647 3424.26999519606 2778.93864631805 3041.38126514911 3086.76610710951 3473.65081722386 6095.5926701183 5301.76857284435 3378.0541736331 2528.09216604142 4747.8942700949 7087.35670049138 3306.43312347309 3120.59689803089 3121.39792400777 2537.3460544435 5064.58290484024 1711.906831577 1516.78113121175 570.635610525666 930.725523449314 2377.76155238493 2209.35510952857 1828.0795934532 2501.74938792838 1872.4983311074 2254.4400635191 1718.46588560844 1953.36248556176 2404.81288253369 3200.58588386564 3189.43568676341 2423.83992870816 1603.51177108246 2105.05344350209 3070.62697180885 4166.60833292499 1983.99848790265 2541.89889649451 3102.41841149771 2482.56419856567 3353.17014182102 3951.97735317398 3302.3665756545 2287.19260229654 4846.7772798015 3102.61986069837 3051.43408908008 1941.16588678042 1709.16646351372 3800.32893313197 4001.95264839553 4510.3353533856 3473.92069569816 3275.95405950694 2566.73430646805 2559.41887935523 2478.53283214082 2349.2019921667 1907.38695602125 2617.36986304955 2693.62673731904 1804.50824326186 832.165848854662 0 2375 1505.61449249135 2362.59920426635 1009.02180353053 939.747306460625 788.986691902975 2808.24678402736 2044.19910967596 1374.09060836613 1133.57840487546 1068.29303096107 3076.72715722405 3023.55337310258 3121.09756335812 2845.72047116367 1572.41851935164 2608.75928364424 2580.45538616733 2585.294954159 1165.65432268748 1902.62975904404 2277.74559597862 1062.42646804379 1134.95594628162 2000.15624389696 3501.16052188414 3936.60704160321 3132.98978613081 2703.0075841551 3675.3401203154 4131.73692289332 3250.57687187982 4028.10439288755 3986.61824106598 2878.04186904916 3082.40977159105 3484.33996619159 3635.41606972297 4067.32405888687 3880.56052652191 3771.10726445165 1806.23918681884 2843.52334261564 3388.30709942296 3537.38957424822 1585.28388624877 2985.79972536672 2844.62211901687 3248.65356724905 3795.88593084671 4473.11412776379 3023.03655287196 3094.14770171044 2602.64288752798 1994.21037004625 1899.17745353087 2029.93226487979 2835.48937575157 2523.63824665898 2271.7009046087 1995.93336562121 2619.87595126181 3394.29668709145 1791.29841176729 1870.32751142681 2462.34136544875 3397.14954042356 3814.11850890871 2203.40645365307 2824.11490559432 3750.41664352109 3399.81617150104 3690.02032514727 3027.06541059158 3165.93193230682 3771.85299289355 3030.77960267651 3507.22468627261 3190.1214710415 5309.07242369135 3728.60563750043 5042.44484352581 5910.63659853996 4945.2628848222 3872.49919302768 5867.60172472536 5125 5560.46311020944 5908.46849868898 4201.7853348309 5071.3656937752 4541.6819571608 4696.67435532846 5309.77871478652 4644.48597801737 4691.48164229596 4397.22924123817 5574.38337397061 4759.46425556491 4117.41727300015 3582.16066083028 3427.09789763876 4375.28570495688 5632.16210704202 4478.69958805008 3982.22613622079 4470.877989836 2936.83503111768 4722.6846178842 3725.33555535605 4855.15190287595 5553.88377624163 3718.28253364372 3768.70335792033 4464.93281024474 3961.21824695383
2757.82976269385 2072.43817760627 4407.23836432748 4223.37246759033 4347.84429344014 3700.84449821929 4038.02241202299 4105.56025409444 4344.53679924569 4980.5873147652 4274.56138100741 3523.5812747828 3326.5973606675 3441.74737597053 4286.97154177632 4252.71971801575 4250.14705627935 4304.4308566871 3871.12709685435 3036.5482047878 3190.41533346365 2730.04120848019 2291.42422960045 3385.72370402548 2501.74938792838 3847.40172064213 3982.46155034798 2713.39271024303 3137.37549553763 3973.03410506379 4301.30794061527 4163.15685508005 3687.98725594327 3053.07222318765 4109.8205556934 3568.00014013453 4039.18308572414 3543.74448853187 5318.42316857168 4779.44818990645 4387.12605244025 4044.36336151934 3664.44061215351 6407.02739185654 4067.32405888687 4578.75528937723 4346.69414612991 4586.12036475276 4118.32793740372 2882.49024282824 2077.55866343167 2691.88595597956 2310.16774282735 4682.08020008201 4048.68805911248 3414.12507093692 2974.57980225779 3121.19768678628 2331.9787734883 3825.40847492134 3754.99667110372 3813.79076510498 3820.74927206693 4114.68407049679 4075.30673692177 3644.2591839769 3575.69923231807 3792.83864671304 3890.37273278538 3294.97723816114 2713.04717983304 3725 3772.9298959827 1851.51964612855 2836.59126417607 2285.00547045297 3360.89645779218 4940.33146661234 1493.52770312438 2573.30040997937 2560.51752581387 2552.81707139387 4083.27380908996 2858.10251740556 4078.14295973057 3576.83519329588 1610.51234084064 1091.44399764715 1487.02723579631 1700.73513516949 1297.35307453291 562.3610939601 1296.63024798899 811.634154037396 1020.11028815516 1829.78823911402 2375 0 1141.81872466692 716.763559341573 2127.49853113933 2105.35032714273 2356.5069488546 454.835134966506 815.858443604036 1026.52325838239 1850.84440188796 2513.33941201741 1744.45550244195 1149.45639325726 2132.63334870296 1588.63148653173 1969.2955593308 1698.5287751463 1232.12215303516 1740.86903585537 1925 1387.66890863779 1786.75683852056 1887.29303501073 1540.29218007494 1492.06233113768 3171.15909408532 3740.48793608534 2754.54170416786 2829.8630708923 3434.38495221488 3264.48694284416 3085.55100427784 3546.65335210533 3582.42236482523 2324.32785983389 2963.4228520412 2639.6022427631 3416.59552771469 3351.30571568754 3779.79827504061 3226.16258114807 2497.62387080201 2658.47700761169 3603.29710126712 3390.61203914574 1150 2573.05751976127 3200.1953065399 2750.11363401587 3725.67108049006 4016.45054743613 3290.61164527205 2893.63525690437 929.045208803102 2013.39265917009 1509.55291394505 848.528137423857 2276.09863582403 3106.74669067177 2170.54140711482 2666.57551927561 2118.51953023804 2697.80002965379 2548.89682019496 2773.31029637868 2432.84812514057 3315.87092631785 3918.6253967431 3353.07694513562 3517.45646739231 3874.11280166182 3766.7127578301 4141.4822225865 3472.9310387625 4370.21166535444 4641.52453402974 3784.67303739702 3698.81737856845 4071.7011186972 6171.35519962998 4996.81148333615 5519.34099327085 6501.2498798308 5675.38544946509 4564.74259953395 6742.1713861337 5630.71931461692 6344.43653920504 6535.71916471324 4618.23830047779 5592.57320023618 5328.34402042511 5012.29737745078 6182.08096032396 4866.27424216926 4926.52260727585 5073.58354617326 6572.14767028252 5818.55867032378 5200.48074700791 4298.98243774035 4955.36325610949 5245.83167858062 5987.33037338011 5594.02583118813 3978.22196464702 4725.52907090836 4595.99010007637 5053.40231923008 5598.10235704922 5920.35683046216 5755.64939863435 4533.62437791222 4938.49673483743 4784.08820988911 4683.81521838768
3317.6610737084 2715.00460404766 4454.07117141161 3701.43553233067 4366.77798840289 2581.90820905779 2944.16796395858 3095.25847062891 3279.67223972152 5392.70340367426 4046.98962192887 4110.42880974723 3496.42674740942 3810.7577986537 4616.61401895372 4830.43735079962 4717.65301818606 3369.06886246037 4460.17096084892 2129.70068319471 2692.8145127357 2408.44867082527 2086.41438837063 2613.06812004586 2341.7408054693 3618.52870653253 3613.68925061356 2095.53095896959 2787.13562640931 3272.04064766928 3222.5766088644 3555.36566333197 2597.35442325455 2420.48548849193 3013.61493890643 2623.3328038966 3039.94243366548 2828.97949798156 5734.38096048737 5213.50409993125 4324.71097300155 3723.32176960305 4296.14652915843 6883.22235584468 4108.75589442839 4314.65525853457 4093.13449571352 3977.27922077392 4765.69774534643 1752.49821683219 1008.0922576828 1661.70093578839 1257.22909606802 3770.02984073071 3180.90002986576 2540.17715917611 2112.01917604931 2178.44554671445 1451.50783669948 2931.08341744141 3270.89437310348 3537.83125657514 3628.10212094423 3934.06596284302 3673.80933092614 3003.85169407546 3247.40280839935 3814.85582951702 4290.54192381335 3002.60303736608 2603.48324365647 3748.5830656396 3538.53783362563 2498.62462166689 3492.312987119 2922.54170201214 3221.50973923718 5263.13832233203 2269.49884335727 3029.54204460014 2400.26040253969 2376.05239841212 4325.7224830079 3607.45755345784 4625.06756707402 3855.35342089412 2433.61870472759 1704.0393187952 2103.86548999692 2217.82551162169 1725.72448554223 899.305287430247 2069.72220358192 1791.99609374574 809.706737035082 762.807315119618 1505.61449249135 1141.81872466692 0 1537.04261489394 1198.43648142069 1397.76607484944 1490.59551857638 1509.34588481236 1291.55913530895 732.290925793841 1179.77752139969 1874.33321477266 2528.46297184673 2136.58606192215 2848.79360431745 2374.07876870166 1797.74163883468 2322.44483249872 1928.89216909603 2300.13586555229 1530.72695148416 1672.38602003246 2201.98773838548 1501.87382958756 1232.37575438662 1806.58517651397 3671.34171659354 4208.91910114699 3237.47586863593 3092.83446049089 3875.72573849079 3973.74193928091 3434.83987981973 4125.37877048884 4115.9749756285 2807.80163116984 3320.48565724955 3328.85115317582 3853.97522047042 4021.66010498152 4216.11491778865 3827.61348623395 2434.51740597598 2991.02825128751 3886.03268128306 3822.46648121341 669.888050348713 2772.5214156071 2723.04976083802 2761.00072437513 3237.37934138093 3667.1685262611 2647.75848596506 3160.39950006324 1314.58168251349 1789.55301681733 787.400787401181 991.841721243869 2125.29409729571 2736.4438601952 2187.17854780994 2301.76562664403 1700.18381359193 2329.29710427846 2315.84217942415 2519.17645273212 2611.2736356039 3425.45617400077 3829.08278834501 2808.35806121655 3017.65637540128 3695.77461434 3858.83726010828 4022.82549957117 3363.59183017203 3911.68122423083 4467.94136040302 3359.1293514838 3793.58010327975 3701.35110466435 5891.14802054744 4380.8532273976 5389.86317080499 6395.60395897057 5397.56889719807 4189.04822125504 6464.95359612117 5569.44790800668 5974.16312130829 6299.35512572517 4352.80082245903 5310.661446562 5012.48441394086 4880.12551068105 5945.63915824026 4735.04223845997 4965.06545777596 4698.00489569775 6107.42376129248 5367.66941977615 4779.77509931168 3855.19130524025 4349.35340021939 5006.62061674339 5815.76521190462 4801.36699284693 3645.71666479994 4205.72526444607 3857.70333229501 4760.05514673937 4797.00427350237 5269.4283371159 5428.74294841817 3751.16648524162 4270.39225364603 4404.68500576375 4144.65016617808
2810.13789697232 2156.67568261897 4012.01321034714 3887.56028892158 3881.526761469 3959.6401351638 4197.09721116869 4131.66128815032 4465.00279955119 4726.65314995717 3932.63588449274 3158.42128285636 3320.76798346407 3417.1442755611 3908.7242164164 3929.1379461658 3861.18505125046 4232.38998675689 3644.2591839769 3551.84811049121 3884.10221286722 3439.2041230494 3003.0193139572 3517.90065237778 2800.22320538917 3713.32061637559 3803.78101367573 3168.79314566287 3252.40295781442 3838.78235903001 4412.19899823206 3921.49525053901 4114.15240359421 3714.33035687457 4520.71620431984 4126.36341104368 4527.83060637211 4160.00300480661 4964.68780488763 4245.07067078983 3788.22187840153 3624.31027921176 3197.94856118731 5942.95801768782 3437.56818114201 4087.32797803161 3836.5023133057 4305.08420358998 3561.86397831248 3259.40945571433 2436.95506729197 2795.30856972893 2559.9072248814 4643.88038174973 4160.00300480661 3600.69437747777 3490.07521408923 3442.11054441893 2901.18510267787 3863.45053029025 3379.16409782064 3329.60207832708 3429.74124388415 3611.35362433534 3636.1896265184 3362.75556649602 3187.57352856369 3171.06054814474 3242.49132612564 2825.44244322902 2381.83227789028 3116.38813372147 3259.02592809569 1625.76904878891 2319.21322866182 1670.70344466036 2837.80284727463 4253.01363741054 1138.25524378322 1888.28626007817 2107.42734157076 2070.77883898788 3396.59756226728 2245.27281193177 3372.12840799398 2894.60705450671 1250.99960031968 831.414457415795 810.092587300982 1004.36547133003 898.95772981826 660.492240681145 641.287766919033 577.711000414567 1190.85053638146 2046.18547546404 2362.59920426635 716.763559341573 1537.04261489394 0 2361.93776378634 2187.17854780994 2475.25251237121 927.698765763974 760.345316287277 1076.45250708055 2005.46129356814 2500.12499687516 1103.68700273221 712.39034243875 1442.43717367517 937.416662962634 1580.15030930605 1028.95578136283 1011.4964162072 1280.86884574495 1833.88249350933 819.67981553775 1167.79707141267 1610.31829151879 1303.36103977371 1082.24304109567 2469.5647389773 3118.09236553377 2153.19530001345 2191.60329439431 2725.11467648611 2572.57167052737 2656.24264704865 2832.62245984176 2866.40018141222 1862.45805321892 2443.9977495898 1938.10474433143 2875 2646.45989956394 3096.46976410234 2534.88165404226 2033.93092311416 2218.3890551479 2967.53264514478 2750.22726333661 1497.91521789452 2556.73131165557 3533.0581653859 3033.6652748779 4276.4617384001 4639.03276556655 3785.91138300938 2637.35189157609 1535.61876779362 2162.17483104397 2052.43757517738 1238.44660765008 2711.43412237878 3231.19559915521 2138.04817532253 2707.51269618445 2693.16263898042 3367.95561134644 2369.7309973919 2566.8560536189 2126.91090551532 3254.03595554813 4027.63888649417 3412.75182221034 3739.81951436162 4070.16584428694 3448.64103669837 4097.63651389432 3388.76821278765 4346.69414612991 4442.40925624824 3920.61857364371 3497.67780105601 4097.86529793257 6146.59458562219 5123.65836097607 5512.31575655822 6414.14452596759 5711.72040632242 4705.38255617968 6714.02450099789 5520.30343368913 6467.85319870512 6591.42435289976 4780.88642408497 5741.56990726404 5372.84840657169 5087.79176067575 6096.97670981282 4988.54938834928 4828.75501552936 5234.6203300717 6693.32690072732 5884.46046804633 5210.68613524169 4489.43203534701 4952.46150918914 5149.63590946001 6106.40033080046 5953.20291943757 4390.18792308484 5201.98279505036 4667.10563411629 5299.58724807885 5645.01992910565 6186.42667458364 6111.97594890556 4973.30373092173 5156.67043740435 5113.34039547535 4973.24089503012
4498.68036206175 3899.19863561732 5132.9815896806 3690.95177427178 4920.87390612684 2251.66604983954 2517.06674524137 2660.23965085855 2333.18451906402 6410.63569390743 4529.41773299836 5109.48872197601 4560.83873865323 4934.63524487879 5502.44263941025 5856.35338756124 5656.41229048944 2634.5065951711 5548.4795214545 2441.69510791171 2984.33409657833 2930.97679963523 2615.69780364629 3036.13652525706 3389.32146601646 4353.87758211 4164.28265130983 2862.03598859274 3634.81430062115 3395.40130176096 2387.72904660474 3623.96536959171 2355.04777021614 2779.38842193746 2372.89380293346 2396.48179630057 2437.98072182698 2591.93460565655 6676.59157055454 5975.10460159485 4179.48860508077 3153.66849874872 5220.93143031011 7738.29761640117 4061.48064134251 3850.81160276636 4088.85680844903 3174.31094885173 5590.00223613551 1393.73598647664 1411.55942134931 1011.18742080783 394.493345951488 2749.20443037618 1986.98892800136 1347.68319719436 1606.82139642214 1127.22003175955 1499.37486973738 1807.96847317645 2831.29828877143 3211.50276350496 4079.44542799631 4138.31185388438 3323.11976913261 2545.95267041632 2683.63093587773 3877.57978641317 4854.76569980468 2875.43474973785 3258.3546461366 3947.23004143412 3340.47152360262 3577.97079362032 4381.78046004133 3713.32061637559 2997.8117018919 5607.41696327284 3285.09893306123 3588.61045531554 2750.68173367985 2503.1230493126 4525.55245246368 4394.88338866915 5093.25534408005 4179.56337432512 3449.09408395886 2729.92673894374 2844.95166918526 2829.08995968668 2642.32378788066 1860.77940659284 2684.21310629391 2514.45819213603 1886.29928696376 742.041103982791 1009.02180353053 2127.49853113933 1198.43648142069 2361.93776378634 0 551.135192126215 425 2552.57223208277 1818.48150939183 1305.75648572006 525 955.57574268082 3327.44271175328 3060.4329759039 3352.89054399335 2943.637205907 2240.67512147567 2786.35065991343 2344.27494121317 2552.81707139387 1105.38454847171 2215.42885238953 2519.17645273212 1722.09900992945 1550.40317337137 2028.54627751008 3938.43242927945 4230.69143285114 3349.44025174357 3171.06054814474 4270.97763983845 4552.26591929777 3259.69707181511 4499.02767273108 4520.92357820833 2876.84723264896 3236.22078974844 3805.75222525061 3789.87136984885 4471.15756823666 4335.68045409253 4128.78614122844 2262.32734147824 2879.01893012186 3843.33839259569 3880.72158238645 1025.30483272049 2472.97897281801 1934.87725708893 2414.92753514469 2797.87866069992 3478.95458435433 2040.98628118858 2874.56518451052 1984.15599185145 1329.0033860002 1136.33181773635 1515.33824606917 1907.38695602125 1871.66369842448 1828.93411581719 1491.85287478357 1664.51945017173 2480.04536248836 1718.46588560844 1870.82869338697 2368.27996655801 2929.80374769369 3145.33384555598 1756.59471705912 2065.49025657348 2985.79972536672 3344.49174016023 3250.0961524238 2653.53537756707 2866.1821295933 3639.53980607439 2396.87296284138 3248.46117415616 2733.35873971932 4918.01535174505 3250.0961524238 4554.32486763955 5541.20925430542 4449.85954834532 3237.37934138093 5483.89688086857 4772.70887442341 4981.27744659942 5374.30228029649 3504.37226903764 4412.26982402482 4046.14013598145 4087.40443313357 4999.06241209289 3972.01145516979 4282.88746058077 3744.16212255826 5047.46223363781 4303.55957319055 3734.46783357415 2888.98771198494 3208.67963499007 4083.50339781908 4983.66080306435 3787.89189391672 3028.20078594534 3524.29070878099 2671.25906643291 3937.08331128514 3603.29710126712 4204.23893231581 4675.86890320933 2890.06920332369 3163.66085413718 3603.29710126712 3183.06063404391
4579.64245329261 3962.63801021491 5040.46128841399 3556.94742721902 4767.20568047992 2650.2358385623 2816.58037343158 2819.68526612457 2504.49595727364 6393.06264633783 4463.95284473302 5009.0543019616 4677.7398388538 5022.76069507597 5415.54475560862 5779.3273830092 5553.03970812383 2617.36986304955 5519.34099327085 2953.91689118025 3460.31067969337 3360.15252629996 2985.90438560916 3306.90565332608 3649.82876310657 4437.90491110389 4219.30088995796 3268.79182573623 3854.62384675859 3457.23878261251 2578.03219529935 3589.13290364121 2871.6284578615 3284.62326606873 2853.61612695191 2941.6194519346 2933.00187521249 3070.11807590522 6600.04734831501 5771.75233356387 3736.55924615146 2682.69920043228 5056.74055098737 7580.40236399098 3609.79570059027 3395.95347435739 3793.90959301879 2838.13318926367 5358.4629325955 1908.20596372614 1814.86914128815 1193.20995637817 867.107259801231 2678.03566070357 1976.5816451642 1433.96303997 2085.21581616868 1472.03091000155 2010.13059277252 1748.92824323927 2480.42335096249 2784.33115846517 3965.23958923039 3896.55296383868 2964.05549880565 2299.04871631725 2199.00545701915 3472.48110146045 4552.19727164806 2517.31503789256 3182.0787230991 3600.43400161703 2939.81291921782 3528.89855337328 4193.29822454831 3476.5284408444 2531.92120730484 5228.46774877688 3176.57441279124 3267.54877545845 2526.11361581383 2175.2873373419 4104.95127863901 4130.52660081012 4705.98023795256 3797.86124022456 3332.97914784956 2656.83081885166 2601.20164539391 2531.79778023443 2525.49500098496 1806.58517651397 2389.29906039407 2319.75214193241 1956.55948031232 1007.78221853732 939.747306460625 2105.35032714273 1397.76607484944 2187.17854780994 551.135192126215 0 388.104367406501 2554.77494116409 1604.8753845704 1190.06302354119 321.130814466628 491.80788932265 3085.95609171615 2899.3533761858 2980.45717969576 2616.53396691119 2040.98628118858 2421.26000256065 2054.41597540518 2148.40056786438 596.343022093828 1933.42313009853 2115.41958013062 1497.2892172189 1319.09059582729 1632.09987439495 3483.71210061911 3712.31060122937 2860.94390018399 2689.91170858822 3876.53195524041 4188.89902002901 2743.74288153974 4069.24440160578 4110.80892282772 2409.35676063135 2715.11970270189 3412.47710615031 3268.12254972178 4059.71058081731 3840.81697038534 3674.65984820364 1760.85916529403 2369.59912221456 3325.4698916093 3372.49907338757 1070.04672795163 2125.5881539 1997.8113024007 2319.07848077636 3105.33814583855 3814.69199280886 2364.45025323012 2401.17158903732 2053.80743985409 1076.45250708055 1472.66764750231 1473.94029729837 1980.68801177773 1646.77715553745 1434.83448522817 1128.32840963968 1962.30094531904 2864.54621188069 1181.89466535728 1333.69786683491 1865.14074535945 2550 2912.58047099132 1498.54095706457 2003.74649095139 2840.99454416935 2826.76935741139 2894.28315822761 2243.0448056158 2567.34298448805 3195.11345651449 2224.01663662842 2785.45328447633 2451.27517835106 4634.18007850364 3148.11451507089 4257.71358830065 5199.3990037311 4205.05648000119 3080.07710942437 5204.98559075815 4400.28408173836 4831.86040775186 5150.54608755227 3351.21246715275 4262.26172354538 3807.39412196846 3848.78227495399 4666.97171622027 3771.02439663283 3905.52493270751 3614.72682232005 4917.63408561475 4115.59533968052 3482.45602987317 2791.28106789696 2987.16002249628 3725.75495705233 4797.7208130528 3989.43918364474 3135.8810564178 3754.08111260266 2556.48684721827 3873.22540010261 3514.79017865932 4254.7767273971 4728.10744378763 3191.59051258146 3170.76489194642 3637.99395271625 3219.9572978535
4716.46053730973 4123.78770064609 5077.46245677898 3455.97309017301 4812.28895641149 2305.56392234091 2462.4682739073 2499.74998749875 2134.39101384915 6494.08384608637 4431.56292971227 5177.23381739709 4724.07398333261 5112.2402134485 5517.35896965206 5934.74936286277 5689.5188724531 2326.20936289062 5670.4276734652 2760.2083254711 3399.35655676188 3355.40608570706 3037.4742797265 3120.29646027425 3642.88690464033 4390.97084936805 4138.61389839642 3161.98118273971 3787.31435188578 3279.57695442568 2203.83189014044 3446.91891404483 2561.85967609469 3182.47152383175 2516.94258973064 2715.23479647709 2660.00469924397 2947.66857024327 6710.53276573477 5920.19847640263 3853.73195746668 2757.94307410432 5249.28566568824 7716.4191824965 3765.63407675255 3462.02614086029 3806.98371417583 2751.47687615215 5569.78455597701 1614.96903995092 1674.25356502532 876.427407147905 596.866819315666 2403.90307624912 1743.91800265953 1202.86117237194 1936.16889759132 1227.29377086336 1906.56759649376 1479.2312192487 2459.29359776339 2854.92994660114 3962.16481232167 3919.82142450393 2961.84064392398 2194.59563473547 2298.09703885628 3610.5747464912 4734.7782419032 2577.06228097033 3225.87197514098 3717.86228900426 3011.74783140953 3714.6668760469 4406.88381966214 3713.57307723976 2676.98524463621 5404.28071069592 3403.85810515068 3500.17856687341 2610.19635276735 2295.92029478377 4294.18211071678 4388.97767139456 4951.57803129467 3991.0055123991 3568.17530398942 2861.92679850481 2864.54621188069 2800.11160491863 2720.98327815516 2029.93226487979 2719.03015797913 2650.11792190461 2073.34271166153 927.36184954957 788.986691902975 2356.5069488546 1490.59551857638 2475.25251237121 425 388.104367406501 0 2800.22320538917 1938.74959703413 1426.75330733803 610.327780786685 609.302880347697 3362.47676571898 3183.06063404391 3307.00015119443 2953.91689118025 2158.70331449229 2751.93114012687 2424.09777030548 2521.65620178485 948.024261292927 2193.74109684803 2437.33973832127 1610.51234084064 1501.87382958756 1988.24671507336 3775.993246816 4030.12096592646 3200.48824400278 2962.89554321444 4114.68407049679 4475.06983185738 3091.72282069399 4353.8058064181 4373.57119525909 2781.29915686896 3052.25326603151 3726.67747464145 3605.37792748555 4360.40422438104 4125.37877048884 3989.51751468771 2008.73094266007 2724.541245788 3595.22252440652 3681.79643652389 1298.31621725988 2470.32386540713 2058.36707124847 2564.90740573612 3088.08192896497 3818.86763321276 2310.0324673043 2755.22231407921 2297.55304617761 1395.30462623758 1543.33243340507 1758.72823369616 2173.13138121007 1806.58517651397 1795.30638053787 1364.27636496423 2044.81050466785 2886.82351382969 1477.75167061317 1590.7938269933 2225.56172684561 2852.7399110329 3118.49322590253 1551.61206491829 2053.80743985409 3007.17891054058 3110.66713101868 3099.39510227399 2488.59900345556 2615.4588507564 3364.05633127628 2307.18984914549 3076.21927046822 2555.75331360443 4721.89051122535 3087.8795313289 4414.88957959313 5351.46008113674 4299.78197121668 3152.97478581736 5285.71187258632 4584.00752617183 4871.2164805108 5246.18909304649 3465.18397779974 4347.84429344014 3893.18314493423 4009.83166728979 4774.01822367699 3930.80780501922 4136.72575837461 3671.59706394915 4912.61132189389 4129.76996938086 3525 2836.70142947755 2933.00187521249 3851.05505024273 4920.49286149264 3813.95464052734 3201.65972582971 3712.98397518761 2422.29230275786 3953.9537174833 3332.13520133862 4157.52330119748 4766.87790907214 3030.36713947337 3078.65636276607 3678.73959393703 3197.06897016627
2455.35129869434 1761.2140698961 4455.96510309495 4531.55602414888 4452.87828263922 4025 4387.3397406629 4475.06983185738 4763.07411237743 4798.24186551699 4423.51670054494 3358.0128052168 3180.5070350496 3217.72435115253 4209.36456012068 4053.54782875446 4124.09080889352 4726.12420488501 3632.32019513699 3202.53805597998 3241.62382148207 2720.98327815516 2298.09703885628 3580.32819724673 2430.14917237605 3903.44399216897 4117.87263037603 2771.61956263842 3169.58199136732 4248.16136699161 4709.63108958653 4451.12345369121 3958.92977962479 3128.99744327157 4430.43451593633 3793.58010327975 4329.18872307503 3731.78911515643 5176.02646824763 4736.95577348997 4700.53188479772 4451.96585791041 3530.75770904773 6287.43787245647 4357.89513412152 4960.53172553104 4643.61120250178 5025.1243765702 4022.59244766357 3211.01619429115 2371.31292747288 3108.55673906718 2720.75357208256 5129.5711321708 4486.08961123159 3839.02656932718 3264.00827204834 3510.34186369362 2578.03219529935 4273.24525390247 4158.95118990353 4190.68908414833 3997.65556295187 4359.32907681905 4456.31574285306 4053.54782875446 3991.0838127005 4069.55157234799 3961.29713604016 3654.10727811869 2871.6284578615 3969.41431448016 4126.36341104368 1688.56447907683 2748.74971577989 2291.42422960045 3724.41270538054 5068.77697280123 1376.13589445229 2702.77635034792 2841.32451508095 2891.79874818425 4288.50206948767 2798.77205216859 4150.07530052167 3760.06981318166 1457.95233118233 1110.46161572564 1618.83445725621 1884.64187579497 1419.94718211629 945.05290857179 1463.08748883995 930.38970329642 1285.00972758964 2232.99126733626 2808.24678402736 454.835134966506 1509.34588481236 927.698765763974 2552.57223208277 2554.77494116409 2800.22320538917 0 1203.64031172107 1474.15229878056 2292.65130362207 2965.63652526738 1751.78480413549 1051.48704224065 2249.72220507333 1718.46588560844 2281.72084182093 1903.12243431683 1466.71401438726 1997.8113024007 2373.55219028358 1697.4245196768 2071.68409753997 2274.86263321546 1948.55715851499 1848.14095782762 3346.73348206875 3950.39554981523 2985.2763691156 3111.87242669104 3574.47548599791 3288.23660949148 3362.84849495186 3659.32029207611 3694.6752225331 2579.1229129299 3240.75608461976 2736.21545204321 3653.93623370742 3425.72984924381 3979.32155021431 3365.44944992493 2882.05655739092 2954.1284670779 3870.80418001221 3616.02336828732 1567.44218394172 2859.41427568654 3529.96104794373 2992.69945032908 3931.76169165935 4128.2562904936 3568.08772313686 3189.63164017414 1082.24304109567 2398.04607962399 1817.45013686758 1227.54836971909 2521.16044709574 3487.47759849436 2533.89522277461 3076.72715722405 2346.54000605146 2799.77677681632 2970.26934805583 3195.40685985369 2777.25133900409 3614.81327318577 4217.07837252285 3774.75164745974 3885.46972707291 4169.90707330511 4102.59064494619 4484.97491631782 3834.79138937179 4783.1082990039 5021.01832300979 4160.3034745076 4020.33891606168 4460.17096084892 6530.98384625165 5397.33730648734 5839.19943142893 6825.73256141786 6022.61363529157 4917.3163412577 7098.23921828505 5954.56757455989 6684.68398654716 6859.75582655826 4935.9649512532 5907.8337823605 5686.00255012254 5315.42566498677 6544.17680079015 5156.4280272297 5225.05980827014 5413.92879524657 6934.24473176423 6197.88270298817 5591.67908592759 4654.36622968154 5384.35232873927 5618.10688755563 6277.63888735247 5937.48684209068 4222.63247275914 4969.02908021275 5029.28921419319 5342.98605650436 6038.26340929244 6276.44405694817 6000.15624796555 4844.64911010075 5320.77297016138 5065.75512633605 5019.33760570058
3461.3942277643 2786.23850378965 4601.29057982649 4043.6678894291 4416.65880502445 3733.88202813104 3988.57744064221 3970.20150622106 4039.56990284857 5460.36857730318 4380.21118212353 3911.84099881373 3936.76580456598 4085.18665424237 4612.21205063254 4684.81589819707 4596.39804629669 3955.85009827218 4392.4651393039 3403.30721504833 3579.54256854141 3211.89196580458 2721.67228005137 3671.34171659354 3171.25763696361 4205.72526444607 4213.14905978889 3264.67839151118 3642.11477029486 3994.13632716761 4045.75394704127 4093.74522900485 3827.61348623395 3477.33734342816 4081.51319978265 3732.12406010304 4030.27604513636 3666.91287052201 5698.02597396677 4925.69792009214 3860.86130287013 3365.82085084753 3940.33628006545 6665.25505888559 3554.39868332184 3943.74504754047 4028.10439288755 3972.7981322992 4265.41322734386 2914.93996507647 2276.37321193165 2453.95089600424 2096.72363462618 4201.63658590316 3547.00577952729 2969.95370334287 2941.51321601655 2834.82803711266 2503.2478902418 3334.38525068715 3238.15147885333 3247.01786259331 3856.81215513538 3926.67161855941 3574.73775261906 3213.64279284428 2890.50168655893 3366.93480780368 3805.01314058178 2849.34202931133 2850.87705802969 3415.58926102071 3270.03440348875 2356.90474987853 3050.71712880759 2352.79089593614 2765.41136180497 4688.68318400806 1893.40962287615 2400.26040253969 2388.64501339148 2183.17429446208 3697.12726315987 2916.65476188047 3847.80781744619 3271.18097940178 2007.64165129139 1512.24171348366 1435.48772199556 1493.52770312438 1531.33928311136 801.171017948103 990.896059130321 715.454401062709 1386.99315066802 1725.90555940932 2044.19910967596 815.858443604036 1291.55913530895 760.345316287277 1818.48150939183 1604.8753845704 1938.74959703413 1203.64031172107 0 762.807315119618 1389.69421096873 1918.65838543499 1783.95627749113 1417.08327207684 1790.25137899682 1261.69528809455 1810.73189622318 1254.24279946109 647.108955277239 1064.18983268964 1268.85775404495 1076.45250708055 1221.93494098499 1593.34553691282 1210.63000128033 749.583217528247 2706.12730668755 3109.76285269472 2116.74868607494 2239.6986404425 3134.58529952528 3084.43673950367 2322.44483249872 3188.35772773382 3270.7988320898 1610.31829151879 2231.31127366847 2313.14180283008 2716.84559737943 3040.25081202193 3236.70356999216 2772.18325512582 1821.05738514743 1890.93230973507 2967.84854734874 2774.32424204526 939.747306460625 1888.45174680213 2791.16910988926 2318.40462387393 3642.28636985067 4083.96253655687 3133.4884713367 2116.30574350683 1151.08644332213 1405.56927968706 1597.85011812748 644.689847911381 2027.00518006245 2481.68289674567 1425.43852901484 1986.51705253189 2123.38173675861 2923.3969966462 1775.8800635178 1999.21859735248 1621.92015833086 2595.78986052415 3297.15786701213 2710.3966499389 2987.99682061411 3321.42665130513 2956.13768285579 3406.79468122163 2711.66461790539 3659.4910848368 3842.60653723485 3171.25763696361 2913.22415890024 3376.85134407779 5447.47647998594 4398.43722246891 4815.0804770014 5756.46375824603 4988.54938834928 3952.68895816506 6017.5784166058 4875.76917008999 5720.68614765746 5867.60172472536 4028.80255162747 4992.86991619049 4645.22604401551 4364.91695224548 5427.59154690181 4257.3465914816 4190.31621718457 4479.46704419175 5948.31909029769 5154.48833542186 4500.06944390862 3732.37524908737 4283.25226901242 4484.06902266234 5375.1744157748 5250.11904626933 3669.04279070168 4505.13595799283 4003.90434451174 4544.91474067446 5013.79347400748 5442.31108996904 5371.74319937206 4302.54285277904 4423.02215685158 4362.98349756219 4220.48575403353
3427.55379242981 2798.43706379114 4261.74846747201 3468.51913646155 4083.50339781908 3002.49895920049 3242.39494818259 3230.61526647789 3411.92760767282 5327.17091897754 3895.26956705181 3903.44399216897 3652.56759006593 3922.45140186593 4434.17128672315 4669.24779809339 4511.09742745598 3309.55057371843 4376.42833826855 2832.29147511339 3356.89588757233 3053.37927549134 2656.47793139713 2964.8988178351 2769.92779689291 3699.15530898609 3642.6295447108 2735.6443482295 3104.33165109658 3300.94683386449 3376.57370717714 3452.62581233472 3184.14038635234 3134.4856037315 3502.23143153047 3260.84728253256 3559.66992851865 3400.09191052242 5576.90550395109 4859.20518192019 3708.18351757299 3161.19044032466 3988.49909113692 6609.74659120908 3464.19182494272 3738.48231238293 3647.0878793909 3590.78682185395 4362.12390929006 2269.91189256323 1597.65453086705 1758.5505395069 1489.33710086065 3671.59706394915 3152.87567151006 2580.9397513309 2594.58570874041 2415.18632821569 2092.39695086759 2854.16362530252 2820.23935154447 2975.10504016245 3399.54041011428 3538.44951921036 3194.23308479516 2675.23363465698 2683.63093587773 3209.84812724839 3781.69935346532 2485.08048159411 2410.78306780183 3202.44047563729 2982.65821038885 2357.3024837725 3128.09846392341 2458.91236118736 2592.65790261654 4678.74181805322 2005.46129356814 2451.6576025212 1977.05589197675 1832.51875843059 3687.22456598456 3128.09846392341 4009.20815124383 3245.18874643679 2163.61965234188 1479.0199457749 1572.02099222625 1614.38842909629 1402.45320777558 622.494979899437 1467.99182559032 1361.06575888162 908.639092269312 1012.73145502645 1374.09060836613 1026.52325838239 732.290925793841 1076.45250708055 1305.75648572006 1190.06302354119 1426.75330733803 1474.15229878056 762.807315119618 0 1020.11028815516 1576.58650254276 2036.38773321782 1770.94607484248 2195.87681803875 1754.99287747842 1362.21327258253 1648.10497238495 1392.16557923259 1629.9923312703 1028.0442597476 1028.65203057205 1484.50328393035 1038.32798286476 668.019460794369 1097.72492000501 2966.26869989892 3479.04440902958 2513.21507237244 2372.36696149647 3239.40580971264 3369.06886246037 2757.37647048784 3450.9056782242 3463.56030696738 2122.20404297042 2605.88276789268 2670.44003864532 3139.36697440742 3362.84849495186 3493.65496292922 3125.19999360041 1751.60640556034 2301.35829457301 3159.70726492186 3091.11630321475 677.310859207203 2355.97644300617 2781.8608879669 2654.59507269941 3595.22252440652 4094.5848385398 2981.29585918607 2574.02894311622 1425.43852901484 1526.84314846025 1296.63024798899 850.734976358678 2210.91044594755 2530.93362220347 1736.37553541853 1990.75990516185 2069.57121162815 2851.86342590244 1784.83192486015 1986.20240660412 1975.15822151037 2996.03905181491 3583.73059813374 2588.55654757627 2959.51854192536 3548.94350476307 3253.93991954369 3646.31663463282 2935.77076761794 3619.39221417077 3986.38307241038 3196.09136289938 3265.34837345114 3426.55074382388 5583.62561424027 4279.38371731258 5066.74204987781 6011.23947285416 5137.97138956612 4033.37637718079 6158.78437680684 5152.79050612384 5818.98831413159 6057.48503918912 4198.28834169355 5156.60983592903 4763.53335246013 4625.67562632747 5580.60256603174 4522.92770227427 4540.16794843539 4569.05351249031 5973.01222165165 5172.58397708534 4520.92357820833 3761.81472164699 4126.81778129348 4622.76973253049 5617.99563901575 5015.03988020036 3774.25489335312 4470.80809250408 3741.74090497993 4701.92779612788 4698.00489569775 5328.28537148678 5503.74872246181 4062.32691938992 4277.41160048925 4453.22916544837 4187.70521885197
4388.90646972569 3757.40934687718 5070.56456422754 3749.49996666222 4830.95487455638 2735.07312516503 2964.58260131169 3020.14072519808 2736.4438601952 6306.39556323579 4545.18976501532 4909.81160534699 4558.16574950934 4877.24307370465 5375.75576082098 5677.03707932228 5488.68153566956 2898.49098670325 5388.76145324693 2835.70978768985 3224.61237980629 3094.14770171044 2696.98906189847 3322.83764273851 3492.93930665851 4434.87598473734 4268.56240436988 3124.19989757378 3785.00330250847 3594.17932218191 2803.01177307553 3755.16311230285 2860.17919019071 3075.4064771994 2885.74080610162 2836.37092073657 2899.67670611743 2899.7844747498 6543.60374717174 5763.78781705226 3932.07960244957 2944.69862634532 4976.19332421883 7552.85542030297 3773.92368762274 3650.77046662756 3986.93177769573 3152.47918311922 5305.18614188041 1895.55400872674 1722.82471540201 1364.96336947187 895.125689498408 2978.88401922599 2202.55533415168 1599.02313929474 1954.80178023246 1510.38074669932 1817.27818453862 2029.93226487979 2747.84006084779 3018.79528951534 4051.08010288614 4043.20417490881 3217.91858194082 2569.77625485177 2453.31408506942 3621.63637048227 4579.91539223161 2715.00460404766 3197.45992938145 3728.27037646145 3153.27211004696 3375.0925913225 4107.99525316181 3401.19464306293 2724.65594158235 5315.66082439427 3018.8988058562 3259.02592809569 2605.88276789268 2294.83114847258 4210.99750652978 4051.31151604021 4728.17353742436 3873.06403251999 3172.04586978184 2498.12429634716 2502.62362332013 2468.42561159943 2409.6161520043 1609.54186028199 2252.35987355485 2101.93363358599 1796.87228260664 955.24865872714 1133.57840487546 1850.84440188796 1179.77752139969 2005.46129356814 525 321.130814466628 610.327780786685 2292.65130362207 1389.69421096873 1020.11028815516 0 781.824788555595 2970.47975923082 2715.11970270189 2907.53331881167 2496.12199221112 2071.83493551007 2338.93672424031 1861.78677619109 2047.25425875732 664.266512779321 1869.49190958399 2075.60232221878 1556.83974769403 1310.77267289183 1546.9728504405 3509.36247771586 3757.24300518345 2863.67334030961 2761.11390565474 3913.837630766 4151.65629598598 2759.30244808357 4082.66150935882 4132.87127793741 2360.74670390536 2747.04386568544 3368.32673593284 3296.77873082195 4042.35389346356 3903.04368410091 3674.74488910455 1887.45860881769 2375 3423.17469609718 3420.6176342877 770.146090037468 2012.46117974981 1905.74788468989 2128.6732957408 2931.08341744141 3597.04740029931 2224.01663662842 2378.28719880506 1738.17432957687 909.326673973661 1192.42400177118 1177.12573669936 1727.7152543171 1654.91691634354 1342.80490019958 1171.00384286304 1688.56447907683 2599.75960427113 1303.36103977371 1491.85287478357 1864.30281875022 2511.10035641748 2869.23334708071 1641.6455159382 2007.64165129139 2777.25133900409 2913.1168874592 2942.15057398495 2293.6052406637 2734.15892003373 3343.1833632034 2270.04955893038 2822.78674362765 2551.83757320093 4744.86564614848 3282.14868645526 4307.98676878191 5284.70670898584 4282.59559146086 3121.89846087281 5318.24689159877 4476.67566392742 4898.34155607793 5211.04596026556 3347.38704066321 4283.54409338809 3890.61370480288 3855.02918276892 4791.78985348899 3752.16604110213 3937.63888643944 3652.13978374322 5014.60367327269 4234.08785926792 3618.44234443496 2820.79332812597 3195.30906173409 3853.00207630362 4805.07544165542 4036.24206409873 3004.26779765054 3651.88307589386 2766.76706645138 3841.06105132423 3751.74959185711 4322.90411644765 4659.46617114021 3165.14217690138 3263.52953104457 3580.59003517577 3226.25944400013
4981.34018111592 4368.8528242549 5196.45311727143 3510.69793630839 4863.70486357879 2842.20425022552 2913.97494841668 2830.85676077049 2387.8599205146 6678.36993584512 4579.57421601616 5275.77008596849 5044.36566874369 5397.10570583901 5637.92958451948 6054.23405560109 5787.97244291989 2432.84812514057 5836.63002082537 3362.10499538608 3892.38037709574 3823.12045324235 3445.83081418691 3591.1349181004 4083.27380908996 4693.81241636263 4413.26126577614 3709.70012265143 4211.14592480479 3552.72782520699 2502.12409764184 3615.59123795819 3154.46112672196 3727.34825311507 3028.81990220614 3273.56838938795 3147.51886412139 3400.55142587199 6834.74578898148 5907.7279896759 3501.42828000232 2294.55878111675 5277.90204532066 7748.02394162537 3414.85724445401 3040.04522992669 3667.50937285783 2420.09813850596 5519.62408140265 2218.81161886267 2231.73139064718 1338.14236910726 1205.1970793194 2359.55504279938 1705.8722109232 1308.86401127084 2392.95842003157 1591.38304628395 2440.54297237316 1453.65917601066 2212.88838399048 2513.33941201741 4063.09611011111 3862.47977340982 2707.16641527631 2093.74067162101 1823.80097598395 3339.72304240936 4608.89086440545 2373.28885726116 3383.60015368246 3534.29625243838 2726.14654778499 3867.65432788402 4412.83638944387 3671.25659686162 2302.98719058531 5167.44617775551 3494.45990104336 3363.03434416005 2613.54644114085 2173.13138121007 4002.65536862718 4301.2352876819 4706.44504907898 3763.72488367574 3646.31663463282 3000.93735356138 2824.55748746596 2701.27284812179 2829.08995968668 2196.73052512137 2598.67754829259 2618.80220711683 2368.27996655801 1423.46408454868 1068.29303096107 2513.33941201741 1874.33321477266 2500.12499687516 955.57574268082 491.80788932265 609.302880347697 2965.63652526738 1918.65838543499 1576.58650254276 781.824788555595 0 3308.51175001692 3204.00140449407 3082.81527179298 2786.68710120099 2210.48637181956 2549.87744803549 2274.58787475885 2242.48745815891 690.108687092113 2136.87856463581 2199.28965804871 1662.82891483159 1556.23744974859 1765.82133864103 3435.56763868796 3558.87973946859 2793.18366743041 2591.57288147565 3868.05829842313 4259.40136638941 2584.81140511257 4046.98962192887 4099.16149962404 2388.90665368072 2571.47817412476 3472.30111021495 3111.06894812699 4076.53345380606 3711.46871197913 3641.2566512126 1617.48261196218 2255.41016225431 3139.36697440742 3240.85251130007 1530.31859428029 2119.25694525227 2064.1281452468 2444.12561052005 3335.60339369056 4104.57062309811 2583.3602149139 2269.6365347782 2477.65009636147 1233.13624551385 1951.44177468865 1880.65812948553 2251.94360497771 1512.44834622542 1446.76362962303 968.891118753805 2351.3294112055 3269.74769668854 920.597631976098 999.062060134404 1755.17093184681 2409.74583722018 2785.45328447633 1195.30330878819 1909.67929244677 2765.07233178447 2524.62868556942 2624.88094968134 1981.94979754786 2179.59285188771 2792.9598994615 2026.23419179521 2533.89522277461 2144.32390277215 4286.16961866886 2858.53983704968 3977.27922077392 4863.44785106204 3906.64498003082 2866.1821295933 4852.31903320464 4075.1533713469 4570.01094090594 4869.41988331259 3186.49493958487 4055.55175037873 3508.65002529463 3639.53980607439 4292.8719990235 3603.6439890755 3639.53980607439 3405.60200258339 4631.00960914572 3793.25058492054 3127.59891929896 2620.71078144842 2583.84403554085 3350.46638544547 4590.88771372161 3916.79077817542 3224.61237980629 3850.16233423995 2209.92081306096 3763.30971353674 3150.09920478705 4080.28798003278 4693.81241636263 3257.77915150797 2970.37455550643 3598.87135085432 3119.49515146281
2627.49881065625 2123.82320356474 3401.74587528228 3836.82811707796 3258.3546461366 4704.98405948416 4852.19022710363 4655.64173879391 5213.98360181541 4022.82549957117 3573.68857065078 2337.73394551219 3124.59997439672 3109.0593432741 3144.83703870328 3118.49322590253 3020.24419542526 4744.33873158315 2971.3212549302 4409.64851206987 4894.44838567126 4411.49067776415 4010.6109260311 3919.66197522184 3164.94470725793 3537.03618867548 3672.61827583537 3837.39820711898 3439.11325780353 3996.32643811789 5121.82828685226 3953.9537174833 4995.81074501427 4682.08020008201 5473.23030759715 5138.70119777362 5554.33389345653 5242.73306587318 4140.65212255268 3274.90457876256 3472.9310387625 3797.20291793841 2233.55098441921 4973.24089503012 3057.98136030944 4068.24593651859 3543.74448853187 4643.88038174973 2498.24938707087 4173.951964266 3285.85985702373 3564.67039149484 3492.312987119 5266.28426881801 5001.62473602329 4519.47176116855 4564.53721641088 4441.4243210934 3943.19033271284 4620.67365218536 3554.31076300314 3334.76011131236 3073.67857786074 3219.66613175963 3660.08879673704 3647.6019519679 3454.34508988317 2757.94307410432 2302.30862396856 2825.55304321119 2180.59624873565 2624.64283284412 3162.37647980123 1299.03810567666 1338.60935302276 665.676347784717 2831.07753337841 3380.64342988136 820.060973342836 1093.73214271137 2023.14730061852 2110.98318325846 2730.61348418263 1143.18633651737 2406.89114834884 2187.03566500412 815.858443604036 1075.58123821495 517.807879430199 705.779710674655 1023.47447452294 1640.69345095298 928.372231381357 1388.11923119017 1947.75511807825 2937.04783754027 3076.72715722405 1744.45550244195 2528.46297184673 1103.68700273221 3327.44271175328 3085.95609171615 3362.47676571898 1751.78480413549 1783.95627749113 2036.38773321782 2970.47975923082 3308.51175001692 0 743.723739032176 955.24865872714 903.811374126261 1773.76717750668 1037.12342563458 1765.99830124494 1692.63108798108 2642.44205234476 1202.60134708057 1340.00932832574 2084.16650006663 1945.02570677099 1715.18949390439 1886.96184381137 2801.89667903726 2030.54795560213 1992.79953833796 1910.00654449141 1574.40464938338 2866.83623529493 2026.85100587093 2007.64165129139 2113.20254590042 2514.70674234591 1221.93494098499 2805.57480741469 1797.39394680187 2578.03219529935 1929.37813815747 2310.5735218772 2485.5834325164 2683.3980323463 2435.54408705735 2570.1410467132 3313.41968365011 4566.24846016946 3995.93543491383 5375.98828123723 5723.52601112286 4880.44567637014 3124.69998559862 2593.74246986859 3130.59499137145 3131.79261765526 2335.19271153368 3773.09554610005 4137.48111778169 2961.73513332979 3572.98894484716 3795.88593084671 4440.86140292624 3045.28323805849 3190.90504402748 2646.3418146566 3933.27153906262 4856.31032781061 4262.48167151485 4705.9138326153 4977.1352201844 3818.21293277366 4793.87630211711 4079.29221802018 5085.94878070946 4956.87653669123 4816.31342418659 4015.20547419432 4890.61601436874 6827.33476548499 5991.55655902538 6200.20160962529 6991.91497373931 6462.43955484305 5581.5544429845 7380.4640775496 6084.8685277498 7298.37310638474 7338.00040883073 5658.95308338919 6592.32508300372 6143.54335868154 5863.8724406317 6706.61986398514 5806.24663616695 5407.05557581943 6116.6269299345 7528.94414908226 6678.79105826796 5960.96678400408 5414.39054742083 5695.5026117104 5770.77767722861 6905.79466824782 6979.16542288546 5433.86372666816 6283.01281233772 5482.13006047832 6232.27486556875 6408.63675051099 7154.45665302404 7108.3137944241 6042.09193905555 6098.82160749107 6112.94732514521 5964.8973168027
2383.66839136655 1763.16476825055 3870.23901070722 4223.52045099819 3805.75222525061 4529.48672588849 4771.33367099808 4692.08109478086 5138.45793988819 4272.44075441661 3990.69229583039 2653.41760753938 3080.58436014987 3044.97536935851 3555.71722722716 3400.45952776974 3417.05282370642 4846.97070343942 3111.37027690373 3993.82335613382 4271.27030284903 3760.73463567958 3345.61279887557 3851.05505024273 2844.95166918526 3716.34901482624 3913.5980887158 3447.28153767574 3343.37030554499 4193.29822454831 5064.58290484024 4256.53908709881 4669.98394001521 4110.20072502548 5148.96834327033 4675.13368792808 5145.75067409994 4692.08109478086 4518.08864454871 3868.54300738663 4052.85393272444 4130.45094390431 2685.49343696833 5476.88323775485 3658.12451947716 4511.5130499645 4092.21822487511 4891.44661628848 3071.94970661956 3867.33112107045 2975.10504016245 3453.44031365825 3240.85251130007 5315.60203551771 4871.40893376855 4311.90213247008 4104.34221282778 4133.7785378513 3455.70181005248 4563.85253924795 3886.675957679 3760.81773022836 3521.80706456217 3777.15170465789 4076.99337747807 3904.24448517252 3728.35419454751 3370.55262531235 3023.45001612396 3239.30933996739 2489.60338206711 3256.05205732341 3637.13486139846 1217.83619588186 1845.60288252918 1333.69786683491 3252.40295781442 4122.87824219925 689.655711206686 1802.94897321028 2407.02098038218 2477.52396557531 3429.5590095521 1771.65177165266 3135.8810564178 2894.17518474608 708.872343937891 814.708536840016 838.898086778126 1131.92314226718 1013.96498953366 1256.48318731291 865.303414993839 881.050509335305 1638.02472508812 2696.64142963057 3023.55337310258 1149.45639325726 2136.58606192215 712.39034243875 3060.4329759039 2899.3533761858 3183.06063404391 1051.48704224065 1417.08327207684 1770.94607484248 2715.11970270189 3204.00140449407 743.723739032176 0 1382.25359467791 998.123238883857 1990.4459299363 1243.48301154459 1439.83505999819 1656.99275798055 2530.43968511403 1308.38641081295 1547.98255804127 2174.42521140645 1929.05417238604 1657.93546315893 2479.16316526363 3230.32506104262 2351.3294112055 2455.22402236537 2633.20147349192 2251.24965297054 2995.9347456178 2691.88595597956 2716.38546601914 2186.60696056699 2751.93114012687 1794.08751180092 3087.98073180517 2435.41577559151 3148.51155309934 2479.03711146082 2549.87744803549 2600.72105386179 3175.49208785032 2889.85293743471 2164.77481507893 3052.35564769245 4169.53234787788 3550.08802707764 4824.7409256871 5098.1001363253 4395.80766185237 3072.56000755071 1966.75494152169 2814.69358900751 2641.02252924885 1849.66213130939 3257.58729737209 3882.09028746113 2736.55805712212 3375.74065947016 3239.30933996739 3810.26573876416 3009.25655270534 3196.28690827341 2634.62521053754 3747.8327070455 4571.30998730123 4098.39907768875 4399.85795225255 4636.13524392893 3904.24448517252 4653.56046484839 3961.21824695383 4999.1249234241 4992.24398442224 4570.42120597216 3974.44964743548 4734.44822550633 6725.37173693767 5804.03954156069 6044.47061370969 6920.16979560473 6296.12976359287 5329.69276788072 7285.81670096085 6019.23998524731 7073.05627009993 7151.00517409965 5367.20364808342 6321.83715386595 5974.11081249754 5626.77749693375 6656.81042241703 5525.9049032715 5299.70518047938 5850.53416364694 7326.36506051944 6520.87992528616 5844.54874220414 5130.54577993414 5629.10960987615 5722.43392272903 6643.27667646019 6629.14964380802 4952.90318903974 5785.812388939 5368.60084193265 5876.70188115749 6346.55418317688 6855.42668256324 6668.48933417457 5622.83291588857 5839.84160744108 5704.27471287981 5618.55185968769
3569.83893194077 3038.19436507936 3993.35385359224 4001.09360050474 3702.95490115664 5013.66881634597 5107.22527406027 4850 5205.34580983819 4841.55192061389 4071.7011186972 3138.8692231439 4055.93700641418 4059.71058081731 3866.84626019706 3902.88354937731 3747.91608764124 4714.20725042928 3839.10796930745 4909.42970211409 5289.90784418784 4855.02317193234 4384.34715778758 4506.52304997988 3993.97984471629 4279.67580547873 4292.21679322003 4507.84039202809 4232.61148701366 4382.99269905849 5170.16682516145 4249.26464226459 5343.74634502799 5140.22129873802 5664.03124991379 5440.7030795661 5724.56330212183 5454.01228454795 4855.15190287595 3734.63518968051 3027.99438572795 3269.74769668854 2898.92221351315 5497.10150897725 2590.60803673578 3548.32707060665 3482.90467856931 4259.18125935021 2937.04783754027 4439.24261558208 3688.74978820738 3665.63432437007 3589.39409928751 5069.14687102278 4771.13718100832 4360.97752803199 4695.47654663507 4416.30501664004 4231.28231154576 4428.10625437105 3298.20026681219 2946.2900400334 3504.99643366438 3342.34199327358 3389.1370583085 3530.22662162077 2955.50334122633 2455.86033804856 2457.76829664637 2641.25916941144 2762.69795670826 2523.63824665898 2849.67103364581 2250.55548698538 2049.84755530747 1334.40061450825 2375.39470404394 3217.33585439879 1744.99283666151 1184.79956110728 2242.90548173569 2064.88498469043 2371.97175362608 1559.44701737507 2177.2976369803 1981.31900510746 1747.31937550066 1848.47910456137 1027.43612940173 876.427407147905 1724.81883106603 2027.77587518937 849.632273398321 1497.2892172189 2476.6408702111 3144.24076686249 3121.09756335812 2132.63334870296 2848.79360431745 1442.43717367517 3352.89054399335 2980.45717969576 3307.00015119443 2249.72220507333 1790.25137899682 2195.87681803875 2907.53331881167 3082.81527179298 955.24865872714 1382.25359467791 0 576.085931090146 2036.23426942972 570.635610525666 1527.66161174522 1132.47516529061 2430.02057604457 1315.76973669408 889.170962188937 2203.6900871039 2055.02433075621 1389.91906239176 1145.91666363658 1874.33321477266 1110.46161572564 1308.14754519511 1610.31829151879 1356.92667451119 2004.68201967295 1469.90645960891 1602.53705105373 1334.40061450825 1632.86557928079 532.094916344819 1863.12908838867 1262.19055613643 1784.30658800555 1118.03398874989 1842.21334269405 1684.67355888314 1872.99893219404 1536.83928893037 2679.66882282121 2797.99035023354 4353.518691817 3706.07609204128 5379.2425117297 5814.74419041801 4871.72967230326 2397.65510447187 2791.95272166274 2880.64662879708 3354.19513445476 2428.60556698695 3678.48474239054 3753.83137607432 2536.11415358221 3200.1953065399 3904.32452544611 4677.7398388538 2578.03219529935 2687.35464723211 1998.90595076407 3306.14957314396 4334.02238111434 3883.78037484099 4388.69285778807 4541.6819571608 3008.94499783562 4151.95736972335 3464.55264067383 4551.03010317444 4222.33643851363 4396.80281568323 3266.783586343 4365.84756948751 6147.76382109788 5567.20306796869 5519.05789061865 6226.30508407675 5836.79064212517 5102.57288042023 6682.72025450714 5321.24280596178 6737.48840444271 6691.13219119156 5169.01828203383 6054.85342514581 5546.2261944497 5263.79140924106 5981.11611657891 5250.23808983935 4661.67888211962 5629.44269000049 6987.66770818418 6118.92555927918 5382.20447400505 5005.8091254062 5207.56661023169 5073.15237303198 6312.88365170783 6794.39106910987 5223.68404480975 6157.21121937521 5116.51737024316 5801.61615414188 6033.08586048632 6811.11224397308 6772.60105129484 5970.91910847903 5759.61153203929 5788.62030193724 5646.45906741561
3343.37030554499 2746.1336456917 4159.62738715861 4080.51773675841 3926.19408588012 4683.4816109386 4838.71108870947 4661.20960695826 4946.84242724589 4926.33230710231 4177.6937417671 3238.34448445498 3898.87804374541 3918.6253967431 4021.42698553635 4013.96001474853 3912.79950930277 4581.82550955403 3853.97522047042 4453.29933869261 4734.84424242234 4296.87386363621 3816.65756913035 4258.00716298129 3645.88809482683 4220.63383865504 4263.65453572402 4088.2453448882 3995.85722968176 4308.85715706613 4921.50891495688 4256.83274277954 4926.33230710231 4609.2298705966 5245.53381458932 4948.0425422585 5259.39635319492 4919.41307474784 5033.07808403565 4062.24999230722 3375 3384.24659267022 3101.31020699317 5803.3395558075 2968.26969798905 3769.11793394688 3727.09672533461 4278.2882090855 3267.7400447404 4023.99055664896 3272.99556981063 3360.43151990931 3193.45032840657 4913.31100175839 4487.83076775406 4015.12764429725 4197.84170735391 4001.64028868163 3721.30689408976 4187.6305949785 3362.10499538608 3117.89191602275 3623.10295189082 3573.60112491587 3534.56150038445 3513.81203253674 3005.30780453517 2804.1264236835 2875.97809449238 2759.64218695105 2742.60368992678 2850.54819289203 3053.89096072535 2060.79474960511 2214.72345903501 1488.70749309594 2551.83757320093 3727.01287896889 1513.89398572027 1513.48108676653 2271.28818074678 2101.93363358599 2850.54819289203 1856.07111932706 2720.98327815516 2425.12886255555 1543.1299362011 1512.44834622542 849.264387573151 822.344210169926 1461.80539060437 1551.61206491829 308.220700148449 923.309265630969 2065.33895523229 2748.74971577989 2845.72047116367 1588.63148653173 2374.07876870166 937.416662962634 2943.637205907 2616.53396691119 2953.91689118025 1718.46588560844 1261.69528809455 1754.99287747842 2496.12199221112 2786.68710120099 903.811374126261 998.123238883857 576.085931090146 0 1914.58219985458 355.316760088797 1009.02180353053 816.624148553054 2104.01402086583 1052.67516357136 757.462870377156 1999.53119505548 1765.29034439097 1031.98837202751 1675.93257620944 2267.98368600835 1358.76782417012 1602.53705105373 2122.20404297042 1873.66619225517 2035.46677693349 2044.19910967596 2160.15045772279 1246.49508623179 1763.69640244573 1105.10180526502 2091.79946457589 1832.68928081113 2285.96259811923 1660.38399173203 1827.05363905935 1657.18134191766 2256.93376065847 1937.78223750761 2179.16268323409 2453.69619146299 3906.2449999968 3246.0552983583 4852.38343497296 5259.81225900697 4368.99588006215 2237.32541218304 2218.52991866236 2447.70300485986 2832.18113827488 1885.13925215089 3158.81702540682 3397.88537181583 2171.40507506085 2864.1098093474 3359.03632013707 4112.55699048658 2350.6647995833 2502.99820215677 1814.18025565267 3050.61469215632 4009.13020491977 3584.77684103209 4003.59213706891 4168.33300013327 2991.3416722267 3936.4482722373 3241.72022235109 4342.81015012169 4151.05408300109 4063.86515524322 3140.46174948844 4108.67983663853 5983.88460784464 5282.3408636702 5323.70876363462 6115.14513319185 5616.82739631547 4788.33217310579 6532.2756371727 5207.80664003571 6471.52416359547 6473.26231509275 4838.96941507177 5755.92086464017 5313.30876196744 4996.68640200683 5863.71256116805 4948.42146547765 4514.76743587087 5314.72012433392 6729.55236252754 5886.05343162972 5173.85252978861 4657.38660624175 5010.05239493561 4940.64773081425 6039.1948966729 6388.31941906477 4750.26315060545 5669.93165743645 4865.24665356239 5432.13816098228 5825.91194578154 6456.05336099385 6351.47620636337 5512.03229308392 5419.06357224198 5370.40501265966 5254.22449082641
3318.88535505522 2851.42508230534 3046.41182376907 2308.40854269776 2776.35102247536 3174.21250076298 3195.11345651449 2908.39302708558 3602.86344453963 4528.58973633073 2638.89181286388 3186.49493958487 3175.98409945642 3520.65334845679 3432.3825544365 3944.77502527077 3609.79570059027 3017.65637540128 3810.3477531585 3433.47491617457 4450.91282772422 4141.70858463026 3840.08463448398 2590.60803673578 2812.5833320988 2786.68710120099 2610.19635276735 3087.575909998 2691.42155746735 2400.1302048014 3462.20666627514 2380.38862373353 3709.19465652586 4088.78038050468 4161.12965431264 4154.81648210845 4436.2850449447 4543.53936925829 4635.8656149634 3762.8114489036 2754.31479682334 2740.66597745876 3200.78115465584 5566.69785420405 2525.86618806302 3070.93226887211 2405.85223985182 3248.94213552658 3494.63875100131 2901.40052388497 2152.46951197921 2044.04623235386 2265.22625801486 3686.97030093816 3708.94189763064 3326.691299174 3695.77461434 3322.83764273851 3150.39680040467 3192.66738010711 2114.97635920594 2203.54827494203 2092.54629578416 2196.58826364888 2324.32785983389 2014.01340611228 2385.63408761696 2126.32311749649 2667.04424410245 1505.40692173246 1251.49910107838 1970.4060495238 2043.43460869194 2097.31971811643 2420.87277650024 1809.86877977383 1909.51564539283 3542.7743365899 1869.82619513152 1589.41813252523 622.996789718856 765.669641555678 2657.06605111728 2512.59328185045 3122.99935959007 2177.87166747722 2027.77587518937 1486.81707011993 1300.24036239458 1214.75306132563 1124.16635779586 1428.50446271617 1744.45550244195 2105.49875326489 1350.46288360695 1732.05080756888 1572.41851935164 1969.2955593308 1797.74163883468 1580.15030930605 2240.67512147567 2040.98628118858 2158.70331449229 2281.72084182093 1810.73189622318 1362.21327258253 2071.83493551007 2210.48637181956 1773.76717750668 1990.4459299363 2036.23426942972 1914.58219985458 0 1693.55395544399 2234.11056127489 2109.20601174945 1771.65177165266 906.917857360853 1485.13467402791 555.652769272322 781.424980404389 1638.02472508812 2433.74711093819 3252.97940356222 2463.3564500494 1906.23975407083 2346.40682747046 2751.59044917662 3063.29071424832 2803.68061661809 2685.72615878835 2486.08628168855 2698.37914311536 2300.6792475267 3177.06625678471 2817.46783477647 2967.11138988748 2721.44263213466 1563.64957711119 2613.06812004586 2713.04717983304 2795.64393297859 2022.52935701809 3347.01359423591 3969.49304067912 3911.36165548521 4878.65247788772 5407.28675030278 4201.33907224828 3210.3348734984 2697.91586229074 2684.56234794426 2540.05413328142 2176.72345510402 3551.40817141595 3532.52742381429 2711.66461790539 2906.24327956212 3393.56007755867 4119.31426332102 2361.93776378634 2459.80182128561 2527.47403547494 3877.25740698241 4623.31050222673 3380.45854877707 4009.13020491977 4668.3107223063 3642.97268724321 4449.85954834532 3703.79872563291 4261.52848166007 4447.11985446761 4153.68812021317 3897.83593805588 4228.69660770313 6290.17090387853 5062.11418282915 5889.07887534205 6690.89866908773 5959.28896765378 4992.61955290006 6851.55091931746 5826.50195228664 6716.67700578195 6914.65834296967 5231.39560729257 6144.81488736642 5586.31139482933 5581.1065211121 6200.50401177195 5544.47923614112 5291.73884465211 5543.06999775395 6810.56165084789 5942.64250986041 5226.91352520778 4765.17313431527 4671.45587584856 5239.33440429221 6602.36699979636 5971.70411189302 5042.87864220427 5701.86373039553 4329.83833416445 5815.38906694986 5131.09393794345 6269.36998429667 6705.82768940569 5129.63205308139 5167.5066521486 5626.55534052585 5253.68917999533
3528.54431742043 2940.23808559783 4067.093556829 3802.2197464113 3785.66374629338 4511.5130499645 4628.51217995589 4413.40288213075 4696.27511970924 5013.35715863133 4013.33714008679 3344.86546814666 3972.56214551768 4044.82694314602 4034.92564987262 4131.96381881545 3970.6737463559 4285.5133881485 4001.64028868163 4413.96930211346 4792.83319133892 4387.55341847823 3915.11494084146 4137.1034553175 3700.84449821929 4146.38396678359 4129.76996938086 4092.37095092808 3969.33558671977 4089.62100933571 4671.85723240769 4008.97430772511 4813.39277433288 4642.60164132138 5106.42977039732 4891.38272884059 5158.00348972352 4907.20134088668 5088.52876576324 4048.53368517541 3051.53649822512 3033.45924647093 3191.88423975557 5838.2360349681 2657.65404069077 3418.33292702744 3426.55074382388 3933.50988304339 3328.00615985007 3896.31235914165 3181.78409072646 3143.84318947367 3030.98581322975 4613.77015032175 4249.33818376462 3812.64343992459 4131.05616035415 3848.61988250334 3687.56355877428 3922.53107062264 3015.79177000004 2764.9593125397 3439.56756002844 3317.47268263056 3187.18135662218 3187.18135662218 2658.59455351883 2502.62362332013 2774.88738510232 2424.22668082009 2609.23839462783 2580.81866856236 2710.16604657353 2200.14204086918 2298.64090279452 1526.02424620319 2198.43694474051 3563.26746119345 1671.26449133583 1380.89644796415 2025.77145798829 1793.56488591854 2614.02467471139 1948.39677683987 2636.0481786189 2209.35510952857 1725.90555940932 1594.91379077366 841.872912024137 687.386354243376 1461.37777456755 1552.01481951688 451.386752131695 1118.59286605985 2037.92173549428 2603.48324365647 2608.75928364424 1698.5287751463 2322.44483249872 1028.95578136283 2786.35065991343 2421.26000256065 2751.93114012687 1903.12243431683 1254.24279946109 1648.10497238495 2338.93672424031 2549.87744803549 1037.12342563458 1243.48301154459 570.635610525666 355.316760088797 1693.55395544399 0 1084.26242211007 723.273807074472 1882.31904840811 860.595723902925 415.331193145904 1755.52698640608 1553.22245670091 835.912674865024 1492.89986268336 2096.72363462618 1158.66302262565 1282.81916106675 1960.86715511276 1883.31489666492 1867.65226956198 1938.10474433143 2041.13938769502 1110.18016555873 1546.56878282215 1068.8779163216 1925 1789.90223196687 2087.31286586367 1547.78066921641 1482.60750031827 1460.30818665102 1986.51705253189 1727.35346701247 2121.90951739229 2401.17158903732 3821.81239727959 3247.40280839935 4846.97070343942 5309.13128487138 4318.05801257927 2113.20254590042 2322.84846686132 2344.94136387245 2810.47149069333 1898.68375460475 3169.48339639128 3253.74783903117 2052.74206855123 2688.51724934024 3371.29426185256 4170.80627696852 2105.20189055587 2240.25668172199 1620.57088706419 2958.03989154981 3928.18342239769 3379.81138526989 3871.36926680987 4097.10263478961 2786.68710120099 3787.7268908938 3074.6951068358 4118.40381701455 3925.39806898613 3911.68122423083 2988.10140390182 3924.12410609043 5805.86987453215 5085.08849480518 5192.36217920129 5963.11579629308 5462.14243680994 4648.85738649832 6355.06687612333 5056.67875190821 6327.86496379308 6338.81889629291 4734.7782419032 5643.74653931234 5151.33477848218 4894.95914181109 5674.11887432754 4864.47581965416 4396.09201450561 5183.50749975342 6562.05950902611 5700.05482429775 4972.42395618073 4522.30582778299 4763.46774944473 4742.49406957985 5945.63915824026 6247.84963007273 4723.74321910072 5629.22063877407 4625.27026237387 5353.67864183124 5562.48595503845 6304.41313684311 6307.33699749744 5410.75318232129 5247.97580024908 5303.06515140065 5137.18064700863
3710.96348675112 3035.31299868729 4905.16309616714 4459.96076215924 4692.08109478086 4358.97063536794 4595.10609235521 4541.88837379344 4543.47058975845 5667.17522227785 4775.8507095595 4035.31287510646 4322.97640520973 4389.61843444279 4827.39577826389 4804.81529301595 4747.96008829055 4432.8320518603 4544.77722226293 4018.55073378451 4020.18345352547 3631.45976158349 3096.97432989038 4290.97890929331 3689.93563629503 4678.47464458236 4701.92779612788 3864.6636334874 4190.6145134097 4535.20947697017 4577.45835590014 4576.98044566502 4443.18298070201 3991.0055123991 4639.36956924106 4277.11935769859 4541.26909574846 4096.9500851243 5864.83162588663 5006.62061674339 3910.08311932112 3470.77080776014 3991.0838127005 6738.18410256057 3565.283999908 4027.17332629228 4277.48465806717 4215.22537950226 4236.59651135201 3523.22650421457 2920.72336930425 3020.86494236336 2662.00112697196 4595.24210461212 3895.34979173886 3354.56778139897 3408.99545320905 3285.76475116524 3047.74506807902 3727.18056981413 3520.38705258385 3410.00366568718 4228.62270721804 4204.61056460643 3816.57569032765 3596.00472747186 3020.14072519808 3450 3830.87783673664 3109.46136814722 3262.85917563109 3558.26502666679 3448.64103669837 2582.87630365838 3100.90712534252 2394.13345492685 2870.75773969173 4645.29331689615 2059.4295326619 2425.64424431943 2745.33695563951 2482.18653610078 3657.35560207098 2829.42131892725 3693.49089615773 3275.95405950694 2126.17614510181 1840.68601342 1556.23744974859 1578.17141020866 1879.16204729661 1364.96336947187 862.046982478333 622.996789718856 1975.47462651384 2347.6051627137 2580.45538616733 1232.12215303516 1928.89216909603 1011.4964162072 2344.27494121317 2054.41597540518 2424.09777030548 1466.71401438726 647.108955277239 1392.16557923259 1861.78677619109 2274.58787475885 1765.99830124494 1439.83505999819 1527.66161174522 1009.02180353053 2234.11056127489 1084.26242211007 0 666.145629723711 1625.96125415091 1368.84988220038 1169.66875652896 2072.13657851021 1719.19312469542 792.543374207368 2471.2092181764 2731.41446873227 1765.82133864103 2132.48681121361 3041.4840127806 2868.57978797871 1922.23827867411 2947.35050511472 3095.46038579078 1180.30716341129 1887.78971286529 2046.49089907578 2301.08669980077 2763.48964173923 2965.0042158486 2451.27517835106 1923.21345669169 1545.35594605256 2753.52047386614 2459.80182128561 1506.0295481829 1612.83911162893 2975 2250.83317906948 3895.51023615649 4312.33695343952 3458.32329315812 1744.27635425124 1442.65380462535 1579.75472779796 2133.21939799918 1117.19514857522 2172.26839962285 2568.31656927257 1364.96336947187 2121.90951739229 2475.88368062799 3272.23165439124 1865.81081570453 2073.79483073905 1393.51175093718 2315.30235606497 3144.24076686249 2886.82351382969 3135.38275175456 3247.40280839935 2675.81763205193 3236.31735155871 2572.32871149859 3709.19465652586 3692.6447161892 3240.46678736259 2616.41453137686 3382.39929635754 5319.89191619529 4532.52137336384 4611.26338436659 5512.99600943081 4876.28188274632 3951.74012303441 5877.60580508765 4619.59143215068 5664.03124991379 5716.53304022639 3964.05726497486 4905.7364380896 4566.52219966136 4189.42120107301 5269.72485050216 4096.49240204348 3890.21207648118 4464.51285136464 5944.43016613031 5150.606760373 4490.05846287106 3794.48613121724 4409.79024444474 4350.64650368195 5209.96641064028 5528.336096874 3757.07665612508 4694.94408912396 4236.00637393288 4505.96826442442 5258.98041449101 5597.20912598413 5375.23255310875 4630.67219742447 4605.09229006325 4409.43590496562 4348.41925301597
4013.88216070178 3373.8887059297 4746.24851856706 4198.66050068352 4449.92977472679 4536.72514045098 4683.88193702617 4523.27315115946 4557.20583252501 5695.00877962449 4609.09427111228 4027.40611312045 4526.10483749548 4608.00933158777 4743.94350725217 4810.92506696997 4678.8753990676 4295.78281573918 4640.44717672769 4428.31796509691 4597.89353943738 4235.12101361933 3714.16208585463 4446.76848958882 4046.21736934634 4713.08020300949 4667.50736475048 4267.68379803378 4402.556075736 4460.17096084892 4591.90864456165 4408.08915517824 4754.80020610751 4529.00375358643 4918.71426289432 4702.52591699397 4893.17126207534 4590.88771372161 5798.7067523716 4768.12332055286 3335.22862784547 2978.46436943604 3892.4606613298 6555.19831889166 2980.56202753776 3483.26355591994 3854.62384675859 3846.83311309446 4026.0091902528 3805.50587964334 3226.74371464484 3093.84469552045 2865.9640611843 4448.1737825764 3893.42394300955 3448.64103669837 3815.10157138706 3513.3673306388 3503.0343989176 3668.19097103736 3135.38275175456 2919.43915846863 4027.71647462927 3846.26442148743 3379.16409782064 3312.85375469549 2566.61255354212 2924.25204112094 3458.05219740825 2705.78084847979 3183.55147594632 3101.00790066714 2965.32038741179 2757.26313579245 2999.47912144759 2239.00089325574 2350.53185470863 4137.17899056833 2215.28779168757 2078.16024406204 2514.58247031192 2159.57171679942 3099.79838054026 2629.04450323687 3217.62723136164 2782.64712099828 2275.54938421472 2051.06679559687 1479.2312192487 1364.04728657037 1975.47462651384 1697.6086121365 825.757228245687 1098.57862713599 2265.77801207444 2562.95727627286 2585.294954159 1740.86903585537 2300.13586555229 1280.86884574495 2552.81707139387 2148.40056786438 2521.65620178485 1997.8113024007 1064.18983268964 1629.9923312703 2047.25425875732 2242.48745815891 1692.63108798108 1656.99275798055 1132.47516529061 816.624148553054 2109.20601174945 723.273807074472 666.145629723711 0 1600.78105935821 1262.43811729526 726.722092687432 1980.21463483129 1704.58939337308 593.190525885234 1880.32576964738 2086.41438837063 1109.33538661669 1518.63425484874 2543.74232185573 2475.12625940577 1386.99315066802 2412.07897880646 2583.72308887775 590.021186060297 1253.49511367217 1593.93381292951 1682.63186704638 2277.19674161018 2324.59673922167 1876.83243791235 1463.30106266619 977.560739800858 2091.79946457589 1801.90871022924 1902.13695616273 1687.0832818803 3260.84728253256 2602.40273593462 4362.48209165379 4856.05292392906 3865.71468165978 1446.97961284878 2074.24685126915 1809.17799013806 2603.00307337506 1637.26143300329 2644.56990832158 2657.30126255944 1418.40579525043 2147.38212714924 2998.95815242561 3854.38062469186 1654.16141896733 1810.21407573801 1021.33491079077 2249.02756763896 3225.09689776912 2872.49891209727 3292.89006801017 3412.75182221034 2250.27776063312 3119.89583159438 2428.09081378766 3571.67677708944 3373.8887059297 3303.31273118365 2344.54153300811 3317.47268263056 5169.86460170864 4531.14224009796 4511.37451338281 5315.71961262067 4801.10664326465 4002.03073451467 5719.15640632427 4409.43590496562 5664.25193648729 5658.95308338919 4054.16452552187 4957.94816431152 4500.62495660325 4193.44726925235 5058.03815723053 4157.82395009697 3720.7190165343 4525.82865340702 5927.47838460842 5084.65829727033 4375.57139125852 3897.83593805588 4272.73331721042 4135.44133074089 5240.70605930155 5741.84203892793 4116.05089861629 5071.61216971487 4179.26428932175 4673.72977395998 5156.12499848481 5723.0892007726 5642.30670913945 4943.36676769992 4696.87396041239 4657.85626656727 4534.86493734929
4426.20040215081 3797.77895617952 4816.31342418659 3480.84041576169 4506.86975627208 3123.59968625943 3244.03298380272 3142.053468673 2969.53279153472 6157.56648360373 4324.49419007587 4689.61618898605 4592.7252258327 4887.61189130234 5141.25471067132 5476.08436750202 5244.22301203906 2876.41269639807 5256.30573692208 3381.19801253934 3850.08116797555 3670.32014952374 3244.61091658152 3526.15229393173 3731.20288914982 4397.51350196904 4194.11790487583 3538.09623950508 3933.82765255419 3548.67933180782 3027.06541059158 3596.35231866957 3404.50069760604 3690.10501205589 3443.65358304229 3482.63549628726 3518.96646758675 3559.66992851865 6317.2383206588 5391.89206123416 3328.85115317582 2394.52500508974 4679.34290258793 7225.3460124758 3154.95641808251 3084.33542274507 3529.25275377097 2798.77205216859 4924.80964099121 2435.54408705735 2153.34042826489 1605.26477566786 1407.56882602592 2973.00353178398 2390.86804320105 1932.77650027105 2611.9915773218 2049.69509927696 2456.87810035419 2123.23456075866 2303.39423460249 2462.34136544875 3782.19512981549 3633.00839525592 2738.38456028367 2255.54871372799 1896.04852258585 3043.23019175349 4104.64675703038 2216.69799476609 2997.91594278425 3205.65905860246 2606.36240764787 3265.73115856159 3797.61438274083 3045.59107563704 2113.64613878482 4751.71021843715 2857.44641244591 2788.59283510519 2246.24686978079 1825.1712248444 3612.30535807813 3662.222685747 4174.4011546568 3315.2111546627 3000.93735356138 2394.13345492685 2172.69993326276 2061.70439200192 2234.9496638627 1614.58198924675 1909.67929244677 1951.12147238454 1899.67102415129 1326.17872098748 1165.65432268748 1925 1530.72695148416 1833.88249350933 1105.38454847171 596.343022093828 948.024261292927 2373.55219028358 1268.85775404495 1028.0442597476 664.266512779321 690.108687092113 2642.44205234476 2530.43968511403 2430.02057604457 2104.01402086583 1771.65177165266 1882.31904840811 1625.96125415091 1600.78105935821 0 1502.91383651891 1556.63900760581 1270.33460159125 1051.48704224065 1089.43792847505 2905.70559417158 3126.59959060958 2265.08829849964 2123.97033877594 3351.95838279654 3648.11595210459 2206.52441636162 3500.80347920302 3562.03944391412 1839.32732269164 2138.63274079492 2849.67103364581 2695.59826383681 3490.43335418398 3262.09288647641 3086.25987240219 1235.41491006058 1807.10403685012 2763.71579580824 2784.21892099023 1137.15654155442 1853.71249119166 2309.89718385906 2342.00768572607 3504.46144221905 4178.96518291311 2814.91562928625 1957.99642492013 2023.61063448481 1044.32992871027 1757.306177079 1376.81698130144 2137.46344997991 1761.74629274479 1138.80419739304 1136.33181773635 2265.77801207444 3200.1953065399 811.634154037396 995.929214352104 1349.30537685136 2308.27316407742 2895.03885984282 1684.11697930993 2273.35105076185 2921.79311382582 2425.64424431943 2782.31019119005 2062.31059736403 2639.48385105876 3006.76320983213 2392.04410494456 2462.08752890713 2509.60654286683 4642.73626216265 3414.12507093692 4207.73097999385 5101.16408283443 4248.01424197236 3229.35752124165 5215.00239693138 4257.12637820396 4975.06281367381 5195.06977816468 3461.3942277643 4378.78407780059 3869.5122431645 3847.40172064213 4617.76461071805 3798.02580296659 3720.0470427133 3779.63291868404 5102.20540550848 4257.7869838685 3569.40121028724 3007.59455379212 3158.52022314248 3655.38985608922 4851.03081829007 4463.04268408896 3414.21660121323 4152.25842163033 2856.79015680186 4051.08010288614 3816.82132146633 4612.88954994589 4984.53859449398 3699.57767860063 3520.38705258385 3902.0026909268 3542.95074761137
3232.2592717788 2653.88865629287 3629.47999030164 3166.820171718 3382.39929635754 3703.12368143436 3820.50389346746 3624.05160007415 4037.71284268706 4759.52991376249 3419.61255115254 3216.94731072798 3456.42517639251 3655.47534528685 3753.83137607432 4010.76675961093 3795.14492476901 3623.36169875435 3833.56883334576 3676.10527596803 4305.30196385805 3935.89252902058 3532.8812603879 3285.3843001999 3040.25081202193 3464.55264067383 3410.37021450751 3354.19513445476 3218.50120397678 3294.40814107785 3969.49304067912 3283.48138414092 4055.01233043748 4062.71153295431 4424.08182564473 4255.58456619064 4551.16743264846 4425.07062090539 4892.46870199493 3982.3046091428 3009.36039716083 2892.44706088115 3181.58765398661 5785.812388939 2687.47093007534 3311.06100819662 3047.64253153154 3592.09200884387 3448.18792991333 3167.11619616332 2408.44867082527 2417.77273539098 2381.43864082197 4083.96253655687 3813.95464052734 3355.87171983674 3617.83775202814 3333.35416660156 3102.01547384922 3418.78999062534 2592.41682605248 2527.47403547494 2864.21891621433 2888.33862280724 2824.00424928859 2617.48925499227 2482.18653610078 2407.02098038218 2802.78878975923 2007.79730052613 1944.54364826301 2378.02439011882 2442.97462123535 1919.30977176692 2295.23963890484 1549.39504323462 2057.00024307242 3696.78914735477 1488.70749309594 1433.96303997 1390.36865614843 1259.464171781 2748.18121673226 2199.00545701915 2981.29585918607 2274.45048308377 1622.30545829076 1156.77353012593 696.867993238318 614.918693812442 904.848053542693 983.933432707721 854.766049863938 1263.18050966598 1311.96417634019 1876.83243791235 1902.62975904404 1387.66890863779 1672.38602003246 819.67981553775 2215.42885238953 1933.42313009853 2193.74109684803 1697.4245196768 1076.45250708055 1028.65203057205 1869.49190958399 2136.87856463581 1202.60134708057 1308.38641081295 1315.76973669408 1052.67516357136 906.917857360853 860.595723902925 1368.84988220038 1262.43811729526 1502.91383651891 0 730.154093325512 966.307404504384 776.611228350453 872.13817712562 2028.08407123571 2745.33695563951 1827.73767264342 1575.19840020234 2223.31396793166 2367.75209851032 2418.93571638438 2457.76829664637 2447.06456800796 1722.82471540201 2101.48756836675 1722.09900992945 2575.12135636362 2378.68135739111 2617.96676831468 2211.61705545965 1357.38719604982 1957.19825260498 2405.33261733175 2320.1562447387 1660.76036802424 2658.0067720004 3621.03231137199 3303.5965250012 4564.40028919463 5051.11373857291 3964.05726497486 2535.49797870162 2119.84669257001 2199.28965804871 2305.83498975967 1614.19484573579 3036.4452901378 3154.95641808251 2116.74868607494 2547.30249479719 3036.23945037278 3810.01968498852 2013.39265917009 2160.58441168125 1904.76376488004 3248.94213552658 4077.68316572046 3172.53841584306 3700.08445849551 4160.00300480661 3145.43319751032 3970.04408035981 3224.61237980629 4046.37183165364 4104.49448775364 3821.7306289167 3331.76004538142 3904.72470220373 5941.06471939163 4907.39238292599 5414.44826367378 6243.04613149703 5575 4631.54941677189 6505.67060340439 5351.69365715191 6371.32246868733 6496.92234831231 4788.00584794964 5722.21548003918 5224.64113600159 5076.29293874969 5850.53416364694 5026.05710273968 4736.03209448585 5179.82866512011 6542.45748935368 5683.52883339216 4966.70162180093 4435.29874980254 4592.92934846597 4890.10480460286 6115.6561381425 5898.62272060182 4613.90561238524 5399.4212652839 4328.39462156583 5375.75576082098 5237.66407857549 6097.74548501329 6279.3809408253 5020.52039135387 5015.78757524678 5230.73847558832 4973.0523825916
3758.73981541686 3169.77917211909 4069.24440160578 3527.304211434 3744.16212255826 4245.73315223649 4329.04435181715 4088.16890551259 4334.45498303997 5201.32194735146 3906.64498003082 3572.55160914437 4091.60726365569 4227.66188335822 4163.00672591337 4366.70642475539 4152.55945171168 3903.60410390193 4247.42569093327 4288.13770767684 4750.92096335016 4389.54724316757 3925.95529775875 3978.45761570989 3743.49435688101 4109.7445176069 4023.99055664896 4041.65807559224 3942.15994094608 3850.64929589803 4316.97231865112 3755.24633013601 4596.60200582996 4581.07520130373 4847.48646207496 4721.03007827741 4932.29155667018 4776.832109254 5261.95068391942 4183.37483379149 2785.11669414407 2644.21538457063 3426.45954302688 6012.69490328588 2425 3063.90273997071 3169.58199136732 3521.3633723318 3553.60732214464 3664.52589020735 3012.68152980032 2827.76413443554 2760.77434789589 4211.51694760926 3888.68551055495 3485.86431175971 3945.32951729003 3571.67677708944 3551.14418180958 3542.06860464334 2627.26093108393 2401.56199170457 3317.47268263056 3125.39997440328 2824.11490559432 2804.1264236835 2255.68725669141 2283.77428832186 2842.9737951659 2082.51650653722 2532.4148554295 2405.85223985182 2376.44692766323 2415.70383118461 2535.00493096167 1743.20107847603 1840.68601342 3556.24450790437 1913.92920454232 1453.22916293336 1817.62207292935 1487.23737177358 2518.0597689491 2225.7021364055 2745.67842253968 2148.54601998654 1997.18551967513 1733.85408843997 1014.27313875504 784.219357067906 1536.43255628095 1539.88635944345 745.821694508815 1322.40311554382 1990.13190517614 2369.7309973919 2277.74559597862 1786.75683852056 2201.98773838548 1167.79707141267 2519.17645273212 2115.41958013062 2437.33973832127 2071.68409753997 1221.93494098499 1484.50328393035 2075.60232221878 2199.28965804871 1340.00932832574 1547.98255804127 889.170962188937 757.462870377156 1485.13467402791 415.331193145904 1169.66875652896 726.722092687432 1556.63900760581 730.154093325512 0 1466.92706021806 1290.34879005639 617.454451761423 1514.5131230861 2057.00024307242 1106.79718105893 1055.04739230046 1993.11314279947 2111.13121335458 1733.67384475858 2042.36382655001 2127.49853113933 1048.80884817015 1393.51175093718 1298.07549857472 1850.16891120784 1969.45423912311 2047.40689654011 1649.43172032067 1072.67189764625 1290.34879005639 1818.30965459682 1657.18134191766 1982.4227601599 2289.78710800808 3619.56489097792 3157.62964896139 4720.76529812699 5242.79267184961 4144.65016617808 1969.2955593308 2362.3346502983 2144.46963140073 2696.98906189847 1847.29532019112 3080.28001973847 3001.14561459453 1856.4078215737 2406.37175016663 3279.9580790004 4125.90899075586 1764.05073623181 1884.47605450428 1389.69421096873 2805.79756931964 3758.73981541686 3060.33086446547 3621.46379244636 3926.03489541293 2556.97575272039 3561.1620294505 2829.97349810913 3791.93222513272 3637.13486139846 3648.11595210459 2793.07178568686 3637.82215068302 5543.29549997111 4769.76152443704 4983.53539166724 5747.28196628632 5215.60159521411 4401.34922495364 6095.23379371128 4845.87453407535 6080.03906237452 6114.99182337965 4527.76158824645 5429.7214477356 4893.49057422205 4706.44504907898 5410.00231053555 4689.68282509596 4222.33643851363 4943.55641213894 6285.74776776797 5409.54018378642 4671.45587584856 4272.73331721042 4408.86890256447 4467.52168433462 5760.26258082043 5973.1168580566 4581.07520130373 5461.74193824644 4266.80501077797 5165.93408784897 5183.7486435976 6025.62237449378 6146.1369981477 5177.23381739709 4951.89357720862 5118.10511810768 4897.00163365298
3659.40568945287 3137.17627812018 3565.89750273336 2462.72207120495 3282.24389709235 2868.90658614044 2907.96320471907 2665.75505251327 3157.03579327191 5049.31926104896 3066.34962129239 3700.84449821929 3569.05099431207 3929.5355959706 3979.1644851652 4464.44285437724 4153.68812021317 2684.91154416677 4294.32765401058 3205.65905860246 4160.00300480661 3903.36393383963 3583.46898968025 2631.77696623403 2972.47792254207 3180.70353852729 2963.4228520412 3038.40007240653 2927.66972180948 2505.36923426468 3055.01636656827 2530.316185776 3375.74065947016 3826.30696625349 3729.10847254407 3774.08929412117 3985.20702097143 4132.0394480208 5181.81917862829 4312.04707766509 2855.69606225873 2504.99500997507 3723.40569908787 6121.83591743523 2667.16141243832 2959.20175047258 2625.95220824752 2927.77646004609 4012.94779432776 2508.11183961162 1878.33037562618 1577.37915543474 1768.47391838274 3248.46117415616 3167.80681229143 2775 3237.08974234574 2794.19040152957 2779.16354322663 2676.40150201721 1936.97573552174 2121.76223927187 2533.03178029807 2547.79316271945 2257.48754149386 1791.99609374574 2094.93436651366 2349.2019921667 3159.41054628866 1517.39909054935 1742.48385932266 2305.1572614466 2063.21957144653 2471.08275863031 2913.0096120679 2251.24965297054 1836.09640269785 3946.20070447513 2191.74587943037 2003.74649095139 1051.48704224065 887.411967464942 2956.98326001349 2947.56255234728 3515.05689854375 2543.74232185573 2356.5069488546 1728.61939130625 1571.0267343365 1472.03091000155 1428.72320622295 1340.94183319039 1797.39394680187 2060.49144623316 1320.51126462443 1299.5191418367 1062.42646804379 1887.29303501073 1501.87382958756 1610.31829151879 1722.09900992945 1497.2892172189 1610.51234084064 2274.86263321546 1593.34553691282 1038.32798286476 1556.83974769403 1662.82891483159 2084.16650006663 2174.42521140645 2203.6900871039 1999.53119505548 555.652769272322 1755.52698640608 2072.13657851021 1980.21463483129 1270.33460159125 966.307404504384 1466.92706021806 0 389.711431702997 1426.75330733803 2621.66454757278 3273.09104670188 2442.71877218807 1948.39677683987 2700.34719989856 3110.0643080168 2864.65530212624 3083.52476883193 3015.48089033905 2339.20392441531 2567.58641529355 2532.1680433968 3091.72282069399 3101.31020699317 3100.80634674273 2896.7654375182 1328.06249852934 2412.85619132181 2738.72689401481 2832.95340589993 1639.16899677855 2975.52516373161 3455.15918591315 3487.2983812688 4416.02196552508 4995.24774160401 3713.99380721078 2907.10336933519 2458.91236118736 2222.18923586629 2172.69993326276 1876.66592658363 3130.29551320638 3018.69176962472 2300.13586555229 2398.6975632622 2993.11710429111 3771.10726445165 1908.53346839923 2012.61645625787 2217.1208807821 3482.36629319777 4158.87605008853 2842.75394643997 3475.17985146093 4183.67362493778 3324.7180331571 3996.87377834227 3260.08052047798 3751.41639917512 4032.13653042652 3626.72372810502 3532.43895913291 3718.95482629192 5808.93708005174 4516.4975368088 5427.82184674479 6255.44762586979 5464.1444893048 4470.45858945142 6372.98987916975 5404.33853491803 6195.56292841901 6423.29743978901 4726.12420488501 5634.93566955294 5083.61338026408 5106.73574800968 5742.71277359403 5066.43365692279 4886.07715862122 5018.77724152009 6279.23164089365 5420.44739850872 4717.18931144384 4232.68531785674 4151.95736972335 4781.01715119283 6114.22521665664 5424.13587587922 4551.99132248734 5195.06977816468 3790.28363054798 5303.06515140065 4613.36374026588 5715.00218722618 6192.48536534403 4604.41364345125 4613.36374026588 5107.53120401628 4711.55494502611
3555.01406466979 2985.38104770564 3808.70712972263 2851.64426252645 3557.56236768943 2967.11138988748 3078.65636276607 2915.58313206809 3274.52286600659 5131.8856183668 3378.88665095472 3725.67108049006 3599.47912898519 3917.03012497989 4116.81005148404 4500.06944390862 4245.73315223649 2933.53455749204 4290.46908857295 3123.39959019015 3915.19475888493 3636.70523963656 3281.10118710167 2800.11160491863 2919.11801748405 3388.95264056611 3237.66891451242 2972.37278954037 3019.62332087961 2839.45417290014 3203.31859171079 2902.04669156097 3360.24552674354 3626.12051647487 3692.98321144302 3638.42342230807 3874.59675321187 3907.76470632509 5300.05896193618 4462.41246412745 3098.68923901704 2673.36398569293 3758.40724243661 6262.78691957502 2876.73860473975 3181.58765398661 2979.72314150157 3137.67429794745 4069.16760529718 2457.89544122609 1801.04136543279 1641.26475621699 1661.88898546203 3404.68427317424 3150.69436791321 2692.8145127357 3034.48924862159 2663.99605855564 2568.19489135852 2728.32366115166 2229.91031209778 2375.39470404394 2850.1096470136 2894.49909310748 2569.16815331344 2110.83514278117 2228.36823707394 2592.89895676634 3312.47641501038 1832.17766605753 1968.660712261 2576.4558990986 2347.87137637478 2369.20345263973 2912.68776218804 2222.89226009719 2025 4139.67088063773 2039.76101541333 2053.50310445346 1358.76782417012 1175.53179455087 3136.18000121167 2913.97494841668 3596.00472747186 2710.85779781972 2203.12278368683 1552.01481951688 1428.72320622295 1367.47943311773 1310.77267289183 1016.73497038314 1532.56321239941 1715.00728861425 1123.88833964945 1175 1134.95594628162 1540.29218007494 1232.37575438662 1303.36103977371 1550.40317337137 1319.09059582729 1501.87382958756 1948.55715851499 1210.63000128033 668.019460794369 1310.77267289183 1556.23744974859 1945.02570677099 1929.05417238604 2055.02433075621 1765.29034439097 781.424980404389 1553.22245670091 1719.19312469542 1704.58939337308 1051.48704224065 776.611228350453 1290.34879005639 389.711431702997 0 1133.02691936247 2615.57832993011 3216.55872012311 2320.56027717446 1962.30094531904 2790.60925247517 3089.80177357707 2693.16263898042 3097.37792334097 3066.55343993872 2115.41958013062 2439.64649078509 2446.42596454501 2974.15954514885 3073.4752317206 3119.59532632039 2846.59884774796 1332.52579712364 2230.47080231955 2766.54116181198 2791.72885502873 1294.21791055448 2667.04424410245 3196.28690827341 3149.30547899057 4137.40558804669 4693.81241636263 3464.9134188317 2670.32301416889 2082.81660258411 1914.0924742551 1879.82711971075 1494.15527974839 2787.13562640931 2791.39302141422 2004.68201967295 2181.31267818257 2676.86850629612 3469.96037441352 1748.39211849059 1891.75844123926 1995.93336562121 3220.63658303758 3894.62771006421 2700.11573826012 3259.60120260132 3911.68122423083 3188.35772773382 3796.95601765414 3058.79878383656 3649.82876310657 3933.66877100754 3428.73883519874 3335.97811743423 3557.21098615193 5673.2376118051 4405.18160806113 5235.2769745258 6100.30736930525 5295.51697193012 4272.80645477887 6242.74579011512 5239.51333617923 6023.85881308651 6242.84590551457 4493.9542721305 5422.81061812046 4918.46012487648 4877.8196973648 5622.7773386468 4819.81586785221 4681.67971992959 4820.91796238019 6138.65824101652 5292.74267275484 4598.64110363051 4030.66371705703 4105.8647079513 4657.38660624175 5888.81354773608 5289.67153989735 4263.06814395454 4943.49319813429 3749.74999166611 5056.86414687996 4632.3590102668 5569.39179803325 5930.85154088348 4427.89453352268 4478.69958805008 4855.40935452409 4508.67219921786
3870.4812362289 3230.90544584641 4478.00178651148 3742.74297808439 4187.48134324202 3950.31644302074 4091.83638480328 3939.78108528888 4012.32476252858 5567.65210838465 4232.68531785674 3966.34277389133 4245.43872880059 4407.73467894791 4585.50706029333 4760.44903344212 4586.39291818745 3755.41276027017 4568.71152514579 3922.61073776127 4252.49926513809 3923.40732017465 3439.02239015683 3902.0026909268 3660.9425015971 4309.43731825862 4225.07396384963 3799.50654690843 3958.77190552828 3928.58116881909 4029.11280556899 3911.28175921909 4204.61056460643 4125.53026894725 4390.68616505439 4227.95754472535 4415.7388962664 4214.92882502184 5697.53236059261 4719.30874175445 3191.10090721055 2728.66725710556 3889.16764873925 6532.323476375 2880.64662879708 3276.24022318267 3538.53783362563 3477.24747465578 4087.86313371669 3253.84388070479 2681.88366638078 2510.47804212664 2316.3818769797 3966.50034665321 3460.22036870486 2999.79165943237 3388.49155229875 3046.41182376907 3052.15088093626 3187.67156401032 2730.61348418263 2628.45011366014 3659.4910848368 3527.48139612387 3025 2829.64220353033 2277.47118532815 2759.1891924984 3428.37425028249 2330.9064760303 2794.9731662397 2896.22599256343 2672.77945218082 2609.9568961958 2985.79972536672 2210.48637181956 2105.20189055587 4156.69640459825 2108.76148485314 2025.61718989546 2104.4595505735 1748.03461064133 3087.575909998 2735.87280406089 3362.10499538608 2733.35873971932 2212.18218056289 1806.23918681884 1342.10655314695 1226.27484684307 1679.84374273323 1297.11217710728 883.176086632785 1116.91539518443 1811.249568668 1993.26992652776 2000.15624389696 1492.06233113768 1806.58517651397 1082.24304109567 2028.54627751008 1632.09987439495 1988.24671507336 1848.14095782762 749.583217528247 1097.72492000501 1546.9728504405 1765.82133864103 1715.18949390439 1657.93546315893 1389.91906239176 1031.98837202751 1638.02472508812 835.912674865024 792.543374207368 593.190525885234 1089.43792847505 872.13817712562 617.454451761423 1426.75330733803 1133.02691936247 0 2086.56416148653 2428.21951231762 1448.70631944504 1529.0928683373 2607.92062762654 2694.09075570961 1715.55384642978 2637.94427537808 2740.66597745876 1035.01207722422 1542.11705132911 1858.42675400458 2056.84831720766 2550.24508626132 2555.99784819941 2187.89282187222 1151.35789396695 1252.49750498753 2233.55098441921 2077.2578077841 1454.73365259762 1800.8678463452 3015.16997862475 2571.35664581948 4108.6037774407 4644.1495453958 3540.92149023386 1691.33822755828 1877.99760383234 1537.44918615218 2181.45593583735 1317.66839531044 2469.94433135648 2451.14769036874 1303.84048104053 1874.33321477266 2696.87318945478 3572.55160914437 1366.79369328366 1544.34452114805 1086.85325596421 2383.01279895849 3250.48073367617 2572.57167052737 3053.07222318765 3374.1665637606 2399.60934320568 3149.30547899057 2415.31571435289 3386.0005906674 3379.90384478612 3118.49322590253 2502.49875124844 3177.85304883659 5167.38570265468 4289.59496922495 4584.9618319022 5428.62781925599 4786.56975296506 3887.23873720151 5730.45591554459 4532.52137336384 5606.07928948566 5687.32142576802 4004.13848411865 4930.83410793752 4452.38700025054 4243.45083628879 5082.62973272695 4197.84170735391 3887.88181404734 4429.02359442801 5818.66608424989 4967.70822412106 4256.31883204254 3730.78409989107 4021.58240000127 4130.98051314697 5288.37167755823 5412.5433023672 3970.51633921836 4847.48646207496 3840.32876196817 4613.09278033729 4807.93614766253 5485.72009858323 5561.81175517475 4592.11280349253 4426.20040215081 4531.41810033018 4325.7224830079
4451.7552718001 3999.53122253096 4007.33702101533 3805.34164037869 3555.45355756477 5474.60044204141 5436.62349257331 5031.96035357991 5417.67939250746 5203.12406156148 4053.4707350615 3589.65527592832 4729.29698792537 4777.61708386095 4069.4747818361 4305.01161438619 4003.59213706891 4720.36810005322 4407.02564095105 5690.836933176 6250.1999968001 5862.75319282673 5400.2893441 4995.6856386286 4833.08907428779 4629.11978674132 4508.46426180801 5332.09621068487 4855.98857082675 4507.35510027777 5384.35232873927 4213.14905978889 5968.45876252823 6063.31180131782 6224.19673532256 6198.23563604999 6373.87244930427 6285.84719827009 5036.18158925986 3613.60277285703 2176.72345510402 2793.85486380377 3204.00140449407 5413.52472978558 1715.55384642978 2854.16362530252 2962.26264871972 3918.38614738262 2983.81048325794 5055.81348548381 4394.17227700508 4071.08707841038 4155.49335217854 5049.56681310387 4997.81202127491 4738.5388043151 5430.75731367182 4951.07311600223 5051.29933779419 4594.28993425535 2990.19230150838 2437.46794850722 3468.51913646155 2969.95370334287 2926.70890250465 3388.67599513438 2641.14085198045 1748.39211849059 2102.08230095779 2354.91507277863 3072.96680750053 1977.53002505651 2326.20936289062 3111.37027690373 2504.24639362823 1901.31533418315 1917.84384140107 2394.91649123722 2688.05226883705 1310.77267289183 2373.28885726116 2093.59141190443 1451.93835957316 1939.39423532195 1514.10039297267 1320.98448136229 2693.7427494102 2784.10667899059 1906.56759649376 1628.26594879338 2549.63232643454 2948.09260370159 1910.17014948931 2584.81140511257 3314.64553157649 3772.68140716918 3501.16052188414 3171.15909408532 3671.34171659354 2469.5647389773 3938.43242927945 3483.71210061911 3775.993246816 3346.73348206875 2706.12730668755 2966.26869989892 3509.36247771586 3435.56763868796 1886.96184381137 2479.16316526363 1145.91666363658 1675.93257620944 2433.74711093819 1492.89986268336 2471.2092181764 1880.32576964738 2905.70559417158 2028.08407123571 1514.5131230861 2621.66454757278 2615.57832993011 2086.56416148653 0 1152.71418833985 1031.38256723681 892.678553567856 940.079783848158 1214.75306132563 2002.96654989543 650 852.936105461599 1740.33042839571 1505.19932234904 786.606636127614 1533.5824073065 787.400787401181 693.271231193102 403.887360535088 1866.98286012486 1835.41548429777 997.496867163 797.652806677191 3495.53286352739 3344.49174016023 4959.20860621934 4417.64926176807 6171.45647315121 6705.82768940569 5597.93488708113 2664.93433314969 3807.31204394912 3517.98948264488 4209.36456012068 3344.58517607191 4495.34481436074 4186.66036358337 3085.24715379498 3617.57861006503 4778.27113085894 5625.99991112691 2842.20425022552 2855.91491469897 2314.08729308123 3650.85606399376 4740.05537942332 4178.89040296584 4851.93260464323 5025.55967032529 2890.82600652478 4328.75559485633 3679.67389859482 4635.59597031493 4082.43187328337 4754.60303285143 3356.89588757233 4571.51506614601 6137.64001876943 5770.2361303503 5626.11100139341 6154.16525614969 5951.57542168458 5411.61944338291 6638.19440812033 5280.03314383537 6919.22141573747 6802.43522571145 5532.91288563267 6336.649351195 5684.29854951339 5525.22623971182 5885.73487340366 5585.75196370193 4735.83413983218 5930.85154088348 7129.73526857765 6220.58076066857 5450.11467769257 5380.40425990464 5234.56063103676 5024.315873828 6566.62965302597 7238.22319357451 5896.29120719118 6830.94978754785 5255.29494890629 6238.63967544207 6052.0657630267 7144.27218126521 7312.9166547965 6560.20197859792 6076.80014481306 6318.92000265868 6095.1312537139
5425.57600628726 4910.57532270914 5127.49939054116 4559.94791636922 4636.40485721426 6009.05566624241 5963.48262343406 5568.94289789364 5660.27826171117 6336.50140061533 5087.79176067575 4697.67229593551 5797.84442702631 5841.82120575425 5220.21311825485 5407.9224291774 5138.45793988819 5059.70601912799 5490.73082567339 6291.90948758801 6654.04012611887 6312.73514413523 5797.03588051687 5834.6486612306 5732.90938355038 5697.03870444988 5527.77079843222 6091.28475775021 5828.86138109322 5325.29341914603 5703.06934904355 5019.27534610326 6459.58590004034 6552.95734764083 6546.5162491206 6577.3759965506 6632.02457775904 6531.31877954215 6164.05913339579 4705.11689546604 2507.11487570873 2733.24440912261 4304.86643230658 6458.81181023259 2147.52764825042 2847.58669753881 3661.1132186809 3916.79077817542 4042.50850339242 5504.88419496723 4992.36917705412 4493.18929047063 4509.78103681321 5135.720494731 4960.90969480397 4779.38280534213 5662.8725043038 5097.36451511955 5449.94266024882 4665.96720948615 3323.58992657036 2723.73823999297 4487.83076775406 3852.51541203926 3294.21842020228 3807.31204394912 2637.82580926035 2436.8268301215 3190.8071079274 2927.13597224318 4098.85654786795 2847.25745235657 2773.76098465603 4089.08608371113 3602.60322544684 2974.26461499309 2229.48985196165 3175.39367638093 3604.5977584191 2431.17769815372 3266.6879251009 2825.44244322902 2211.75835027247 2988.51970045372 2416.86780772139 2322.44483249872 3612.1323342314 3641.59992311072 2782.31019119005 2507.23951787618 3441.74737597053 3585.56132286146 2507.23951787618 3060.02450970576 4042.97229770376 4262.84822624498 3936.60704160321 3740.48793608534 4208.91910114699 3118.09236553377 4230.69143285114 3712.31060122937 4030.12096592646 3950.39554981523 3109.76285269472 3479.04440902958 3757.24300518345 3558.87973946859 2801.89667903726 3230.32506104262 1874.33321477266 2267.98368600835 3252.97940356222 2096.72363462618 2731.41446873227 2086.41438837063 3126.59959060958 2745.33695563951 2057.00024307242 3273.09104670188 3216.55872012311 2428.21951231762 1152.71418833985 0 994.359090067567 1376.81698130144 2022.06577538912 2189.32067089314 1401.11562692021 1543.93976566445 1849.66213130939 1632.86557928079 1076.16216250154 1672.94650243216 698.659430624106 1653.40557637865 786.209259675819 1047.91459575673 2140.53147605916 1527.66161174522 828.402076289045 462.331050222673 3865.39131266163 3043.33287696236 4842.5200051213 4232.09463504776 6188.74987376287 6772.04732706439 5656.02554803282 2180.1662780623 4160.00300480661 3533.76569681692 4592.92934846597 3694.75980274767 4519.61004955074 3957.35075524018 2974.26461499309 3491.86554723976 4988.04821548469 5892.84523808321 2761.45342166041 2723.73823999297 2106.83411781754 3126.69953785137 4240.5040973922 3988.34238750888 4637.75268853353 4616.95245806149 2151.88870530053 3710.20551991396 3186.49493958487 4192.70199274883 3362.66263547207 4423.94055113764 2669.9719099646 4124.92424172857 5371.04505659746 5392.29774771386 4853.67129088899 5247.49940447829 5256.54354114945 4944.25171284796 5829.93353306879 4405.82001448085 6271.61263153266 6035.88228844798 5026.61665536571 5726.74645850504 5046.28576281605 4864.47581965416 5067.60545030885 4977.2607928458 3907.92464103391 5418.14082504322 6516.75724574731 5626.44425903252 4874.80768851449 5008.2432049572 4837.54844936978 4289.95920726526 5863.49938176854 7065.98365409941 5691.5507552863 6685.29169146717 5022.13848873167 5760.69657246413 5788.89022179554 6781.7309737264 6894.10980475362 6526.38874110331 5778.08359233405 5968.1446028058 5788.4043569882
4635.25889244603 4070.93355386698 4715.00265111272 4142.68934389244 4298.40086543822 5192.18162240113 5216.85968758984 4904.65340263713 5006.2460986252 5855.65965541031 4625.13513316098 4180.38574775104 5042.19694181019 5111.32321419806 4782.0628394031 4941.21695536636 4715.53284369858 4516.42834549603 4919.92123920699 5341.40664993782 5673.29269472323 5323.35655390469 4813.58753945537 5024.75123762361 4826.61889939531 5036.36773875776 4911.97516280366 5143.44242701325 5004.81018621086 4708.7684164758 5037.7326249018 4502.42989950982 5570.79437782441 5568.99901238993 5703.56248322046 5647.6211806388 5761.29325759417 5601.61806980804 5801.34682638437 4510.3353533856 2625.2380844411 2584.93230085432 3892.05922359874 6320.40346813398 2239.00089325574 2903.87671914632 3477.24747465578 3674.91496500259 3808.62507999934 4614.78601887455 4062.48076918525 3689.68155807517 3635.50202860623 4654.23194523006 4345.90324328557 4055.70585718442 4756.90287897493 4279.23766575309 4492.00678984349 4054.16452552187 2964.37177155633 2514.45819213603 4017.85079364578 3572.20170203196 3059.92238463658 3328.75727562104 2319.61742535272 2338.93672424031 3035.21004215524 2507.36415384762 3427.91846460793 2647.75848596506 2553.91855782443 3294.40814107785 3075.50808810512 2347.07264480672 1930.18781469576 3399.54041011428 2779.5008544701 1901.80834996589 2622.73711988068 2190.1769334919 2337.33288172652 2545.82992362019 2530.56317842491 2200.28407256881 2810.0266902647 2743.85677468778 1928.40607756769 1671.82534973005 2566.73430646805 2608.3998926545 1560.04807618227 2096.72363462618 3092.83446049089 3352.33127837927 3132.98978613081 2754.54170416786 3237.47586863593 2153.19530001345 3349.44025174357 2860.94390018399 3200.48824400278 2985.2763691156 2116.74868607494 2513.21507237244 2863.67334030961 2793.18366743041 2030.54795560213 2351.3294112055 1110.46161572564 1358.76782417012 2463.3564500494 1158.66302262565 1765.82133864103 1109.33538661669 2265.08829849964 1827.73767264342 1106.79718105893 2442.71877218807 2320.56027717446 1448.70631944504 1031.38256723681 994.359090067567 0 873.570260482807 1916.37678967368 2006.70750235305 1020.11028815516 1625.1922963145 1869.82619513152 758.287544405155 567.340285895511 1187.43420870379 795.691523141977 1605.84868527517 1269.59639255946 1011.4964162072 1448.4905936871 830.662386291807 1082.24304109567 699.106572705478 2895.68644711405 2342.14111445062 4070.47294549417 3462.38718227757 5332.03760301819 5886.5843236974 4796.67853832212 1639.55024320696 3180.90002986576 2673.24708921566 3621.63637048227 2710.62723368596 3640.82751582659 3275.95405950694 2164.19731078291 2759.64218695105 4046.98962192887 4935.90164002485 2051.06679559687 2084.16650006663 1358.76782417012 2627.26093108393 3726.3420401246 3358.29197658572 3954.11178395351 4026.31965944086 2002.03021955214 3353.63608639936 2714.54416062808 3797.53209334694 3252.11469662434 3833.56883334576 2378.81272907306 3660.08879673704 5239.33440429221 4921.1914207842 4661.34369039658 5260.10931445346 5006.74544989058 4456.66635502367 5751.68453585556 4367.20734566153 5967.14965456708 5846.41984465707 4541.26909574846 5348.53952028028 4744.33873158315 4522.51312878139 5020.76936335458 4572.26694321318 3770.36138851437 4966.76454042267 6213.14131498713 5325 4571.92519623845 4442.26856459625 4472.20583157797 4146.2332302947 5565.79958316862 6408.44169826019 4952.65080537685 5926.68752339787 4524.17119481569 5240.88494435816 5391.77614520484 6253.04925616295 6316.6446789415 5752.49945675791 5217.39877716856 5346.02656184946 5170.89208937878
4520.37056003156 4006.63512189468 4065.17219807476 3302.08267613032 3589.65527592832 4727.64476245836 4671.45587584856 4272.14817158769 4551.16743264846 5499.26131403119 3873.79013370626 3917.42900382381 4693.94556849566 4851.93260464323 4318.13038246878 4680.67836963832 4345.47178106129 3891.97893108377 4706.64423979548 5085.39575647756 5706.30134149959 5384.23625038872 4931.91139417569 4471.57690306227 4546.49590344036 4432.05652039773 4223.52045099819 4863.19082496256 4541.88837379344 3967.13057511345 4536.31182790601 3702.19529468665 5243.74627532645 5506.18969887526 5429.20344065315 5498.29519032945 5602.06435164752 5620.72059437222 5401.73583211915 4060.63418692204 1857.75402031593 2024.53698410279 3637.47852227336 5928.16371231429 1474.36426977867 2251.24965297054 2605.16314268416 3103.72759758327 3556.15663322076 4318.34748486038 3761.06700285969 3271.18097940178 3384.3389310174 4169.38244827696 4116.5823203235 3884.98712996581 4712.08552553962 4141.70858463026 4405.82001448085 3704.97975702972 2218.81161886267 1740.15085552949 3260.17637559688 2727.86546589087 2256.93376065847 2604.5633031278 1796.87228260664 1501.66574176812 2523.01902489854 1678.16864468384 2812.2499888879 1821.74367022367 1715.55384642978 3139.86464676425 2845.28118118403 2117.04392963396 1159.20231193696 2857.66513083671 2696.06194290858 1468.41751555884 1913.60262332596 1452.15357314576 1690.78384189109 2432.20578899073 2239.83816379666 1540.08928312614 2758.73612366243 2600.60089210167 1775.3520777581 1447.62736918034 2319.21322866182 2519.5485706769 1724.27521005204 2356.5069488546 2866.1821295933 3068.18350168304 2703.0075841551 2829.8630708923 3092.83446049089 2191.60329439431 3171.06054814474 2689.91170858822 2962.89554321444 3111.87242669104 2239.6986404425 2372.36696149647 2761.11390565474 2591.57288147565 1992.79953833796 2455.22402236537 1308.14754519511 1602.53705105373 1906.23975407083 1282.81916106675 2132.48681121361 1518.63425484874 2123.97033877594 1575.19840020234 1055.04739230046 1948.39677683987 1962.30094531904 1529.0928683373 892.678553567856 1376.81698130144 873.570260482807 0 1463.08748883995 1958.63472858009 1634.77827242718 1510.58763400208 1599.02313929474 1392.16557923259 1123.05387226081 1305.03831361382 1436.14066163451 1639.16899677855 1184.79956110728 1190.06302354119 990.580637807947 1357.61739823855 837.779804005802 922.293337284836 2884.98266892541 2829.97349810913 4244.48171158741 3869.59300185433 5517.47224732486 6122.39740624537 4891.57438868101 2189.74884404582 3388.03040128037 2841.76441669608 3604.94452107102 2831.62938959179 3917.42900382381 3447.28153767574 2448.08598705193 2852.19213939033 4181.80583002128 5076.41605859882 2039.30135095331 2034.85257451246 1697.6086121365 3120.99743671795 4144.72556389443 3360.24552674354 4095.80578152822 4398.36617393323 2359.55504279938 3704.89541012968 3017.75993080961 3848.1326640333 3440.29431880472 4003.82629493339 2830.30475390902 3824.34634937789 5500.79539703123 4959.4606561601 5055.81348548381 5640.31249134301 5300.76645401398 4695.6096515788 6019.86295525073 4764.51728929595 6237.28707051391 6196.47076972045 4873.52541801107 5687.15658303866 5003.81104759163 4937.99048196734 5278.96770211753 4997.87454824548 4253.38100809227 5227.03309727421 6405.36884183885 5486.46060771423 4710.69262423266 4640.91855132149 4408.37271564009 4378.14172909009 5983.83238401612 6416.77489086223 5250.29761061218 6132.29157819489 4392.18055184438 5584.91271194098 5182.84429632996 6349.11411143318 6666.1926914844 5776.51495280675 5264.20696781576 5638.0958665138 5342.40114555244
4157.29780025439 3824.26463519459 3177.85304883659 3372.22107816199 2711.77985832184 5470.94598766977 5391.02263026228 4934.12859581102 5584.35314069589 4475.90772916511 3336.44646293028 2984.22938126411 4247.20496326702 4309.07472666697 3277.67066679982 3650.42805709139 3253.26758813351 4750.85518617438 3850.08116797555 5729.80147998166 6507.78380095713 6102.91938337711 5701.80892349086 4711.75391972034 4611.26338436659 4025.23291251575 3912.16052840371 5240.46753639406 4475.2793208916 4114.00048614484 5486.68843657082 3773.17836843158 6048.03687158073 6239.0904785874 6423.63798793176 6416.2391632482 6654.69758892168 6638.19440812033 4229.13998349546 2730.95679204194 2064.43091431997 3115.58581971353 2555.50875561012 4555.76557781456 1615.74286320565 3017.44925392292 2492.23795011632 4141.55767797576 2268.94799411533 5203.24418031674 4462.7625973157 4222.11439920806 4415.52658241347 5271.3257345757 5414.5059793115 5160.30522353087 5789.05216766959 5333.0924424765 5308.54264370175 4923.54039284741 3035.62184733211 2516.94258973064 2795.19677303763 2339.47109407233 2870.6488813507 3382.39929635754 3014.23705106284 1429.37923589228 1176.86022959398 2276.37321193165 2594.34481131557 1413.55049432272 2261.63657557973 2881.51435880511 2000.31247558975 1594.91379077366 2125 1613.03285769385 2596.27136486154 952.299847737046 2093.74067162101 2038.84158286023 922.293337284836 1564.84823545288 847.791247890658 575.543221661067 2596.39172699344 2758.84939784686 1975.79098084792 1739.97126413053 2483.57101770817 3141.05873870579 2303.52989995789 2993.95223742798 3362.01204637937 3956.71896904493 3675.3401203154 3434.38495221488 3875.72573849079 2725.11467648611 4270.97763983845 3876.53195524041 4114.68407049679 3574.47548599791 3134.58529952528 3239.40580971264 3913.837630766 3868.05829842313 1910.00654449141 2633.20147349192 1610.31829151879 2122.20404297042 2346.40682747046 1960.86715511276 3041.4840127806 2543.74232185573 3351.95838279654 2223.31396793166 1993.11314279947 2700.34719989856 2790.60925247517 2607.92062762654 940.079783848158 2022.06577538912 1916.37678967368 1463.08748883995 0 995.929214352104 2899.67670611743 728.868986855663 425.73465914816 2553.91855782443 2384.7169643377 1209.33866224478 2461.83366619274 953.283798246881 1331.11795119741 1201.3013776734 2315.30235606497 2674.41582406327 1678.16864468384 1688.56447907683 3859.08020129149 4123.48457011785 5561.36224319186 5115.47896095761 6695.00746825573 7208.80537953412 6086.1009686005 3518.61123172197 4211.66534757927 4106.24524352845 4527.27843190586 3759.65423942149 5072.28991679301 4846.32592795821 3767.79113009201 4235.34237104865 5218.29713603969 6011.70732820552 3449.90941910074 3466.44630709896 3073.4752317206 4487.20402923691 5541.04006482538 4769.76152443704 5482.92804986533 5785.21823270307 3736.39197622519 5142.65252569139 4460.80149748899 5301.76857284435 4855.02317193234 5434.49629680617 4217.96752002668 5283.58306455004 6933.6588465254 6398.48614908245 6474.42082351773 7010.08202519771 6750.92586242806 6144.66231781698 7439.88407167746 6141.2539436177 7696.54955158479 7631.71835172132 6305.20618219579 7132.45224309283 6461.71416885643 6359.88403982337 6685.85260082811 6410.97691463633 5620.3313959232 6678.60389602498 7867.5361454524 6946.80682040317 6169.27872607487 6073.19932160966 5828.21799523662 5809.36743544424 7407.63963756337 7769.85360222443 6552.95734764083 7426.17835767496 5775 7001.20525338316 6522.7486537502 7777.73263875791 8051.24214019179 7050.44324847736 6681.78494116654 7024.42168438086 6749.30551982943
3758.82295406421 3433.92996434115 3526.77260395393 4188.9736213063 3223.44923955691 5919.30105671269 5937.27631157587 5575.05605352987 6178.74380436671 4250.66171319243 3896.79355367974 2634.62521053754 4132.56881370414 4042.12196748193 3257.10761259127 3278.90987982287 3061.96423885061 5476.65500100198 3437.47727265214 5887.38057203711 6443.45598262299 5972.1227381895 5548.08525529304 5082.44527761982 4568.16429214187 4312.98910269896 4361.98062810921 5313.36757621755 4628.30962663476 4748.35497830565 6092.87493717047 4500 6362.24213622839 6234.02959569491 6778.91953042666 6592.8939017703 6917.50496927902 6703.26413025774 4070.78002353357 2737.47146103845 3025.30990148117 3891.33653132185 2171.6928880484 4419.48809252836 2562.46951201375 3899.59933839363 3437.02269413514 4945.38926678174 1888.45174680213 5511.63541972798 4687.28332832569 4677.67303260927 4734.44822550633 5967.83042654531 5909.52620774288 5560.63170871799 5947.16318928613 5644.90921096168 5410.75318232129 5483.66893603179 3862.2370460654 3382.58407138684 3397.97733953598 3187.27940413137 3771.43871751882 4160.6790311198 3716.01264798709 2403.90307624912 1548.1844205391 3095.15750810843 2972.58305182547 2350.79773693953 3164.94470725793 2579.97093006879 1625.76904878891 1351.15691168717 2908.82278593936 2236.06797749979 2276.78501400549 1192.68604418766 2671.72696958353 2673.01328092473 1880.49195690915 951.643315533714 1004.05428140116 1542.11705132911 2210.91044594755 2610.6752000201 1885.63649731331 1769.71042829046 2459.92886076 3123.39959019015 2112.6109438323 2724.541245788 3423.26598440729 4234.53067057023 4131.73692289332 3264.48694284416 3973.74193928091 2572.57167052737 4552.26591929777 4188.89902002901 4475.06983185738 3288.23660949148 3084.43673950367 3369.06886246037 4151.65629598598 4259.40136638941 1574.40464938338 2251.24965297054 1356.92667451119 1873.66619225517 2751.59044917662 1883.31489666492 2868.57978797871 2475.12625940577 3648.11595210459 2367.75209851032 2111.13121335458 3110.0643080168 3089.80177357707 2694.09075570961 1214.75306132563 2189.32067089314 2006.70750235305 1958.63472858009 995.929214352104 0 3006.86714039713 800.390529679106 775 2543.00511206722 2563.20112359526 895.474734428616 2570.74891811705 548.292804986533 1716.82847133894 1155.96280216969 2806.46574894475 2800.33480141215 2200.71011266818 1947.59467035623 3932.15907613108 4105.63636967523 5694.56978181847 5055.81348548381 6713.51249347166 7124.95614021588 6192.63675666513 3578.58212145537 4035.62262854197 4217.00426843512 4576.63905065715 3711.72129880464 5026.05710273968 5056.18433208284 3863.04607790277 4482.60526926028 5200.36056442243 5925.4746645311 3779.55023779285 3844.23269326923 3228.48648750463 4541.13146693641 5615.49196420047 5117.49450414947 5700.60303827586 5858.38074897834 3996.09184078645 5339.70972993851 4674.46521005344 5704.877299294 5229.06540406601 5679.84374785082 4376.1427079107 5585.30437845602 7243.87672451706 6783.15929342663 6657.79618192086 7241.76256169726 7005.84577335242 6372.00910231616 7754.19241442976 6355.46025083943 7950.31445918965 7846.73498979034 6452.42202587524 7304.45069803336 6732.98782116825 6483.7296365595 7015.96393947403 6502.21116236623 5745.97685341666 6896.78367066852 8187.71946270755 7295.11823070744 6536.19728894408 6299.65276820874 6319.11781817684 6144.15372529041 7528.52907280034 8082.46558916275 6580.13107772178 7508.57842737225 6263.68501762341 7110.90711512955 7102.86033932809 8090.04017295341 8109.67786043317 7276.5462274351 7021.44037929541 7127.89414904571 6963.74540028568
5361.78608301376 4740.3190820872 5625 4688.68318400806 5195.73142108019 5303.83116247114 5345.09120595711 5089.08144953488 4867.30161383081 6807.11943482704 5418.14082504322 5126.76798772872 5813.83049288505 5910.68946908903 5747.49945628532 5898.41080291972 5694.56978181847 4559.05692002195 5825.8046654518 5495.33893404219 5621.99919957305 5345.32506027463 4802.73359660933 5481.10390341216 5368.01872202398 5794.44777351561 5628.55443253417 5490.73082567339 5618.82994937558 5216.85968758984 4977.51192866476 5044.92319069379 5601.95278452077 5603.84912359353 5557.09006585281 5548.98639392817 5537.20371667866 5369.82308833354 6791.26276917629 5523.69894183237 3129.89616441185 2563.93252641328 4875.5768889435 7340.00170299708 2844.95166918526 3040.6619345136 4099.61888472575 3558.87973946859 4821.43650792998 4632.29154954651 4268.56240436988 3750.41664352109 3599.82638470246 4442.26856459625 3926.98994141824 3686.54648688986 4529.48672588849 3988.57744064221 4455.47416107422 3777.15170465789 3194.62439106697 2824.11490559432 4805.33557621109 4313.49626173479 3380.64342988136 3556.15663322076 2285.00547045297 3047.53999153416 4032.13653042652 2985.17168685488 4187.03355611106 3439.29498589464 3001.77031099983 4062.17306376772 4033.06645122542 3280.52968284087 2305.69946003377 4297.81921443888 3524.37937798983 2869.01551058895 3307.09464636257 2775.56300595032 3174.70471067783 3525 3505.97703928591 3121.19768678628 3571.15177498801 3390.15117657015 2694.78663348325 2471.46211785655 3249.80768661778 3001.35386117665 2155.95106623504 2460.30993982466 3525.9750424528 3484.78837234056 3250.57687187982 3085.55100427784 3434.83987981973 2656.24264704865 3259.69707181511 2743.74288153974 3091.72282069399 3362.84849495186 2322.44483249872 2757.37647048784 2759.30244808357 2584.81140511257 2866.83623529493 2995.9347456178 2004.68201967295 2035.46677693349 3063.29071424832 1867.65226956198 1922.23827867411 1386.99315066802 2206.52441636162 2418.93571638438 1733.67384475858 2864.65530212624 2693.16263898042 1715.55384642978 2002.96654989543 1401.11562692021 1020.11028815516 1634.77827242718 2899.67670611743 3006.86714039713 0 2587.83210429116 2852.52081499855 812.788410350443 525.594901040716 2179.59285188771 717.635004720366 2581.0608284192 2008.41977683949 1955.44112670262 1715.00728861425 469.707355701398 1617.67580188368 1375 2933.53455749204 1681.88881915542 3511.85492297162 2885.52421580551 4886.20507142302 5495.79384620639 4392.60742611948 782.623792124926 3226.64686633043 2316.92144881953 3619.13318351232 2765.97631949372 3262.85917563109 2631.30195910694 1705.32255013531 2246.6641938661 3839.92187420526 4767.86115569655 1681.88881915542 1679.47164310684 901.041064547005 1735.83553368399 2851.97300127473 2779.61328245495 3309.55057371843 3218.01569293874 1065.36378763313 2406.50161022178 1849.83107336859 3030.36713947337 2359.68747930738 3093.64267490607 1384.06105356664 2847.47695337469 4270.97763983845 4170.88120185651 3659.06408798753 4255.36426172895 4042.35389346356 3607.45755345784 4775.8507095595 3359.03632013707 5022.32515872877 4852.44783588654 3660.08879673704 4410.64054305041 3807.31204394912 3556.15663322076 4055.24351919832 3633.35244643291 2751.59044917662 4086.79275226919 5299.17446400852 4431.28085320712 3699.74661294527 3661.36927938169 3768.786276774 3203.61124358122 4586.25664349478 5782.94907465041 4309.94489523938 5318.59943970215 3932.7153469327 4379.64039619693 4808.52108241193 5484.18179859129 5498.69302652912 5243.86546356788 4507.97903721834 4574.45351927419 4434.94644838018
4432.90254799268 4058.17077018698 3846.26442148743 4037.40324961478 3414.12507093692 5932.22133774525 5888.28285665694 5464.71636958406 5966.88779850937 4904.58968722155 4054.08744355619 3334.38525068715 4712.35079339389 4700.3324350518 3801.06892860416 3987.55877699627 3686.2921750724 5211.70557495337 4168.55790411984 6100.66594725527 6691.22559775113 6269.51951907002 5821.56551109751 5279.38206611342 5023.32061489211 4665.4313841273 4592.24890440403 5643.91264992647 5014.29207366304 4766.4189912344 5908.57427811481 4445.85481094468 6440.88503235386 6488.35495329903 6759.29915005986 6698.92715291038 6922.33703311244 6808.22113330641 4668.0429518161 3186.00455115808 2425.51540914503 3326.50341950824 2870.21340669993 4917.18923776582 1962.30094531904 3275.47706449 3126.09980646812 4444.23784242023 2524.00970679592 5553.4898937515 4828.94916104943 4592.79326771846 4697.67229593551 5612.31903939895 5619.8865646915 5353.85375220504 5978.76450447749 5541.04006482538 5541.49122529306 5193.74623946916 3457.41955799408 2885.09098643353 3510.43088523332 3046.00147734698 3326.127628339 3851.05505024273 3217.62723136164 1953.6824204563 1751.07110078375 2765.97631949372 3209.45867709806 2076.80644259401 2709.93542358485 3164.35222438969 2306.78347488445 1883.48082018374 2423.9688529352 1995.15037027288 2805.90894364019 1386.76782483587 2667.39573366983 2512.59328185045 1373.18061448595 1693.0002953337 935.414346693485 1261.9429464124 2777.81388865417 3015.99900530488 2178.87585695009 1952.88248494373 2800.55798011753 3346.07979582077 2296.46467423298 2965.0042158486 3675.17006409227 4269.73359824708 4028.10439288755 3546.65335210533 4125.37877048884 2832.62245984176 4499.02767273108 4069.24440160578 4353.8058064181 3659.32029207611 3188.35772773382 3450.9056782242 4082.66150935882 4046.98962192887 2026.85100587093 2691.88595597956 1469.90645960891 2044.19910967596 2803.68061661809 1938.10474433143 2947.35050511472 2412.07897880646 3500.80347920302 2457.76829664637 2042.36382655001 3083.52476883193 3097.37792334097 2637.94427537808 650 1543.93976566445 1625.1922963145 1510.58763400208 728.868986855663 800.390529679106 2587.83210429116 0 367.423461417477 2314.35736220662 2114.38525344839 957.209485953832 2049.84755530747 390.512483795333 949.012644805115 663.795902367588 2477.52396557531 2450.76518663049 1507.48134316813 1325.23582806986 4007.02508102957 3929.1379461658 5570.34559071518 4986.79506296379 6735.12249331814 7231.05282790826 6175.50605213856 3261.42223577383 4247.13138482906 4114.15240359421 4701.99425775915 3832.59050773755 5045.35677628451 4821.63094813363 3693.74471234816 4251.69084012467 5298.28981842254 6107.11675015305 3483.98119971965 3502.32065922011 2941.51321601655 4250.44115357453 5350.75929191363 4823.44534539368 5485.77706437292 5639.259703188 3492.40246821583 4952.08289510586 4314.22067122209 5282.8732712417 4694.27843230459 5397.33730648734 3959.6401351638 5218.11747663849 6748.93510118448 6420.13434438875 6226.60621847889 6722.25780523181 6574.47716552427 6051.91085525886 7239.86360368757 5856.30002646722 7550.20695080605 7410.17037590905 6160.00202922045 6961.54616446663 6315.95202641692 6134.3805718263 6482.4281716036 6194.20091698679 5310.89681692273 6568.67566561175 7768.24465371682 6860.2569193872 6090.25861519854 6021.52389350071 5876.48917296714 5639.48135913224 7171.34053019378 7873.17439156532 6491.24410263549 7431.81505421119 5895.81419313736 6860.43912588691 6679.44608481871 7792.18358356629 7925.03943207856 7169.81519984999 6724.20999077215 6939.470440891 6732.61650474762
4304.4308566871 3967.83946247829 3503.0343989176 3793.49772637338 3062.47448968967 5828.27161343738 5766.44387816269 5323.59136298045 5916.81924685891 4631.95423120739 3731.70537422235 3108.95882893293 4497.63826913637 4503.95659392939 3492.93930665851 3751.41639917512 3405.32670972992 5113.40150975845 3963.19000301525 6027.9038645287 6711.37094787645 6289.82312946874 5866.27010970344 5089.87966458933 4882.75024960319 4385.34491231876 4306.24546443883 5534.77641824853 4808.91099938437 4533.62437791222 5835.55909917807 4198.28834169355 6371.42056373616 6474.66215334823 6729.08797683609 6686.03956015817 6926.30854062971 6851.77896607881 4370.71218453011 2859.742121241 2314.76240681414 3342.99641040788 2637.35189157609 4618.84725878655 1858.25859341481 3247.11410332313 2881.40590684478 4421.11411298103 2277.74559597862 5508.51613413268 4763.53335246013 4542.7139465302 4691.81468090972 5582.39419962439 5664.63811730282 5402.89274370684 6017.73420815509 5579.2584632727 5548.4795214545 5203.84473250307 3370.27446953509 2815.80361531127 3202.44047563729 2751.47687615215 3209.45867709806 3743.41087779581 3246.63287114512 1771.12252540585 1391.49200500757 2640.19412165091 2970.37455550643 1815.38563396321 2593.98342323154 3050.51225206522 2116.30574350683 1750 2395.43837324194 1697.24040724937 2740.55195170608 1219.88728987559 2484.95472795784 2397.5247652527 1148.0962503205 1568.04017805667 667.083203206317 970.82439194738 2717.30565082399 2955.29186375898 2150 1929.70204954029 2717.65063979902 3344.21141676181 2384.58591793208 3064.92251125538 3617.57861006503 4240.65148296815 3986.61824106598 3582.42236482523 4115.9749756285 2866.40018141222 4520.92357820833 4110.80892282772 4373.57119525909 3694.6752225331 3270.7988320898 3463.56030696738 4132.87127793741 4099.16149962404 2007.64165129139 2716.38546601914 1602.53705105373 2160.15045772279 2685.72615878835 2041.13938769502 3095.46038579078 2583.72308887775 3562.03944391412 2447.06456800796 2127.49853113933 3015.48089033905 3066.55343993872 2740.66597745876 852.936105461599 1849.66213130939 1869.82619513152 1599.02313929474 425.73465914816 775 2852.52081499855 367.423461417477 0 2541.89889649451 2358.09775030638 1114.11399775786 2346.6731770743 622.494979899437 1179.24764150708 983.933432707721 2528.9572950131 2677.91896815419 1677.05098312484 1588.63148653173 4054.7811284951 4147.36362042201 5704.05557476433 5175 6847.03402941741 7343.91755128011 6266.72761495184 3507.40288532698 4332.50793421085 4241.90405360612 4735.10823529938 3909.44369444043 5182.96488508267 4973.24089503012 3859.56603778197 4382.56488828175 5381.15926172047 6175.91086399407 3604.5977584191 3622.6716660498 3132.49102153542 4491.79808094709 5575.67260516612 4940.45797472259 5626.1665457041 5844.97647557285 3732.54269901899 5177.65632308673 4519.67919215512 5433.80621664041 4901.4028604064 5557.31499917001 4209.66150658221 5390.84872724138 6971.77344726577 6555.57968451303 6476.73721869276 6984.3575223495 6796.23057289848 6238.23893418647 7468.30804131699 6117.69973110809 7761.16131774105 7651.02117367349 6368.52612462256 7182.48738251589 6524.85632025717 6376.37240129527 6710.20677773793 6432.38874758048 5583.28980082532 6763.3201905573 7958.83942544389 7043.83595777187 6269.0709040495 6189.20431073333 5996.30094308149 5854.16518386695 7418.93691845402 7970.68848971028 6656.10621910438 7567.81837784179 5982.73557831198 7067.22187284367 6747.59216313494 7932.88251520215 8124.73076476999 7254.5675267379 6850.54742338158 7120.48102307702 6884.8111811436
4556.65721774197 3930.33077488397 5068.40704758408 4387.69586457403 4709.43202520219 4902.67783971168 5001.56225593564 4790.9419741842 4731.54308867625 6108.08889915659 4919.54012078365 4423.02215685158 5052.35093792979 5130.11939432212 5106.91932577753 5200.78119132117 5038.22885546101 4432.05652039773 5082.87566245723 4922.20733005021 5071.11920585584 4738.47285525622 4203.94160282942 4905.41792307241 4617.76461071805 5156.5492337415 5061.86724440695 4816.11876929961 4924.49235962449 4784.08820988911 4795.96184305088 4670.31851162209 5161.75842131342 5025.55967032529 5242.43502582531 5111.07865327858 5219.9137923916 4967.20494845945 6150.45730007127 4999.06241209289 3175.98409945642 2777.02628723604 4222.04038351127 6801.6542105579 2831.18791322653 3263.05071980195 3909.12394277797 3733.63094051889 4257.12637820396 4197.46947576751 3700.84449821929 3396.50555718668 3206.536293261 4481.8383504986 3948.65483424419 3585.56132286146 4161.20475343379 3754.58053582554 3946.59663507686 3747.16559548681 3135.68174405503 2829.7526393662 4319.21578530177 3991.63187180381 3346.73348206875 3406.33600808846 2414.1509894785 2886.28221073408 3594.78789360374 2772.5214156071 3579.54256854141 3161.19044032466 2923.61078120874 3275 3352.0516105812 2593.01947543785 2255.68725669141 4095.95837381192 2731.872068747 2302.58007461196 2806.91111366213 2364.71457051374 3015.89538943246 2893.74325053209 3199.0232884429 2809.13687811755 2779.16354322663 2605.04318582245 1942.61421800624 1762.10101867061 2496.12199221112 2265.22625801486 1351.38817517396 1666.95830781697 2815.24865686852 2978.35944774972 2878.04186904916 2324.32785983389 2807.80163116984 1862.45805321892 2876.84723264896 2409.35676063135 2781.29915686896 2579.1229129299 1610.31829151879 2122.20404297042 2360.74670390536 2388.90665368072 2113.20254590042 2186.60696056699 1334.40061450825 1246.49508623179 2486.08628168855 1110.18016555873 1180.30716341129 590.021186060297 1839.32732269164 1722.82471540201 1048.80884817015 2339.20392441531 2115.41958013062 1035.01207722422 1740.33042839571 1632.86557928079 758.287544405155 1392.16557923259 2553.91855782443 2543.00511206722 812.788410350443 2314.35736220662 2541.89889649451 0 729.297607290741 1653.78354085412 1130.5419054595 2225.7021364055 2025.30861845794 1700.18381359193 1468.2046860026 463.680924774785 1746.78275695634 1426.97231928303 2360.08474424119 1614.96903995092 3393.56007755867 2713.04717983304 4622.83733220195 5163.02963384872 4128.33198761921 1064.48344280219 2575 2013.39265917009 3064.10672137901 2131.31414859471 2916.01183125172 2656.47793139713 1481.97503352789 2183.03114957162 3382.76883632329 4274.12271700287 1619.22049147113 1715.00728861425 791.359589567221 2003.12256240101 3076.21927046822 2853.17805262833 3327.91225845875 3345.70620347932 1767.23654330709 2837.58259791675 2182.60165857171 3379.16409782064 2980.56202753776 3241.72022235109 1939.39423532195 3147.81670368527 4838.19439460632 4428.9530365539 4186.36178560812 4907.26502239282 4524.65468295648 3871.93427113633 5370.46320162423 4000.31248779392 5443.97602860262 5363.59254604598 3918.6253967431 4767.79561223004 4251.02928712565 3952.29363787662 4681.14569309694 3961.45490949979 3332.13520133862 4382.20834739746 5718.44603017288 4860.87697848855 4136.72575837461 3834.22091173683 4106.47354794841 3784.01242069843 5001.06238713336 5820.06228489008 4228.03145683662 5221.64964355136 4120.75539191542 4585.50706029333 5064.21267325929 5680.94402366367 5623.610939601 5123.841332438 4668.64541382187 4661.00847456857 4537.68938998693
5074.32261489157 4481.8383504986 5137.91056753618 4278.72644603508 4694.74440198825 5162.18219360766 5173.61092468307 4868.90644806408 4803.31916491086 6374.8039185531 4952.27220576575 4710.22823226221 5461.05530094688 5565.85572935555 5281.45339845009 5479.62133728235 5241.71966056942 4375.92847290721 5441.62200083762 5398.72670173255 5676.98203273535 5376.91826235066 4855.53807522915 5196.75379443745 5119.38717035545 5385.80309703205 5212.66486549826 5316.66013583716 5300.58958984753 4858.17609808455 4875.25640351356 4654.03051128804 5530.65321639316 5602.06435164752 5561.81175517475 5572.81347256482 5602.39903969719 5486.2327693965 6328.21064756855 5026.80315906641 2687.47093007534 2335.05888576712 4439.17222013294 6853.96782892946 2369.86286523081 2738.95509273153 3637.73624662372 3403.21539136153 4363.05512227384 4563.78406588217 4126.81778129348 3616.7146694203 3544.71437495322 4378.92680916226 4011.54583670684 3771.68728820405 4617.76461071805 4063.86515524322 4461.64207439369 3772.35006328946 2881.29745080233 2457.00529099959 4338.34645919387 3828.67470543007 3020.55458484034 3265.92253429257 2069.72220358192 2550.24508626132 3518.78885413717 2578.75939164553 3767.12755292411 2931.93622031585 2586.86586432308 3737.81353199969 3610.14196396762 2861.05312778354 1906.89538255249 3785.49864614954 3215.3926665339 2390.08368054342 2882.38182758635 2365.37523450297 2658.24190020397 3104.13031298623 3016.30983156572 2595.78986052415 3262.38026600211 3105.74065240483 2344.27494121317 2087.31286586367 2926.81567578145 2815.24865686852 1908.69719966264 2343.74166665185 3306.62214351746 3358.7572106361 3082.40977159105 2963.4228520412 3320.48565724955 2443.9977495898 3236.22078974844 2715.11970270189 3052.25326603151 3240.75608461976 2231.31127366847 2605.88276789268 2747.04386568544 2571.47817412476 2514.70674234591 2751.93114012687 1632.86557928079 1763.69640244573 2698.37914311536 1546.56878282215 1887.78971286529 1253.49511367217 2138.63274079492 2101.48756836675 1393.51175093718 2567.58641529355 2439.64649078509 1542.11705132911 1505.19932234904 1076.16216250154 567.340285895511 1123.05387226081 2384.7169643377 2563.20112359526 525.594901040716 2114.38525344839 2358.09775030638 729.297607290741 0 1754.10233452898 560.133912560202 2137.90200897983 1551.61206491829 1510.38074669932 1395.08064283037 465.698400254929 1154.61032387555 918.218383610348 2899.46115683587 2036.23426942972 3770.02984073071 3208.77702559714 5122.13334461336 5729.31060425249 4582.98483523566 1217.06614446381 3252.88333636483 2465.3853654145 3616.7146694203 2753.52047386614 3477.24747465578 2902.58505474 1903.45081365398 2428.73423824016 3959.6401351638 4886.33298087635 1733.49358233597 1728.61939130625 1031.07953136506 2192.45866551687 3291.46623862375 2971.3212549302 3584.95118516278 3623.62042714189 1436.57578985586 2839.45417290014 2227.24605735424 3302.3665756545 2690.37636772255 3407.43671988197 1852.19464419915 3176.57441279124 4682.81432474105 4454.35180469617 4126.89350480479 4705.64820189525 4470.66829456179 3986.53985305553 5191.09814971746 3815.34729742916 5444.95179042019 5308.60151075592 4080.90063588909 4853.3493589479 4216.41138884716 4026.63010469052 4456.31574285306 4100.45729157127 3244.41828376059 4486.15927046733 5688.03568905822 4797.78594770546 4044.36336151934 4006.32312725771 3990.14410767331 3587.5653304156 5063.96583716755 6035.00207125068 4644.1495453958 5621.72126665846 4102.89531916182 4802.60346062425 4956.87653669123 5805.92369911972 5914.54774264271 5458.76588616878 4787.54895536328 4953.97567616152 4764.32051818515
3792.17945250485 3326.03367391252 3894.38698642033 4038.17718779154 3563.88131115502 5385.51297463853 5433.74870600399 5117.18916984706 5538.27590500871 4771.13718100832 4049.30549600793 3083.11936194498 4227.73580063845 4207.21107148191 3757.40934687718 3815.18348182627 3620.94600898715 4948.54776676956 3841.30511675394 5359.16271445456 5807.00008610298 5368.25157756229 4906.18232437401 4795.63603706536 4337.19379322621 4389.19126947095 4387.19728300426 4917.82472237472 4493.11974022505 4541.20028186382 5492.60866983986 4341.2987688018 5776.56905091595 5639.92464488667 6106.19562411818 5927.95285068969 6200.20160962529 5971.4424555546 4698.47049581031 3452.98783664235 2840.22446296063 3328.19395468473 2748.29492594954 5208.40666615041 2378.68135739111 3493.20769494171 3375.83323047807 4382.35096723209 2651.53257570033 4878.65247788772 4122.95403806543 4040.88480409922 4028.88011735271 5327.93346429927 5134.38165702551 4770.61316813678 5195.00962463016 4868.97063043104 4731.08074333973 4760.38338792161 3392.27062599669 2951.69442862909 3487.56720365357 3236.60701970443 3402.66439720405 3685.18995439855 3082.30838820518 2273.90083336983 2124.2645786248 2698.49495089392 2886.28221073408 2348.53677850699 2820.01773044071 2488.59900345556 1980.84577895403 1361.52488041901 2401.17158903732 2780.6249297595 2040.98628118858 1082.53175473055 2373.55219028358 2216.27502805947 2016.959345153 1380.67012714841 1684.85904454942 1675.1865567751 2018.972510957 2225.7021364055 1386.99315066802 1206.23380818148 2070.77883898788 2507.73802459507 1374.31801268848 2020.21038508369 2907.85573920028 3580.9391226325 3484.33996619159 2639.6022427631 3328.85115317582 1938.10474433143 3805.75222525061 3412.47710615031 3726.67747464145 2736.21545204321 2313.14180283008 2670.44003864532 3368.32673593284 3472.30111021495 1221.93494098499 1794.08751180092 532.094916344819 1105.10180526502 2300.6792475267 1068.8779163216 2046.49089907578 1593.93381292951 2849.67103364581 1722.09900992945 1298.07549857472 2532.1680433968 2446.42596454501 1858.42675400458 786.606636127614 1672.94650243216 1187.43420870379 1305.03831361382 1209.33866224478 895.474734428616 2179.59285188771 957.209485953832 1114.11399775786 1653.78354085412 1754.10233452898 0 1858.25859341481 730.581959810123 1434.18095092635 716.32743909472 2074.3975028909 1933.90796058137 1698.8967008032 1361.52488041901 3185.1216617266 3214.12896443189 4828.94916104943 4184.27114322196 5896.66219144356 6343.25429097715 5377.55753107301 2701.50421062045 3322.36737884298 3356.52349909843 3864.74449349501 2954.23424934449 4192.92558960924 4175.74843590942 2976.36523296453 3616.02336828732 4430.36398053252 5207.98665512883 2934.59963197708 3011.43653428061 2343.3416310901 3655.47534528685 4722.35375633804 4267.68379803378 4825.45334657791 4963.49171450905 3187.18135662218 4465.63265394725 3795.22726592229 4861.71266119256 4424.50562210062 4798.04647747393 3523.31520020562 4713.41171551987 6405.51520176168 5928.16371231429 5801.56228959062 6434.57457801213 6140.64328877684 5484.23878035959 6925.81222673558 5538.27590500871 7073.32135562919 6986.10227523188 5558.60818910633 6416.5313838553 5863.33949213245 5602.95680868593 6201.46152128674 5614.76847251959 4909.23873935664 6007.80742034896 7318.68328321427 6435.10877918936 5684.40850045104 5413.29382169488 5505.05449564307 5314.72012433392 6650.42291888268 7237.27331251211 5709.09362333462 6651.73849455915 5455.55909142225 6215.45452883375 6332.15997902769 7217.7299062794 7218.72564930958 6449.51548567797 6160.05275951432 6237.78806950028 6081.78633297817
5405.43707760991 4831.98975578384 5419.23656985004 4673.46231395953 4958.64144700945 5717.35297143704 5716.20503481112 5388.52948400582 5320.53803670268 6599.76325332962 5302.71157050806 4923.54039284741 5837.8613378531 5900.10593125242 5514.18625002819 5668.22282554241 5438.80731410849 4861.5841039727 5671.41957537969 5946.11217519481 6176.72040811303 5861.95359927047 5327.64019055341 5713.79908642227 5586.87076993911 5794.23204575033 5630.5528147776 5837.43308312823 5770.07365637563 5327.58153386694 5398.66881740305 5086.13310875758 6090.30992643232 6122.14219044282 6111.15782810426 6116.47365726364 6139.87988481859 5994.99791492874 6506.82334169293 5140.4036806461 2829.08995968668 2641.25916941144 4597.41775347858 6926.62435822818 2502.74848916147 2941.6194519346 3917.50877471895 3760.73463567958 4438.0457410892 5123.04840890656 4676.87128324054 4171.1059684453 4102.59064494619 4835.41621786584 4489.84966340745 4281.4279160112 5143.80695594226 4593.60969173481 4997.62443566941 4268.12312380981 3283.00548278555 2780.84969029252 4690.81549413319 4123.25720759693 3360.6175027813 3718.03039256002 2457.38682343664 2757.26313579245 3631.20159175995 2974.68485725799 4175.97294052536 3167.60950876209 2901.40052388497 4078.44946027286 3816.16626996257 3115.58581971353 2256.93376065847 3765.46809839096 3556.50811892789 2639.83901024286 3310.1170674162 2813.58312477169 2712.70160541111 3238.53747855417 2968.48025090281 2735.30162870569 3580.24091368165 3517.90065237778 2719.71965467031 2465.89233341604 3350.18656196935 3304.63689382056 2290.33294522871 2735.07312516503 3808.21480486592 3915.83324466198 3635.41606972297 3416.59552771469 3853.97522047042 2875 3789.87136984885 3268.12254972178 3605.37792748555 3653.93623370742 2716.84559737943 3139.36697440742 3296.77873082195 3111.06894812699 2805.57480741469 3087.98073180517 1863.12908838867 2091.79946457589 3177.06625678471 1925 2301.08669980077 1682.63186704638 2695.59826383681 2575.12135636362 1850.16891120784 3091.72282069399 2974.15954514885 2056.84831720766 1533.5824073065 698.659430624106 795.691523141977 1436.14066163451 2461.83366619274 2570.74891811705 717.635004720366 2049.84755530747 2346.6731770743 1130.5419054595 560.133912560202 1858.25859341481 0 2081.31568965402 1393.28747930928 1437.44565114651 1909.51564539283 945.05290857179 1149.72822875669 805.062109405231 3428.28309799526 2373.55219028358 4212.85235915051 3573.33877487148 5570.90656895267 6161.27016125734 5065.07650485163 1492.48115565993 3704.55800332509 2958.56806580481 4141.63313199033 3247.01786259331 3916.15244851372 3328.85115317582 2367.62011310936 2907.31835202133 4446.90903887183 5362.13576851612 2248.61068217689 2224.43813130417 1517.19313206988 2431.17769815372 3548.7673916446 3421.43975542461 4008.81840446783 3929.1379461658 1554.02702679201 3052.66277207293 2532.1680433968 3628.4466373367 2830.74636800968 3787.23183869168 2004.52612854011 3504.72894814991 4796.74368712776 4807.41614591456 4225.07396384963 4698.47049581031 4634.98921250093 4290.25057543263 5273.16318730987 3830.22518920233 5640.14627469891 5418.14082504322 4349.28154986545 5062.73147618951 4421.04342887513 4193.89437158353 4527.14037776608 4294.03656248989 3278.90987982287 4760.97416502127 5907.93957315069 5031.02872184208 4290.76042211634 4358.39706773029 4324.20512926942 3723.65747619192 5202.52342618464 6464.32517746439 5023.25840466126 6031.79077886493 4512.89818187825 5075.80042948893 5332.15481770738 6158.83511713051 6203.07383480158 5929.2179079538 5175.12077153761 5288.48986006402 5139.18767900142
4193.22370020966 3810.67579308448 3906.2449999968 4238.58761853521 3532.8812603879 5960.80950878318 5958.76455316033 5577.6899340139 6067.6395740024 4783.56561573059 4167.20829812958 3164.74722529304 4570.69469555778 4515.59796704711 3748.4163322662 3822.71173383503 3585.90992636458 5371.39413932733 3968.86318736235 6014.61761045538 6525.71835126218 6081.27248197283 5626.99964457081 5281.74923675859 4878.39625286835 4664.09155141706 4647.71449209179 5530.48370398105 4944.75732468237 4880.70179379974 6011.34344385679 4603.87065413441 6415.02143410293 6343.0079615274 6753.1936889149 6621.41412388623 6881.22445499346 6692.67323272248 4591.63641853316 3193.45032840657 2770.04061342068 3566.59851959819 2713.04717983304 4892.97966478505 2301.76562664403 3579.28065398622 3403.6744850235 4675.33421265261 2410.00518671641 5527.31851805195 4769.56496968015 4629.65981471641 4681.14569309694 5771.75233356387 5695.00877962449 5384.12016953559 5900.26482456508 5527.94039403465 5437.88791719726 5292.21125806595 3679.16430728501 3144.24076686249 3630.51304914333 3271.94514012689 3588.95876264969 4037.71284268706 3412.56868062754 2255.41016225431 1858.42675400458 2971.63675438301 3225.38757361034 2335.72793792428 2975.9452279906 2951.37679736085 2123.97033877594 1710.26313764871 2649.17439969512 2280.48788639624 2579.84980182956 1361.2953390062 2750 2624.52376632409 1727.17254494159 1456.45116636295 1096.58560997307 1521.51240547029 2534.01854768271 2835.70978768985 2021.13829314077 1837.4574825013 2662.82275039102 3203.31859171079 2102.08230095779 2740.66597745876 3559.0553521967 4234.16166436758 4067.32405888687 3351.30571568754 4021.66010498152 2646.45989956394 4471.15756823666 4059.71058081731 4360.40422438104 3425.72984924381 3040.25081202193 3362.84849495186 4042.35389346356 4076.53345380606 1797.39394680187 2435.41577559151 1262.19055613643 1832.68928081113 2817.46783477647 1789.90223196687 2763.48964173923 2277.19674161018 3490.43335418398 2378.68135739111 1969.45423912311 3101.31020699317 3073.4752317206 2550.24508626132 787.400787401181 1653.40557637865 1605.84868527517 1639.16899677855 953.283798246881 548.292804986533 2581.0608284192 390.512483795333 622.494979899437 2225.7021364055 2137.90200897983 730.581959810123 2081.31568965402 0 1210.63000128033 650.480591562884 2565.27288996707 2429.76336296356 1736.37553541853 1447.84322355703 3899.19863561732 3827.61348623395 5502.61301564993 4854.44384044146 6612.6299609157 7068.45987468274 6084.971240688 3212.76749859058 4050.38578409514 4037.48065010843 4581.89371330239 3682.56025069516 4904.39853600826 4796.15731601873 3623.36169875435 4237.55530937355 5157.70055354128 5938.17101471488 3509.00626958688 3551.93609176742 2912.9023327259 4193.29822454831 5292.74267275484 4851.61055733042 5458.59414135178 5571.01875782159 3550.61614371365 4957.12870520829 4317.40662898458 5355.2544290631 4790.74628841896 5391.31245616501 3963.4265478245 5247.26119037351 6813.26830529959 6472.29673299981 6239.64141597897 6775.23062338102 6605.77398947315 6048.19187856999 7310.99343454773 5898.62272060182 7572.35927568152 7432.23553178988 6127.65248688272 6947.52653827245 6347.93273436321 6109.67470492497 6564.44018938401 6150.66053363377 5311.60286542584 6563.91651378961 7813.64991537246 6918.13739383658 6157.00820204099 6008.63961309047 5980.43685695284 5714.34598182504 7147.77063146265 7873.49191909155 6386.41135537009 7341.10856751213 5982.73557831198 6808.49653007182 6807.89982299975 7808.0487319176 7845.61979705874 7127.85030707015 6748.88879742436 6873.40890679436 6706.75964978618
5141.13314357837 4692.7470632882 4462.97266404355 4062.01920231798 3946.59663507686 5890.93583397409 5802.90875337533 5349.64952123034 5651.27198071372 5766.98578115119 4469.06030391177 4197.46947576751 5386.38329493919 5445.29613519779 4600.67929766899 4882.49423962794 4547.59551851305 4909.81160534699 5032.76762825386 6236.08450872821 6792.13699802941 6433.0202859932 5956.40411657906 5520.75628877059 5489.82012455782 5181.39701238961 4999.68749023376 5940.27566700402 5468.43213361929 4899.6811120725 5642.52824538788 4543.95202439462 6426.36172340151 6619.52604043522 6606.53085968725 6666.61458312988 6767.70825316813 6738.41598597178 5533.42118404157 4010.14338895756 2001.24960961895 2680.48503073604 3769.44956193872 5771.64404654341 1587.05702481039 2635.69250862084 3077.03184903894 3861.5896985568 3450.1811546642 5502.55622415619 4919.41307474784 4446.41709694446 4563.16775935314 5145.14334105475 5156.06439059871 4980.02259031021 5849.46578757411 5278.49410343518 5548.76112298953 4766.61567571794 3080.07710942437 2435.54408705735 3886.99755595498 3218.88956008124 2956.56050166405 3567.73737822727 2632.72672338015 1829.27581299267 2475.25251237121 2562.7134057479 3628.18825310926 2196.30371305974 2378.41859225831 3802.46630491317 3136.57854994897 2576.94101601104 1982.10746429148 2393.21958875486 3380.27365756088 1945.50764583437 2850.98667131223 2496.49754656399 1452.15357314576 2555.50875561012 1717.01048336928 1607.21031604454 3386.46201809499 3457.69070334523 2578.88057110057 2286.23598956888 3211.50276350496 3550.44011356339 2521.53227225035 3170.66633375384 3923.8055507377 4245.43872880059 3880.56052652191 3779.79827504061 4216.11491778865 3096.46976410234 4335.68045409253 3840.81697038534 4125.37877048884 3979.32155021431 3236.70356999216 3493.65496292922 3903.04368410091 3711.46871197913 2578.03219529935 3148.51155309934 1784.30658800555 2285.96259811923 2967.11138988748 2087.31286586367 2965.0042158486 2324.59673922167 3262.09288647641 2617.96676831468 2047.40689654011 3100.80634674273 3119.59532632039 2555.99784819941 693.271231193102 786.209259675819 1269.59639255946 1184.79956110728 1331.11795119741 1716.82847133894 2008.41977683949 949.012644805115 1179.24764150708 2025.30861845794 1551.61206491829 1434.18095092635 1393.28747930928 1210.63000128033 0 780.224326716362 2132.77987612412 1984.15599185145 691.465834296967 638.846616959032 3988.34238750888 3564.23203509536 5232.88878154314 4709.96284486407 6542.45748935368 7123.37700813315 5960.80950878318 2761.11390565474 4347.26925782151 3853.97522047042 4714.93637284746 3858.35133185147 4881.47006546184 4375.21428046673 3364.24211376054 3839.43355197092 5236.05290271212 6122.80572940217 3041.79223485103 3005.51576272692 2515.57647468726 3733.88202813104 4833.86491329661 4328.53901449438 5047.95750774509 5170.65034594296 2755.22231407921 4307.55150868797 3722.31446817702 4621.7556188098 3902.96361756038 4879.10083929406 3306.14957314396 4606.584960684 5970.44805688819 5809.79775895857 5512.59920545653 5918.45630211122 5860.1941094131 5470.37475864314 6438.9440128021 5078.5701727947 6860.75797561756 6680.47528249301 5600.11160603072 6334.23239232663 5622.11036889174 5507.83532796688 5668.88436996205 5611.70651406504 4605.83868584213 5968.30168473411 7063.72776938636 6150.71134097512 5379.76532945444 5492.32418926633 5201.80257218591 4863.70486357879 6523.51515672341 7423.19001508112 6161.42231956226 7110.29183648604 5317.07156242983 6335.81091889586 6047.36512871515 7229.88589121571 7460.01843161262 6843.83846974781 6182.28315430473 6487.82513636118 6248.29976873709
4500.41664737833 4041.11680108358 4278.06907377616 4199.2558864637 3858.35133185147 5758.63482085815 5750.54345257907 5374.24413289906 5712.75984091752 5311.36752635327 4387.90952504721 3665.03751686118 4883.19823476377 4880.70179379974 4238.21896555617 4366.06229914325 4119.69355656461 5065.44667329546 4459.11986831482 5885.78796763866 6337.43836261939 5930.95692110472 5449.08249157599 5285.23887823436 4994.68467473173 4903.63385664142 4825.25906040287 5517.3023299435 5088.71300035677 4867.30161383081 5692.59387274378 4592.52109412684 6203.67834433733 6185.21422426095 6451.45332463934 6370.34143511947 6559.77324303211 6396.97193991032 5153.88203202208 3755.99520766467 2542.39060728284 3101.00790066714 3264.00827204834 5504.37326132594 2085.96500450031 3186.00455115808 3363.12726491282 4241.53568887496 3024.27677304839 5281.27588751052 4607.80587698744 4340.72286606736 4369.06740620925 5355.48783959034 5220.99128518713 4938.93966353103 5572.02835599389 5135.05111951186 5195.55098136858 4854.70132963914 3358.29197658572 2807.24509083194 3811.1678000319 3354.28830007201 3311.53287768671 3753.99786893919 2936.83503111768 2146.21760313348 2313.14180283008 2740.66597745876 3364.89227167825 2366.16778779528 2716.7305718455 3191.39467944659 2578.15340893439 2007.64165129139 2274.31308310883 2608.87906963891 2748.63602537695 1542.31968151872 2713.04717983304 2443.10253571151 1779.39596492742 1945.98946554189 1597.06762536844 1663.01683695626 2732.78703890369 2893.41925755671 2026.23419179521 1785.53213356691 2704.6256672597 3070.32164438842 1933.09984222233 2570.38421252544 3482.63549628726 3988.26403338595 3771.10726445165 3226.16258114807 3827.61348623395 2534.88165404226 4128.78614122844 3674.65984820364 3989.51751468771 3365.44944992493 2772.18325512582 3125.19999360041 3674.74488910455 3641.2566512126 1929.37813815747 2479.03711146082 1118.03398874989 1660.38399173203 2721.44263213466 1547.78066921641 2451.27517835106 1876.83243791235 3086.25987240219 2211.61705545965 1649.43172032067 2896.7654375182 2846.59884774796 2187.89282187222 403.887360535088 1047.91459575673 1011.4964162072 1190.06302354119 1201.3013776734 1155.96280216969 1955.44112670262 663.795902367588 983.933432707721 1700.18381359193 1510.38074669932 716.32743909472 1437.44565114651 650.480591562884 780.224326716362 0 2126.91090551532 1840.68601342 1195.04184027171 816.624148553054 3615.33193496807 3310.40027791202 5033.69893815671 4397.15817318413 6227.45935354058 6731.73454616268 5692.86834557062 2625.59517062322 3828.18494851019 3596.26542401976 4327.3115210255 3411.46962466325 4517.8811405348 4270.39225364603 3131.59304508105 3730.44903463377 4845.48759156393 5680.33889834049 2991.86396749585 3017.75993080961 2361.27613802367 3613.94867146726 4723.74321910072 4323.6269496801 4943.7460493031 5026.11927832995 2906.67335626142 4342.09051034176 3719.2909270451 4762.02425445314 4150.07530052167 4838.06521245838 3337.19567900955 4657.85626656727 6171.30456224614 5901.16513919073 5608.02995712398 6128.77434729 5977.30081223958 5466.37448406163 6665.11440261906 5254.10553757726 6954.04558512525 6799.35658720735 5548.76112298953 6345.56932039986 5726.74645850504 5503.40803502702 5916.81924685891 5560.12589785519 4680.94541732757 5975 7196.35324313642 6300.89279388247 5540.58886762048 5450.97468348551 5400.81012441652 5073.64513934508 6537.77485081889 7377.58429297829 5917.08331866301 6886.67191029165 5446.90278965946 6246.09878244012 6270.416652823 7251.98248756849 7312.87392206375 6688.56299962855 6204.28279497316 6346.50494366781 6173.53221421902
4576.57076859956 4010.68884357787 4293.96378652638 3020.55458484034 3854.29954725888 3877.25740698241 3833.56883334576 3490.16475255825 3603.55727025394 5837.43308312823 3881.20470988068 4318.13038246878 4670.85377634539 4928.99584093961 4675.86890320933 5104.77717437304 4775.26177292931 3071.44102987506 5033.51268996116 4344.10520130441 4999.31245272788 4756.18019002645 4325.93920438094 3922.21238588631 4212.85235915051 4310.52491003126 4042.66310740828 4295.7100693599 4220.92999231212 3510.78694881931 3614.81327318577 3340.84570131576 4377.85621052131 4791.72463733049 4483.85994428907 4632.7637539594 4666.43600620431 4786.04742976916 5838.55718478461 4653.62761724657 2171.6928880484 1606.62690130596 4161.73040933696 6535.91041860275 1953.20249846246 2129.70068319471 2656.24264704865 2457.76829664637 4229.95271841187 3441.02092408634 3023.34665561196 2361.27613802367 2473.10533540325 3280.81544741547 3144.24076686249 2903.76910239089 3832.26434370073 3182.17692782787 3611.09401705356 2734.15892003373 1686.15687289172 1503.53749537549 3278.90987982287 2843.41344162259 1946.15004560286 1945.18636639269 1189.01219505941 1915.3981309378 3198.9256008854 1386.09162756291 2728.32366115166 2193.74109684803 1615.74286320565 3242.10579716332 3316.34211142337 2546.19814625649 996.870101868844 3635.41606972297 2810.47149069333 2018.972510957 1748.03461064133 1149.45639325726 2444.38131231606 3056.24360940027 3144.93640635228 2247.35956179691 2924.35890410189 2512.59328185045 1904.76376488004 1631.14223781987 2230.75099462042 2117.33913202397 1787.63111407248 2230.61090286944 2415.83318960561 2254.99445675594 1806.23918681884 2497.62387080201 2434.51740597598 2033.93092311416 2262.32734147824 1760.85916529403 2008.73094266007 2882.05655739092 1821.05738514743 1751.60640556034 1887.45860881769 1617.48261196218 2310.5735218772 2549.87744803549 1842.21334269405 1827.05363905935 1563.64957711119 1482.60750031827 1923.21345669169 1463.30106266619 1235.41491006058 1357.38719604982 1072.67189764625 1328.06249852934 1332.52579712364 1151.35789396695 1866.98286012486 2140.53147605916 1448.4905936871 990.580637807947 2315.30235606497 2806.46574894475 1715.00728861425 2477.52396557531 2528.9572950131 1468.2046860026 1395.08064283037 2074.3975028909 1909.51564539283 2565.27288996707 2132.77987612412 2126.91090551532 0 1337.20791203163 1604.09631880383 1750.17856231871 2189.89154982616 2377.49868559375 3417.1442755611 3268.2181689722 4713.146507377 5381.33347786587 4034.69329689383 1943.90071762938 2910.54118678984 2094.48681065315 2880.42965545073 2275.54938421472 3240.75608461976 2645.51507272213 1823.62962248369 2018.35328919394 3453.07833678878 4376.7853500029 1207.78723291812 1207.52846757333 1294.45934659996 2683.86381919799 3554.57451743524 2470.32386540713 3250.0961524238 3735.05354713959 2130.43422803897 3156.14480022701 2429.12021110525 3081.09152736494 2976.05023479107 3201.65972582971 2494.11808060485 3080.07710942437 4946.58973435234 4109.7445176069 4561.66088174033 5252.67788846794 4696.07548917178 3953.00518593133 5490.78773947782 4387.26851241179 5562.2612308305 5637.59700581728 4191.95658374464 5031.77404103165 4357.39314269438 4381.35253089728 4791.00720099647 4418.56877280415 3901.60223497988 4498.12460921215 5685.17809747417 4772.315999596 4008.19473079839 3844.72040595932 3594.78789360374 3846.18317296511 5417.91011368775 5477.56789095306 4494.23241499591 5297.05106639534 3483.17384004876 4881.47006546184 4303.55957319055 5479.50727711899 5934.4860771595 4846.19696256766 4375.57139125852 4871.15232773519 4500.41664737833
4948.29516096201 4324.63871323374 5245.11677658372 4334.38288571741 4839.03399450758 4899.87244731942 4955.36325610949 4711.75391972034 4566.45376632678 6431.46561834859 5023.6316544906 4764.51728929595 5370.17225049625 5485.94795819282 5376.16266494979 5546.2261944497 5340.0608610764 4250.66171319243 5452.12114685652 5065.13820147091 5259.39635319492 4971.73259538363 4442.47960040336 5023.75606493787 4904.71711722501 5350.23363975817 5194.94947039911 5033.38852066876 5151.03145010783 4802.34317807464 4653.35900183942 4656.91689854994 5202.76368865625 5209.96641064028 5211.58565121979 5181.27638714632 5211.76553578535 5051.54679281505 6443.64997497536 5228.58728529992 2986.11369508932 2436.57033553312 4547.32063967343 7058.85968127997 2685.72615878835 2946.60821963151 3820.50389346746 3403.6744850235 4547.04574421679 4232.759147412 3825.40847492134 3356.15106930543 3209.65340808007 4218.63425767155 3719.12288046523 3428.37425028249 4200.37200733459 3684.68112595921 4067.9386671876 3525.79778206295 2923.61078120874 2602.40273593462 4414.53564941999 3988.81247992432 3137.37549553763 3238.15147885333 2096.57458727325 2810.80504482257 3760.65153929475 2661.17924988153 3751.74959185711 3154.46112672196 2751.8175811634 3643.91616259211 3683.57842321838 2912.68776218804 2056.84831720766 4139.06692383682 3111.37027690373 2522.27575812004 2890.28545303055 2375.26314331697 3000.52078812995 3225.09689776912 3343.46377279611 2871.6284578615 3170.37064079265 2945.9718260703 2270.1872169493 2050.60966544099 2798.77205216859 2544.35650017838 1744.63463223679 2067.90957249102 3060.33086446547 3052.56040071282 2843.52334261564 2658.47700761169 2991.02825128751 2218.3890551479 2879.01893012186 2369.59912221456 2724.541245788 2954.1284670779 1890.93230973507 2301.35829457301 2375 2255.41016225431 2485.5834325164 2600.72105386179 1684.67355888314 1657.18134191766 2613.06812004586 1460.30818665102 1545.35594605256 977.560739800858 1807.10403685012 1957.19825260498 1290.34879005639 2412.85619132181 2230.47080231955 1252.49750498753 1835.41548429777 1527.66161174522 830.662386291807 1357.61739823855 2674.41582406327 2800.33480141215 469.707355701398 2450.76518663049 2677.91896815419 463.680924774785 465.698400254929 1933.90796058137 945.05290857179 2429.76336296356 1984.15599185145 1840.68601342 1337.20791203163 0 1576.78470312215 1356.00516223206 2518.928343562 1589.22150753128 3327.72444772701 2748.29492594954 4662.68431271087 5265.63149109392 4137.40558804669 847.422562833915 2857.11830346592 2020.21038508369 3221.99472376973 2363.78933071456 3014.23705106284 2491.36007032304 1446.97961284878 2026.23419179521 3516.83451416185 4445.57364127511 1400.66948278314 1440.05208239147 592.663479556485 1820.02747232013 2906.1357504425 2620.71078144842 3174.11404962078 3211.11351403217 1340.94183319039 2540.05413328142 1890.43645754096 3036.65111594994 2559.54097447179 3025.92960922755 1608.95929097041 2853.28757751475 4479.46704419175 4141.02946137793 3882.41226558953 4556.17712561748 4208.02804173166 3629.9965564722 5006.68303370605 3652.73869856578 5152.85115251741 5058.71772290172 3711.21610796246 4523.48040782758 3937.48015868017 3710.54241317897 4298.61896427213 3755.07989262546 3034.07728972088 4138.08530603225 5407.22895760851 4530.52149316169 3789.78891232744 3624.74137008422 3755.07989262546 3401.65400944893 4759.52991376249 5649.61281859208 4192.70199274883 5174.51688566189 3825.98026654608 4414.96036222297 4733.52405719037 5448.91044154701 5503.63516232681 5038.97310967225 4433.53696274205 4535.41618817943 4364.98854523125
5264.08824014188 4767.46788138106 4592.24890440403 3772.01869030364 4053.54782875446 5425.05760338082 5319.01071628926 4867.30161383081 5053.09311214428 6064.03331125415 4432.05652039773 4495.06674032767 5452.86621878806 5582.84201818393 4859.07655835962 5221.88902601348 4865.56779831501 4344.7525821386 5318.54068330778 5880.104165744 6454.45582524197 6146.2895310911 5671.69507290369 5243.74627532645 5378.54534237651 5141.13314357837 4895.27833733691 5694.62465839497 5345.14967049567 4602.03759219761 5068.40704758408 4260.06161927266 5971.80877121832 6283.2117583287 6078.90820789391 6216.96268285406 6249.69999279965 6296.9734793788 5878.61590852813 4399.21868062955 1717.73833863019 2034.23818664384 4131.96381881545 6222.84099105867 1367.70793665899 2094.93436651366 2864.4371174805 3222.77054721555 3905.84497900262 5040.46128841399 4552.88370156761 3942.55627734088 4073.77282135369 4501.18040073934 4508.94943418087 4374.49997142531 5371.97589346788 4724.47086984352 5146.1757645848 4129.46727799119 2541.4070905701 1914.0924742551 3828.91956039821 3114.98394859428 2476.51468802428 3047.64253153154 1973.73377130757 1673.88022271607 2818.90936356599 2145.48945464665 3543.74448853187 2138.48661440749 1950.32048648421 3889.81040669079 3419.24699312583 2761.34025429682 1443.30350238611 2782.64712099828 3444.65165147363 2081.01537716568 2636.75937468704 2163.47521363199 1647.9153497677 2910.54118678984 2263.29405955126 1787.45629317195 3484.78837234056 3405.32670972992 2552.44980362004 2232.43140992058 3135.38275175456 3331.10342079017 2435.92898090236 3050.61469215632 3699.57767860063 3825 3388.30709942296 3603.29710126712 3886.03268128306 2967.53264514478 3843.33839259569 3325.4698916093 3595.22252440652 3870.80418001221 2967.84854734874 3159.70726492186 3423.17469609718 3139.36697440742 2683.3980323463 3175.49208785032 1872.99893219404 2256.93376065847 2713.04717983304 1986.51705253189 2753.52047386614 2091.79946457589 2763.71579580824 2405.33261733175 1818.30965459682 2738.72689401481 2766.54116181198 2233.55098441921 997.496867163 828.402076289045 1082.24304109567 837.779804005802 1678.16864468384 2200.71011266818 1617.67580188368 1507.48134316813 1677.05098312484 1746.78275695634 1154.61032387555 1698.8967008032 1149.72822875669 1736.37553541853 691.465834296967 1195.04184027171 1604.09631880383 1576.78470312215 0 553.398590529466 3618.18324577404 3154.06483763413 4708.63568350748 4296.00104748591 6079.21664361454 6715.69988906592 5467.34624840973 2337.06546763243 4094.5848385398 3385.81600208871 4344.10520130441 3548.7673916446 4477.79242484508 3813.21714566585 2902.36972145177 3279.00518450337 4844.2620697068 5766.87740462722 2463.86383552338 2397.13370507362 2045.72725454788 3272.04064766928 4332.50793421085 3709.53164159574 4475.34914839055 4662.21513875111 2216.27502805947 3755.07989262546 3161.48699190745 3969.09939406914 3294.50299741858 4287.91907572893 2805.12923053466 3991.39699854575 5384.29428987681 5158.79104054429 4980.77554202154 5406.36199305966 5279.08609514942 4881.40604744166 5862.00690890074 4565.76937656733 6268.42284789404 6126.6324355228 5049.81435302329 5774.56708334053 5026.80315906641 4985.2908641322 5092.82583640949 5099.08079951671 4128.02919078826 5381.91415762087 6442.67995480142 5520.69968391689 4744.07525235425 4903.18773860435 4524.72374847349 4265.99929676506 6000.88535134608 6803.07834733659 5672.41130384601 6589.90705549024 4646.03325429339 5796.82024906759 5359.33764564242 6598.72146707224 6937.30855591706 6276.2448964329 5547.29663890439 5949.47476673362 5661.32714122758
5058.96481505851 4545.73976377883 4720.96388463204 4139.21792129866 4236.15391599503 5597.32078766261 5551.63264274574 5156.24621211982 5316.3662402058 5983.4145769786 4653.56046484839 4351.65198516609 5380.17193033829 5451.20399544908 4847.35752756076 5080.04675175337 4792.18113180209 4694.21186143105 5148.84695830047 5888.28285665694 6327.815578855 5985.45111081863 5487.42881502804 5378.02240605225 5307.30628473617 5245.59338874069 5072.59795371169 5668.44334892746 5376.97638082966 4875.32050228495 5339.12446005897 4580.73411147165 6065.57911497328 6195.56292841901 6191.57693968185 6223.99590295495 6302.67800224635 6229.2154401658 5831.54139143331 4400.2130630232 2235.64867544075 2487.09167502929 3985.3638478814 6196.06730111932 1846.78775174626 2628.45011366014 3286.90583984391 3660.08879673704 3771.355856983 5118.83775871047 4580.66589045741 4100.30486671418 4141.93493430305 4840.26084007877 4700.86428223577 4496.80442091937 5349.94158846618 4790.68105805427 5098.3453198072 4367.35045536765 2964.16092680543 2386.157999798 4049.92283877113 3448.27855603343 2947.56255234728 3422.26167906547 2351.99383502593 2068.96713362006 2865.09162157164 2513.58807285522 3642.37216659693 2454.71485105704 2408.05938464981 3704.30492805331 3252.69119345812 2593.01947543785 1859.26732881531 2965.32038741179 3228.29289253624 2016.959345153 2805.57480741469 2371.84000303562 1922.40084269644 2680.48503073604 2210.48637181956 1957.99642492013 3248.26876966793 3240.75608461976 2376.70991078003 2086.56416148653 3020.24419542526 3195.70023625496 2159.86110664552 2753.63396260287 3626.72372810502 3865.95719065796 3537.38957424822 3390.61203914574 3822.46648121341 2750.22726333661 3880.72158238645 3372.49907338757 3681.79643652389 3616.02336828732 2774.32424204526 3091.11630321475 3420.6176342877 3240.85251130007 2435.54408705735 2889.85293743471 1536.83928893037 1937.78223750761 2795.64393297859 1727.35346701247 2459.80182128561 1801.90871022924 2784.21892099023 2320.1562447387 1657.18134191766 2832.95340589993 2791.72885502873 2077.2578077841 797.652806677191 462.331050222673 699.106572705478 922.293337284836 1688.56447907683 1947.59467035623 1375 1325.23582806986 1588.63148653173 1426.97231928303 918.218383610348 1361.52488041901 805.062109405231 1447.84322355703 638.846616959032 816.624148553054 1750.17856231871 1356.00516223206 553.398590529466 0 3520.12073656572 2932.68221940257 4643.14010126768 4090.4614654095 5965.15926023773 6550.81101849229 5403.76026485261 2123.23456075866 3864.82535181087 3283.48138414092 4250.44115357453 3374.35178960345 4300.36335674092 3783.26908902869 2764.9593125397 3269.65212216835 4705.9138326153 5607.63987788089 2502.62362332013 2477.90233867277 1906.23975407083 3098.99177152828 4203.34688076062 3784.26016547488 4461.64207439369 4541.47553114624 2186.46404040862 3705.82312044167 3115.48551593488 4089.62100933571 3391.34928899988 4288.93926280147 2698.61075370273 4030.66371705703 5438.46255848103 5269.54694447255 4935.77501513187 5402.31431888223 5290.67576024084 4872.43522276079 5921.41241596969 4540.78737665617 6285.15115172261 6113.76520648283 4983.53539166724 5730.45591554459 5049.38115020049 4897.63973766956 5161.94004227093 4990.67881154458 4027.17332629228 5369.70669590062 6508.21596138297 5604.07218012045 4839.03399450758 4896.04432169481 4715.99671331522 4334.16658655387 5920.88464673988 6874.09084897778 5545.26825320471 6510.42433332882 4834.31742855183 5713.19744101322 5616.82739631547 6663.37939787312 6831.81893788177 6292.25714668433 5627.94367420286 5868.02777771203 5654.36778075144
3744.74631984598 3093.13756564431 4892.21320058724 4007.10306830259 4739.59386445716 2965.0042158486 3295.54623696892 3415.13176905372 3338.78720495931 5851.38872405517 4500.76382406364 4451.19366013208 4058.4787790501 4316.03116300149 5033.94725836495 5200.78119132117 5094.97301268613 3486.85029790497 4853.92882106856 2614.98087947121 2838.35339589699 2580.33428066985 2143.15771701478 3232.35595193351 2967.95384061141 4202.38027789014 4164.43273447897 2719.37492817743 3441.02092408634 3739.98663099215 3356.52349909843 3953.08423892029 2948.5165761786 2705.78084847979 3161.19044032466 2809.47059069854 3093.13756564431 2801.45051714286 6153.7082316275 5504.60034879917 4259.32799864016 3506.69003477638 4567.89065105547 7227.89734293453 4033.06645122542 4160.22835911684 4249.85293863211 3832.75357934736 4967.20494845945 2038.07507221888 1559.24661295127 1814.18025565267 1283.30627677106 3697.54986443726 2926.92244516318 2271.83846256727 2026.23419179521 1990.4459299363 1604.8753845704 2767.89631308689 3251.53809757782 3456.51558654087 4028.10439288755 4178.89040296584 3675.68020915857 3072.96680750053 3011.33276141977 3821.7306289167 4444.37847173258 3040.04522992669 3032.01665562708 3851.37962294033 3519.58804407561 2824.11490559432 3710.96348675112 3058.39009938235 3090.0040453048 5330.27907336942 2482.56419856567 3091.41957682874 2632.25188764297 2452.93191915308 4308.7846314245 3698.47941727408 4622.09368143918 3889.89074396698 2628.45011366014 1967.5492369951 2154.93619395099 2219.23410211721 1985.10075311053 1047.0195795686 1895.05936582472 1566.44501978205 1304.0801355745 1029.8664962023 1585.28388624877 1150 669.888050348713 1497.91521789452 1025.30483272049 1070.04672795163 1298.31621725988 1567.44218394172 939.747306460625 677.310859207203 770.146090037468 1530.31859428029 2570.1410467132 2164.77481507893 2679.66882282121 2179.16268323409 2022.52935701809 2121.90951739229 1506.0295481829 1902.13695616273 1137.15654155442 1660.76036802424 1982.4227601599 1639.16899677855 1294.21791055448 1454.73365259762 3495.53286352739 3865.39131266163 2895.68644711405 2884.98266892541 3859.08020129149 3932.15907613108 2933.53455749204 4007.02508102957 4054.7811284951 2360.08474424119 2899.46115683587 3185.1216617266 3428.28309799526 3899.19863561732 3988.34238750888 3615.33193496807 2189.89154982616 2518.928343562 3618.18324577404 3520.12073656572 0 2113.7939823928 2207.09084543432 2128.52648562333 2925 3423.7223894469 2340.53946772961 2568.68156843156 1029.8664962023 1139.62713200415 730.581959810123 512.34753829798 1578.96326746381 2145.19812604803 1549.59672173117 1726.44866706195 1399.33019691565 2230.05044785987 1823.97231338636 2048.47504256215 2079.96394199515 2768.12210713328 3178.54133212076 2315.30235606497 2484.95472795784 3068.99820788478 3304.2586157866 3392.17850355785 2744.76774973767 3399.0807580874 3910.08311932112 2795.30856972893 3177.4596771635 3132.69053690274 5303.59547854095 3918.6253967431 4756.6400956978 5771.15672980729 4799.21868641136 3613.42981113512 5877.65897275437 4940.90072760018 5405.72613068772 5690.17794097865 3746.41495299173 4713.478015224 4424.50562210062 4241.53568887496 5357.99636058107 4097.94155644026 4316.61035999313 4127.19638495674 5575.89678885827 4830.95487455638 4238.21896555617 3305.48786111823 3914.47633790268 4424.22309564063 5191.39913703425 4496.45693852393 3145.03577086176 3826.30696625349 3492.93930665851 4181.1332195949 4492.91108302846 4841.81009540853 4908.66580650995 3488.37354651133 3838.78235903001 3877.49919406826 3659.32029207611
5261.41615917236 4571.99354767699 6276.99171578233 5237.24641390874 5971.4424555546 4722.35375633804 4931.91139417569 4918.96838778214 4390.11674104459 7256.76408600969 5975.67987763736 5625.05555528121 5824.24887861087 5947.05809623548 6350.88576499373 6402.63617582633 6306.79197373752 4529.48672588849 6155.78995743032 4606.11007250152 4304.4308566871 4101.06693434769 3538.18456273835 5237.96239009025 4966.95329150577 6000.26041101551 5902.17121066477 4817.22170965796 5447.13227304056 5391.02263026228 4558.71418274934 5414.90997155077 4725.52907090836 4425.84737649187 4565.90626272594 4372.07044773983 4348.92228028968 3959.00871431221 7425.88378578604 6445.63805995962 4393.31879107356 3413.39274036844 5543.69010677906 8236.54205355621 4148.7950057818 4107.69095721672 5031.46350478665 4014.11571831207 5707.45127005041 3806.98371417583 3619.13318351232 3318.60286867832 2867.2722228627 4275.95018680059 3260.55976789262 2832.29147511339 3256.72381389641 2946.39610371722 3339.53589589931 3346.73348206875 3816.49380976833 3746.74859044479 5403.35543898419 5171.79852662495 4185.09259156832 3940.65349910392 2990.61030560653 4212.03632462969 5103.98128915066 3732.45897499222 4550.68676135811 4493.32838773219 3953.24234015574 4173.27808802625 4647.10931655368 3897.1945037424 3287.66634560139 5656.5227834775 3660.43030257373 3731.11913505854 3821.07641902122 3362.47676571898 4519.12602169933 4300.36335674092 4804.75025365523 4308.20438233842 3735.89012151054 3373.51819322203 3056.65258084722 2977.93972403741 3363.22018309834 2666.57551927561 2388.12164681785 2204.11546884459 3194.33091585703 2915.90466236467 2985.79972536672 2573.05751976127 2772.5214156071 2556.73131165557 2472.97897281801 2125.5881539 2470.32386540713 2859.41427568654 1888.45174680213 2355.97644300617 2012.46117974981 2119.25694525227 3313.41968365011 3052.35564769245 2797.99035023354 2453.69619146299 3347.01359423591 2401.17158903732 1612.83911162893 1687.0832818803 1853.71249119166 2658.0067720004 2289.78710800808 2975.52516373161 2667.04424410245 1800.8678463452 3344.49174016023 3043.33287696236 2342.14111445062 2829.97349810913 4123.48457011785 4105.63636967523 1681.88881915542 3929.1379461658 4147.36362042201 1614.96903995092 2036.23426942972 3214.12896443189 2373.55219028358 3827.61348623395 3564.23203509536 3310.40027791202 2377.49868559375 1589.22150753128 3154.06483763413 2932.68221940257 2113.7939823928 0 2038.84158286023 1206.75183861472 3291.84598667678 3868.94688513554 2919.11801748405 933.407735129724 2215.00564333367 1158.39328382031 2587.83210429116 1923.70086032106 1713.18416990118 1431.34552082996 716.32743909472 1325.23582806986 2458.91236118736 3341.21983712536 1506.23703313921 1650.94669810991 1164.3131022195 761.987532706409 1566.04597633658 1963.41539160719 2018.81772332224 1775.70408570798 1783.6058981737 1713.54894881938 1204.41894704459 2495.12023758375 2468.17240078565 1952.72245851785 1355.77468629562 2036.38773321782 3791.93222513272 3289.7568299192 3022.20945667239 3979.71418571736 3315.96516869523 2495.24547890583 4339.78686112579 3113.7798573438 4113.84856308542 4118.85906532379 2438.23706804732 3340.47152360262 3036.75402362457 2581.90820905779 3783.68206909619 2502.74848916147 2369.59912221456 2972.89841736982 4446.48737769489 3691.54439225644 3085.14586365053 2441.69510791171 3289.37684067971 2918.15438248219 3606.07126940109 4521.75297865772 2688.05226883705 3739.15097314885 3288.61673048107 3033.76828383448 4316.89992934745 4322.90411644765 4024.37883405626 3857.21726118714 3422.07904642777 3096.06605226697 3098.99177152828
5853.36441715361 5191.7001069014 6970.38377709578 5500.73858677178 6735.07609459611 3738.14793714749 4051.31151604021 4302.68811326129 3334.47896979423 8058.30317126379 6430.44516343931 6632.35440850382 6206.85105347309 6475.4826074973 7214.61190917432 7390.23849412182 7281.39753069423 4031.20639511301 7039.75319169642 3642.54375402685 3165.6357971188 3266.59226105739 2866.29115757629 4871.66552628565 4929.62980354509 6239.0904785874 6091.48996551747 4296.94659031271 5407.9224291774 5298.93857295968 3579.80446393375 5501.64748052799 3459.94942159564 3349.06703426492 2993.63908980358 2873.47785792757 2604.5633031278 2344.80809449302 8350.18712365178 7595.26990962138 5451.66259043973 4121.36203214423 6704.24305943631 9374.76666376289 5326.0562332743 4910.06619099987 5727.01929453708 4138.99142304016 7026.86807902354 2762.01918892683 3104.63363378032 2807.80163116984 2198.43694474051 3591.7440053545 2178.44554671445 1653.02752548165 1719.92005628169 1529.0928683373 2314.49238495183 2578.03219529935 4246.91064186663 4512.06715375558 5947.32082538011 5881.06070364862 4743.0870748912 4106.7779340987 3686.20740056769 5298.87959855666 6366.41578912342 4420.7606811498 5092.21219117978 5504.71388902275 4753.28833545789 5003.06156268339 5819.25682540305 5105.02203717085 4247.42569093327 7019.83796109283 4619.8620109263 4992.55696011573 4496.24843619656 4120.45203830842 5852.08296250147 5681.21905932169 6345.56932039986 5590.05813923254 4746.31435958471 4148.041706637 4178.06773520966 4158.87605008853 4156.39567413883 3234.38556761559 3706.9192060254 3356.89588757233 3486.49178975084 2628.0934153869 2844.62211901687 3200.1953065399 2723.04976083802 3533.0581653859 1934.87725708893 1997.8113024007 2058.36707124847 3529.96104794373 2791.16910988926 2781.8608879669 1905.74788468989 2064.1281452468 4566.24846016946 4169.53234787788 4353.518691817 3906.2449999968 3969.49304067912 3821.81239727959 2975 3260.84728253256 2309.89718385906 3621.03231137199 3619.56489097792 3455.15918591315 3196.28690827341 3015.16997862475 4959.20860621934 4842.5200051213 4070.47294549417 4244.48171158741 5561.36224319186 5694.56978181847 3511.85492297162 5570.34559071518 5704.05557476433 3393.56007755867 3770.02984073071 4828.94916104943 4212.85235915051 5502.61301564993 5232.88878154314 5033.69893815671 3417.1442755611 3327.72444772701 4708.63568350748 4643.14010126768 2207.09084543432 2038.84158286023 0 1265.158092888 1568.6379442051 2409.4864598084 1086.56569060504 2804.1264236835 2521.03649319085 1479.0199457749 2129.55394390469 2362.46693098549 1192.42400177118 1022.55806681088 1913.43931181525 1460.52216689785 1590.7938269933 2285.96259811923 2295.7841797521 2417.38495072671 2744.76774973767 2201.41999627513 1710.81121109256 1460.09417504488 654.79004268544 1319.56432203966 3246.63287114512 2262.87980237572 2073.34271166153 2221.20462812412 3157.13477697738 1155.96280216969 2789.93727528058 1793.04210770411 3684.85074324592 2184.46217637202 3199.70701783773 4321.02418414894 3062.88262915836 1726.44866706195 4218.18977761788 3679.84374668273 3411.46962466325 3847.9702441677 1830.81266108797 2727.7509050498 2704.6256672597 2555.99784819941 3915.43420325256 2337.33288172652 3204.19646713494 2128.6732957408 3594.17932218191 3030.16088681773 2680.25185383762 1323.82022948737 2667.74717692663 3162.08001163791 3295.54623696892 2618.80220711683 1165.65432268748 1890.27114457159 2308.00238301437 2081.01537716568 3308.51175001692 2767.10588883042 2762.01918892683 1821.74367022367 1929.05417238604 1696.68795009572 1491.85287478357
5436.5660117394 4746.64355097368 6875.09090848986 5810.2280506018 6652.58408439908 4537.27616527802 4868.39295866716 5040.08928492343 4333.08492877765 7712.53038891906 6521.79039834921 6173.53221421902 6031.84258746861 6174.03838666395 6925.85734765018 6926.21830438516 6894.3364437776 4788.1363806809 6578.46866679473 4162.03075433135 3465.6348624747 3357.64054061777 2818.24413420839 5278.84930643033 4917.50699033565 6321.04619505347 6269.61920693753 4550.89276955632 5533.53413290277 5716.69703587657 4529.14175092809 5867.38868663054 4285.80505856251 3721.81071522989 4038.409340322 3669.2982980401 3642.88690464033 3030.47026053713 7994.52937951947 7211.27589265589 5389.68923037312 4283.25226901242 6199.29431467808 8954.5030571216 5169.50191024242 5033.94725836495 5833.79164866213 4636.87664274132 6483.7296365595 3490.97049543533 3480.21191883483 3403.21539136153 2772.85953484846 4476.18699341303 3195.89580556063 2655.30130117092 2540.17715917611 2543.37374367198 2787.69618143728 3452.62581233472 4529.14175092809 4615.26001434372 5998.33310178753 5926.95115552676 4967.26786070572 4508.04835821445 3830.79626187559 5165.14762615746 5987.53914392215 4510.68176665125 5053.95884431205 5381.10118841859 4819.81586785221 4567.27489866769 5313.36757621755 4611.73774189296 4212.18470630147 6673.17390751957 4122.49924196476 4575.34151730775 4466.89209630141 4090.07946133079 5548.76112298953 5080.04675175337 5817.48442198172 5271.44429924096 4210.7748693085 3764.5550865939 3716.60126997772 3720.63502644374 3834.05790253616 2949.04645605999 3097.07523318372 2676.16796931732 3378.79416360334 2952.75295275443 3248.65356724905 2750.11363401587 2761.00072437513 3033.6652748779 2414.92753514469 2319.07848077636 2564.90740573612 2992.69945032908 2318.40462387393 2654.59507269941 2128.6732957408 2444.12561052005 3995.93543491383 3550.08802707764 3706.07609204128 3246.0552983583 3911.36165548521 3247.40280839935 2250.83317906948 2602.40273593462 2342.00768572607 3303.5965250012 3157.62964896139 3487.2983812688 3149.30547899057 2571.35664581948 4417.64926176807 4232.09463504776 3462.38718227757 3869.59300185433 5115.47896095761 5055.81348548381 2885.52421580551 4986.79506296379 5175 2713.04717983304 3208.77702559714 4184.27114322196 3573.33877487148 4854.44384044146 4709.96284486407 4397.15817318413 3268.2181689722 2748.29492594954 4296.00104748591 4090.4614654095 2128.52648562333 1206.75183861472 1265.158092888 0 2174.56892279826 2702.08253019777 1986.51705253189 2134.53742061366 2022.37484161567 1302.16166431054 2253.46954716499 1993.26992652776 838.898086778126 1378.85822331377 1456.66571319572 1630.56738591203 1710.6285394556 2435.92898090236 2255.27160226878 2425.25771826418 2255.68725669141 1559.04618276689 1423.46408454868 2079.96394199515 1575 1257.72612281053 2861.16235121323 2125.73516694813 1880.32576964738 2739.86769753578 3169.48339639128 1759.79402203781 2320.96423927643 2183.60367283076 3930.01272262572 3080.78723705484 3156.73882353292 4271.63610341518 3309.55057371843 2218.3890551479 4461.92223150516 3530.66920002427 3846.26442148743 4027.87164641576 2064.2795353343 3001.87441442843 3023.76007646109 2488.47342762586 4078.75593778299 2254.99445675594 2841.43449686949 2614.98087947121 4189.57038370284 3599.82638470246 3176.96789407762 2025 3422.90081655896 3309.36172093653 3347.76044543214 3786.98428832231 1599.02313929474 2664.34795024974 3265.15696406773 2398.6975632622 4307.04364965112 3737.47909693151 3142.1529243498 2993.63908980358 2979.19871777631 2243.46272534223 2414.02154091466
6015.91638904664 5409.30910560674 7678.09383896811 6453.97164542888 7569.22221896015 4001.64028868163 4483.85994428907 4956.4352109152 4053.4707350615 8461.49366246882 7171.20980030566 7187.5760865538 6425.97268901759 6675.60858648858 7818.32782633218 7879.95875623724 7872.14233865217 4975.43967906355 7421.92697350223 3365.44944992493 2217.40275998746 2510.47804212664 2293.19645909373 5157.76114220114 4957.63300376299 6680.24138785418 6643.84113295916 4146.45933297313 5607.47269275562 5967.04491352294 4253.01363741054 6310.40806921391 3327.44271175328 2628.8067635336 2899.7844747498 2313.81719243332 2206.94925179534 1328.53302555864 8886.15496151176 8401.11599729464 6799.35658720735 5561.81175517475 7374.53388357529 10062.5854033643 6651.40962503438 6338.42448878268 6876.54528088051 5490.50316455605 7821.6846011585 2979.19871777631 3408.53707622493 3610.14196396762 2922.9693806128 4657.1182076473 3281.1964281341 2719.94944805965 1550.40317337137 2216.69799476609 2196.30371305974 3694.84438102608 5509.59390518031 5845.99221689526 6765.63005196116 6919.08592228771 6017.5784166058 5255.35441240646 5107.71475319443 6541.5976641796 7363.63531144774 5621.49891043305 5817.53813911005 6654.04012611887 6035.77874014613 5493.97397154373 6544.32005635421 5929.32331720914 5581.1065211121 8187.87212894779 5211.40576044506 5989.67862243042 5456.81912839339 5217.1591886773 7087.75352280255 6518.67509544693 7455.3252779473 6739.57528335429 5332.03760301819 4740.84644341071 5027.61126182206 5100.30636334721 4849.09785424052 3885.95226424618 4611.46668642418 4092.75274112669 4015.90587539101 3304.73145656345 3795.88593084671 3725.67108049006 3237.37934138093 4276.4617384001 2797.87866069992 3105.33814583855 3088.08192896497 3931.76169165935 3642.28636985067 3595.22252440652 2931.08341744141 3335.60339369056 5375.98828123723 4824.7409256871 5379.2425117297 4852.38343497296 4878.65247788772 4846.97070343942 3895.51023615649 4362.48209165379 3504.46144221905 4564.40028919463 4720.76529812699 4416.02196552508 4137.40558804669 4108.6037774407 6171.45647315121 6188.74987376287 5332.03760301819 5517.47224732486 6695.00746825573 6713.51249347166 4886.20507142302 6735.12249331814 6847.03402941741 4622.83733220195 5122.13334461336 5896.66219144356 5570.90656895267 6612.6299609157 6542.45748935368 6227.45935354058 4713.146507377 4662.68431271087 6079.21664361454 5965.15926023773 2925 3291.84598667678 1568.6379442051 2174.56892279826 0 915.83295420071 809.320702811932 4171.63037672323 2883.35741801116 2695.48233160598 2459.80182128561 3044.77010626418 1751.78480413549 2584.32776559012 3219.56907054345 2936.4093720052 1617.09616287962 1507.48134316813 3719.37494748782 3875.96762112379 4099.00902658191 3574.65033255002 2959.09614578506 2970.47975923082 2148.98231728416 2468.42561159943 4755.52310476986 3717.02165718738 3598.17662156821 3706.16041207069 4697.40619916992 2641.61408990791 4259.47473287494 3295.54623696892 4888.63477874958 3311.91032487294 4397.30030814362 5537.65518969898 4215.5219131206 2941.7256840161 5358.05468430474 5004.81018621086 4256.02514090319 4805.07544165542 2905.81313920906 3598.43716076855 3917.6683116364 3665.20804320846 5211.04596026556 3356.89588757233 4529.21074802222 3133.18926973779 4431.56292971227 4135.66802342741 4000.39060592838 2536.36058162084 4006.40112819473 4583.18939167912 4126.28767780435 2648.11253537307 1219.88728987559 1171.537451386 3531.81964431934 2731.52887592279 4374.57140757812 3209.94548240309 2719.48984186373 1534.80454781708 2799.4419086668 2055.63250606717 2172.84375876408
6046.17647774195 5476.48381719512 8070.81935121831 7091.72052466819 8029.04882286812 4545.12101049026 5089.57267361416 5614.82412903557 4834.96380544881 8611.07571677314 7641.00778693491 7400.42228524832 6555.96102795006 6750.64811703291 8098.68816537592 8047.12681644822 8116.07201791606 5750.76081923079 7537.15795243804 3581.3754341035 2003.90244273517 2300.81507296871 2178.58899290343 5540.19403992315 5069.33181001205 7005.13204729219 7054.91849704871 4283.9088459023 5841.33974358623 6515.89402921809 4999.5624808577 6902.53576593414 3745.74758893335 2577.42604161594 3460.67190007952 2614.14421943396 2722.47589521009 1518.63425484874 9100.34340011408 8752.92808150507 7506.4971857718 6360.22798333519 7632.74197127088 10329.4179410071 7324.87201253373 7127.19264507422 7540.92998243585 6342.46600306222 8129.19122668424 3521.09713015702 3841.30511675394 4292.50800814629 3586.78128689219 5515.43289325507 4174.62573172734 3587.91373920834 2153.77575434398 3022.41625194148 2572.69314143759 4554.46209776742 6268.32314100031 6588.00994231187 7263.3497781671 7516.06612530784 6767.29266398314 6001.3540138872 5890.98888133393 7184.09702050299 7822.20397330573 6305.15661978352 6255.49758212726 7256.63489504605 6747.36059507716 5710.18826309606 6842.74250575016 6291.51213938271 6288.58092100277 8732.98345355125 5470.71750321656 6453.48742928969 6008.37956524053 5828.80776831763 7682.04074448971 6850.59304002216 7930.36096278095 7291.81904602686 5575.44841245975 5042.87864220427 5427.99456521467 5547.69096111166 5212.6049150113 4268.56240436988 5016.2859766963 4420.7606811498 4382.49358242542 3872.82196853922 4473.11412776379 4016.45054743613 3667.1685262611 4639.03276556655 3478.95458435433 3814.69199280886 3818.86763321276 4128.2562904936 4083.96253655687 4094.5848385398 3597.04740029931 4104.57062309811 5723.52601112286 5098.1001363253 5814.74419041801 5259.81225900697 5407.28675030278 5309.13128487138 4312.33695343952 4856.05292392906 4178.96518291311 5051.11373857291 5242.79267184961 4995.24774160401 4693.81241636263 4644.1495453958 6705.82768940569 6772.04732706439 5886.5843236974 6122.39740624537 7208.80537953412 7124.95614021588 5495.79384620639 7231.05282790826 7343.91755128011 5163.02963384872 5729.31060425249 6343.25429097715 6161.27016125734 7068.45987468274 7123.37700813315 6731.73454616268 5381.33347786587 5265.63149109392 6715.69988906592 6550.81101849229 3423.7223894469 3868.94688513554 2409.4864598084 2702.08253019777 915.83295420071 0 1648.10497238495 4785.26383807622 3136.27964314409 3352.70413248769 2884.98266892541 3462.92867382509 2253.60821794739 3394.11254969543 3857.8653423882 3711.63710510605 2025.15431510786 1472.66764750231 4455.33388198909 4633.3708032058 4733.45803826336 4214.48395417517 3629.22167964427 3836.17648186316 3017.75993080961 3153.66849874872 5467.74633647173 4464.02284940389 4348.92228028968 4583.73483089936 5504.60034879917 3492.22350372939 4948.29516096201 4139.21792129866 5651.43787013535 4195.68230446491 5089.81826787558 6233.22749464513 4960.53172553104 3744.66286867056 6100.20491459098 5715.05686760858 4950 5467.06045329663 3625.08620587152 4264.97362242722 4695.27688214444 4327.67258465795 5985.08563013095 3991.71015981872 5194.58853038429 3891.4168370916 5166.11556200595 4944.82052252658 4846.32592795821 3371.66501894835 4912.61132189389 5386.61535660381 4715.79791763812 3356.89588757233 1859.60345235214 1700.3676073132 4447.6117186643 3359.31540644817 5278.55330559425 3949.84176898265 3111.57114654317 2293.06018237638 3669.21313090423 2698.49495089392 2983.91521327266
5673.73333881669 5059.95306302341 7036.37868509079 5677.25726033267 6893.88315827879 3315.2111546627 3756.99347883384 4186.73500475012 3291.37129476454 7990.42395621159 6475.24130824481 6709.97391947241 5971.4424555546 6271.26382796961 7263.86605052709 7423.35840438814 7354.80285255832 4172.52920900501 7003.92746964159 2920.40236953746 2243.18412084251 2491.4855006602 2238.58214055236 4524.65468295648 4532.72820716177 6071.08927623371 5978.13725168635 3718.28253364372 5071.61216971487 5226.67437286847 3487.56720365357 5548.76112298953 2769.81497577004 2465.3853654145 2328.89458756724 1942.61421800624 1758.72823369616 1274.7548783982 8372.35032711843 7820.88549973723 6071.96426208192 4823.51013267309 6878.13564856059 9522.24369568433 5947.37336981629 5593.57890799799 6112.8450822837 4713.61061183463 7304.02286414822 2294.15016945273 2775 2824.11490559432 2155.51617947999 3882.8147007036 2544.35650017838 1939.87757345663 917.196816392207 1412.88711509448 1681.88881915542 2908.93021573224 4726.85148909927 5092.94855658292 6063.10563985158 6178.8955323747 5238.91687278964 4457.71802607567 4372.78515365207 5831.16626413619 6745.78572147085 4869.16317245582 5163.93745120911 5944.85071301206 5284.2336246612 5038.97310967225 6037.02120254683 5396.46875280493 4860.1697501219 7532.51286092497 4749.86841923016 5394.78915250633 4756.77148915102 4503.47088366296 6421.54576406647 6019.60339225102 6873.99992726215 6086.20366073959 4885.75736196549 4242.41971049541 4486.85580334381 4532.17662939122 4300.14534638075 3351.58544572565 4119.84526408456 3676.70028694208 3452.89733412391 2594.46526282392 3023.03655287196 3290.61164527205 2647.75848596506 3785.91138300938 2040.98628118858 2364.45025323012 2310.0324673043 3568.08772313686 3133.4884713367 2981.29585918607 2224.01663662842 2583.3602149139 4880.44567637014 4395.80766185237 4871.72967230326 4368.99588006215 4201.33907224828 4318.05801257927 3458.32329315812 3865.71468165978 2814.91562928625 3964.05726497486 4144.65016617808 3713.99380721078 3464.9134188317 3540.92149023386 5597.93488708113 5656.02554803282 4796.67853832212 4891.57438868101 6086.1009686005 6192.63675666513 4392.60742611948 6175.50605213856 6266.72761495184 4128.33198761921 4582.98483523566 5377.55753107301 5065.07650485163 6084.971240688 5960.80950878318 5692.86834557062 4034.69329689383 4137.40558804669 5467.34624840973 5403.76026485261 2340.53946772961 2919.11801748405 1086.56569060504 1986.51705253189 809.320702811932 1648.10497238495 0 3723.23783822629 2553.67382412085 2127.35163995048 1918.49550429497 2560.88363655985 1469.26852549151 2038.68830378751 2700.57864169885 2307.05439901187 1252.99640861417 1538.66825534291 3066.14578909745 3214.12896443189 3556.94742721902 3223.44923955691 2747.04386568544 2309.4912859762 1637.26143300329 2301.22250119366 4252.05832509386 3348.69377519056 3125.19999360041 3160.39950006324 4203.04948816927 2175 3833.48731574789 2816.13653788306 4632.62884332427 2878.15044777023 4207.58244126006 5331.33426076437 4001.01549609596 2660.12217764523 5138.70119777362 4738.20904984151 4164.28265130983 4715.79791763812 2755.67596063108 3542.06860464334 3652.82424981 3534.29625243838 4908.15647672321 3277.38462802278 4277.11935769859 2960.04645233821 4284.41944725303 3850.81160276636 3604.25096240537 2215.42885238953 3441.83817167513 4195.0119189342 4133.24932710331 2502.49875124844 1423.24453274903 1581.92920195564 2902.36972145177 2775.56300595032 3787.7268908938 3083.62611222567 3056.65258084722 1331.58739855858 2428.34820402676 2166.36215808899 2002.18630501759
5417.67939250746 4755.85165874631 6004.42545128175 4952.14599946326 5621.22095278241 5045.60452275047 5151.9413816541 4997.87454824548 4592.18085445249 7124.73683724529 5734.65343329481 5453.78309066285 5917.40018927231 6032.72326565706 6121.17227334765 6236.28495179622 6076.23444248163 4491.38063405898 6084.61173781861 5140.89000076835 5084.47391575569 4850.25772511111 4296.07378893799 5419.40956193569 5269.54694447255 5966.41642864458 5817.48442198172 5253.62969764714 5617.94001391969 5323.82616169987 4741.37374607824 5236.05290271212 5223.68404480975 5129.38836509773 5099.87744950798 5041.70110181078 4996.81148333615 4758.93895737275 7190.35812738142 6038.72917094317 3700.84449821929 2849.34202931133 5277.19148790339 7856.72482654191 3449.09408395886 3460.22036870486 4538.37801422491 3654.87687891124 5320.12687818627 4266.21905204128 4003.51408140399 3526.06366930604 3247.88392649737 4268.34276974097 3513.01152858911 3215.68421957132 3962.48028386262 3476.88797633746 3983.55996565886 3480.21191883483 3423.17469609718 3200.48824400278 5133.34686145404 4740.64868978919 3708.26778968294 3684.59631438778 2495.24547890583 3599.30548856304 4596.26206824633 3308.51175001692 4409.22328760974 3954.90202154238 3414.39965440486 4193.00011924636 4398.08196831301 3629.9965564722 2715.92525670351 4979.58331590104 3654.62036332093 3318.32035825355 3566.77375228651 3041.99769888144 3832.91664401928 3957.03487475155 4169.75718717529 3715.08748214628 3717.27386669317 3439.56756002844 2899.46115683587 2734.15892003373 3351.30571568754 2878.47615935932 2270.60014093191 2359.15768866772 3416.86991265398 3225.87197514098 3094.14770171044 2893.63525690437 3160.39950006324 2637.35189157609 2874.56518451052 2401.17158903732 2755.22231407921 3189.63164017414 2116.30574350683 2574.02894311622 2378.28719880506 2269.6365347782 3124.69998559862 3072.56000755071 2397.65510447187 2237.32541218304 3210.3348734984 2113.20254590042 1744.27635425124 1446.97961284878 1957.99642492013 2535.49797870162 1969.2955593308 2907.10336933519 2670.32301416889 1691.33822755828 2664.93433314969 2180.1662780623 1639.55024320696 2189.74884404582 3518.61123172197 3578.58212145537 782.623792124926 3261.42223577383 3507.40288532698 1064.48344280219 1217.06614446381 2701.50421062045 1492.48115565993 3212.76749859058 2761.11390565474 2625.59517062322 1943.90071762938 847.422562833915 2337.06546763243 2123.23456075866 2568.68156843156 933.407735129724 2804.1264236835 2134.53742061366 4171.63037672323 4785.26383807622 3723.23783822629 0 2814.4715312115 1744.45550244195 3182.47152383175 2400.65095338744 2591.09050401564 1964.37012805632 1120.54674155075 1686.7127793433 3251.53809757782 4173.12832297307 1394.18434935987 1445.03460166184 694.172168845741 990.265116016918 2106.24072698255 2252.49861265218 2627.85558963958 2453.18670304565 1030.77640640442 1805.89313083582 1233.64297914753 2564.29814959181 2107.87214982313 2427.57595143798 918.218383610348 2262.32734147824 3816.57569032765 3607.45755345784 3125.4999600064 3880.15785761353 3489.0005732301 2934.06714306268 4346.11895833513 2973.31885273006 4420.8313697765 4306.24546443883 2946.82032027743 3746.83199516605 3237.37934138093 2905.38293517395 3681.37202683999 2938.74973415567 2284.45836031213 3414.21660121323 4726.12420488501 3892.78178170829 3198.53482082031 2970.79534805075 3358.0128052168 2804.57215988464 3950.79106002836 5128.35256198323 3541.62745076328 4567.8222382225 3487.65680651064 3641.59992311072 4433.60744766607 4831.53702252192 4736.36200052319 4573.90697325601 3886.75635974266 3816.16626996257 3726.09044442026
3444.74237062803 2765.97631949372 5301.12016464445 4865.56779831501 5233.72477304644 3761.89779233833 4176.87083831904 4364.91695224548 4296.00104748591 5838.07545343498 5093.00991556074 4416.16349335031 4075.30673692177 4190.31621718457 5200.72110384704 5123.71935218938 5159.15448499073 4510.12749265473 4701.1966561717 2944.91086452544 2611.63263113325 2199.71589074589 1656.04951616792 3840.73560662538 3002.81118287514 4617.96762656474 4729.4952161938 2903.55385691397 3748.33296279826 4549.79395137846 4319.50517999458 4788.65847602437 3539.50914676032 2643.26975543549 3803.78101367573 3140.6607585029 3570.80173070418 2870.32228155655 6215.5048065302 5705.4798220658 4987.35902056389 4365.91914721288 4567.41173970554 7322.78123393018 4695.07720916281 5000.06249960938 5042.13496447685 4807.35114174116 5013.85580167599 2758.96266738062 2208.36477965032 2808.35806121655 2223.45451943592 4700.13297684225 3799.83552275622 3110.5666686313 2408.83789408918 2731.98645677463 1918.65838543499 3735.05354713959 4189.64497302576 4303.55957319055 4642.19775537406 4889.65745221483 4577.52662471776 4054.93526458808 3872.33779518265 4484.83555997319 4772.90529971002 3877.01560481771 3550 4488.45741875758 4339.42680546636 2733.13007374329 3743.91172438667 3179.327759134 3862.96518234374 5759.88281130788 2394.78600296561 3411.5612261837 3315.58818311322 3206.82865148732 4821.6957597924 3715.08748214628 4874.74358300003 4363.26998935431 2493.1155207892 2016.64944896231 2343.74166665185 2506.61624506026 2211.3344387496 1323.5841491949 1956.24001594896 1329.23850380584 1688.56447907683 1964.37012805632 2602.64288752798 929.045208803102 1314.58168251349 1535.61876779362 1984.15599185145 2053.80743985409 2297.55304617761 1082.24304109567 1151.08644332213 1425.43852901484 1738.17432957687 2477.65009636147 2593.74246986859 1966.75494152169 2791.95272166274 2218.52991866236 2697.91586229074 2322.84846686132 1442.65380462535 2074.24685126915 2023.61063448481 2119.84669257001 2362.3346502983 2458.91236118736 2082.81660258411 1877.99760383234 3807.31204394912 4160.00300480661 3180.90002986576 3388.03040128037 4211.66534757927 4035.62262854197 3226.64686633043 4247.13138482906 4332.50793421085 2575 3252.88333636483 3322.36737884298 3704.55800332509 4050.38578409514 4347.26925782151 3828.18494851019 2910.54118678984 2857.11830346592 4094.5848385398 3864.82535181087 1029.8664962023 2215.00564333367 2521.03649319085 2022.37484161567 2883.35741801116 3136.27964314409 2553.67382412085 2814.4715312115 0 1637.26143300329 1114.95515604889 658.122329054409 1457.30916417897 2645.04253273931 1938.2659776202 2373.55219028358 1334.63478150391 1918.00677788166 2549.75489018062 2790.49726751344 2497.62387080201 2956.45480263102 3340.09730397185 3032.53194542119 2949.68218627024 3215.10108705776 3736.47561212435 3750.16666296313 3177.36132663567 4053.62492098122 4457.64792239136 3275.95405950694 3503.12360615494 3667.8501877803 5727.56492761104 4523.41132332668 5032.39505603445 6087.84649937891 5166.53897691675 3994.52750647683 6289.97217799888 5258.86156881886 5745.32418580536 5975.26150055376 3988.89082327406 4956.4352109152 4829.91977159041 4441.00213915733 5804.41642200144 4245.58594307076 4542.43877228962 4462.97266404355 6001.87470712277 5325.29341914603 4785.72094882265 3704.81106130933 4652.55306256683 4910.89350322322 5352.33593863464 4954.4172210261 3146.72448746311 3897.91610992335 4281.50090505654 4331.13726404509 5319.83317407604 5282.8732712417 4933.87525176711 3858.35133185147 4384.70352475512 4012.86992064283 4005.93309979086
4755.19452809241 4078.75593778299 5708.21776038721 4508.67219921786 5449.19718857741 3578.58212145537 3825.98026654608 3887.56028892158 3401.65400944893 6797.33403622332 5281.63090342368 5286.59862293327 5137.36313686311 5363.94211378162 5894.96607284554 6064.29097257049 5933.06413246983 3636.70523963656 5771.75233356387 3501.16052188414 3434.20296429899 3283.38620938811 2783.09629729192 4195.6078224734 4107.15838506381 5193.62590104447 5071.3656937752 3798.84850974608 4536.5873737866 4466.68221390329 3538.7144558441 4581.82550955403 3573.33877487148 3453.80225259061 3464.37223750566 3300.28407868171 3308.51175001692 3056.65258084722 7026.06753454591 6179.65411653436 4242.71434343629 3186.78913641929 5302.53477122027 7975.50938812061 4044.36336151934 3926.98994141824 4563.03079104229 3548.06285175446 5579.59451931769 2648.82049221913 2519.17645273212 2243.0448056158 1722.82471540201 3503.65880188126 2485.08048159411 1914.41897190766 2231.17121709653 1898.18992727282 2268.67251933813 2506.74091202102 3281.57736462208 3411.92760767282 4752.43358712144 4657.99044653378 3725.83883172635 3236.60701970443 2702.42946253922 3987.24528967055 4923.79426865096 3243.16589153253 3869.18919154905 4175.74843590942 3592.52696579998 3726.3420401246 4405.25254667652 3666.5719684741 3033.25320406985 5604.74129643822 3289.09181994057 3534.91513335186 3219.27786933654 2830.74636800968 4465.07278776058 4224.77810068174 4878.90868945095 4171.4805525137 3410.27858099599 2855.47719304497 2745.67842253968 2704.39457180346 2826.76935741139 1984.62842869893 2256.93376065847 2011.52926898914 2373.94713504745 1826.71152621316 1994.21037004625 2013.39265917009 1789.55301681733 2162.17483104397 1329.0033860002 1076.45250708055 1395.30462623758 2398.04607962399 1405.56927968706 1526.84314846025 909.326673973661 1233.13624551385 3130.59499137145 2814.69358900751 2880.64662879708 2447.70300485986 2684.56234794426 2344.94136387245 1579.75472779796 1809.17799013806 1044.32992871027 2199.28965804871 2144.46963140073 2222.18923586629 1914.0924742551 1537.44918615218 3517.98948264488 3533.76569681692 2673.24708921566 2841.76441669608 4106.24524352845 4217.00426843512 2316.92144881953 4114.15240359421 4241.90405360612 2013.39265917009 2465.3853654145 3356.52349909843 2958.56806580481 4037.48065010843 3853.97522047042 3596.26542401976 2094.48681065315 2020.21038508369 3385.81600208871 3283.48138414092 1139.62713200415 1158.39328382031 1479.0199457749 1302.16166431054 2695.48233160598 3352.70413248769 2127.35163995048 1744.45550244195 1637.26143300329 0 1562.84996080878 1197.3930014828 1186.11761642765 1095.73035004056 627.495019900557 743.723739032176 1614.19484573579 2583.72308887775 1164.3131022195 1380.67012714841 1451.29252737 1693.73846859543 2070.47699818182 1451.50783669948 1589.41813252523 2025.77145798829 2417.77273539098 2260.66914872566 1649.62116863236 2426.15951660232 2891.36645896019 1780.09831189179 2158.99282073841 2074.24685126915 4200.37200733459 3038.40007240653 3619.82389074386 4638.29171139548 3693.74471234816 2571.11357197616 4773.16718751816 3813.62688264072 4356.38898630506 4580.59766842712 2684.56234794426 3650.42805709139 3332.04141630923 3121.39792400777 4255.07050470377 3001.35386117665 3194.03741368194 3097.37792334097 4568.16429214187 3805.50587964334 3202.53805597998 2329.16293977042 3059.71812427223 3334.85381988476 4098.85654786795 3962.08594051164 2468.04578563689 3326.127628339 2791.39302141422 3204.00140449407 3848.86346860992 4053.00814210877 4082.43187328337 3139.46651519012 3047.74506807902 3032.53194542119 2834.71779900575
3827.12359350988 3208.77702559714 5235.81416782529 4365.27490543265 5153.03308741561 2705.78084847979 3154.06483763413 3435.93146031757 3292.60535138969 6079.57646551139 4810.73019405578 4800.06510372516 4117.64495798266 4401.34922495364 5367.32009479591 5508.00553739736 5444.37783405965 3655.21887169565 5096.38352167495 2049.54263190596 2121.61495092771 1915.88752279459 1535.61876779362 3128.59792878535 2806.91111366213 4331.13726404509 4332.86856481939 2318.67419013539 3379.81138526989 3895.02888307648 3306.81115275729 4211.36854240994 2458.91236118736 1993.42669792496 2704.04789158772 2154.50110234365 2546.81173234301 2131.46076670437 6459.73103155232 5971.23312222861 4904.90825602274 4094.89010841561 4994.68467473173 7627.17182184852 4701.26312813907 4762.48359577227 4772.18503413269 4266.58528568222 5467.34624840973 1657.18134191766 1311.96417634019 1914.74541388666 1259.2160259463 3861.1041167003 2995.51748450915 2285.27897640529 1468.2046860026 1786.23206778963 914.808723176599 2917.40466853675 3762.14699340682 4054.7811284951 4399.78692665906 4669.78318554513 4210.32955954757 3491.1495241539 3604.25096240537 4462.41246412745 5025.31093565363 3609.79570059027 3388.67599513438 4452.17643406009 4116.5823203235 3136.57854994897 4182.25417687639 3601.56216106289 3739.40169011033 5967.88279040398 2887.14824697313 3713.90966502956 3143.44556179998 3041.4840127806 4979.14400273782 4251.91133491751 5279.32287324805 4539.13538022386 3033.5622624235 2359.81990838284 2741.57801275105 2851.97300127473 2439.90266199289 1514.5131230861 2537.46921163588 2108.61328839595 1557.44181271725 1149.72822875669 1899.17745353087 1509.55291394505 787.400787401181 2052.43757517738 1136.33181773635 1472.66764750231 1543.33243340507 1817.45013686758 1597.85011812748 1296.63024798899 1192.42400177118 1951.44177468865 3131.79261765526 2641.02252924885 3354.19513445476 2832.18113827488 2540.05413328142 2810.47149069333 2133.21939799918 2603.00307337506 1757.306177079 2305.83498975967 2696.98906189847 2172.69993326276 1879.82711971075 2181.45593583735 4209.36456012068 4592.92934846597 3621.63637048227 3604.94452107102 4527.27843190586 4576.63905065715 3619.13318351232 4701.99425775915 4735.10823529938 3064.10672137901 3616.7146694203 3864.74449349501 4141.63313199033 4581.89371330239 4714.93637284746 4327.3115210255 2880.42965545073 3221.99472376973 4344.10520130441 4250.44115357453 730.581959810123 2587.83210429116 2129.55394390469 2253.46954716499 2459.80182128561 2884.98266892541 1918.49550429497 3182.47152383175 1114.95515604889 1562.84996080878 0 1019.19085553198 1502.28991875736 2392.30537348391 2102.08230095779 2125.5881539 927.698765763974 1598.63222787482 2420.35637871781 2634.62521053754 2752.95296000495 3218.50120397678 3412.01919689793 2582.02924073295 2543.865169383 3194.33091585703 3914.15699736227 3765.38510646654 3195.89580556063 3696.78914735477 4386.62740610597 2961.20752396721 3714.33035687457 3411.7444218464 5568.71843425397 3997.73373300424 5040.39928973886 6108.90743095687 5016.84661914235 3740.73856343904 6134.3805718263 5323.88485976171 5501.42027116635 5873.82967066632 3863.53141568695 4812.28895641149 4638.42645732365 4457.64792239136 5685.1231297132 4269.14804147151 4717.18931144384 4212.03632462969 5652.93065586338 4986.16836859727 4474.51114648293 3372.31374578345 4136.04581696093 4786.56975296506 5328.98911614576 4220.55979699376 2943.84952061073 3465.27415942808 3619.65122629239 4178.89040296584 4592.52109412684 4721.95669188103 4746.18267663604 3105.84127089586 3796.87371399155 3759.82047443758 3562.74121990357
3584.07937970129 2904.30714629152 4975.3140604388 4317.04470674094 4836.70859159408 3456.33476387922 3794.15669154557 3896.87374699258 3838.61954353385 5772.02304222705 4691.6814683011 4306.46316598668 4060.32634156418 4238.58761853521 4998.81235895087 5055.2571645763 5001.37481098947 3951.97735317398 4698.47049581031 2958.14553394521 2964.58260131169 2627.37987356225 2126.17614510181 3585.12552081514 3057.57256659593 4375.21428046673 4397.7266854592 2953.38788512447 3629.47999030164 4104.26607324623 3862.80338614328 4290.90608147044 3398.7129917073 2903.66148164692 3623.62042714189 3170.27207034349 3494.99642346026 3037.78290863584 6079.11383344645 5428.91563758362 4371.14115535063 3711.72129880464 4405.46535566902 7130.91859440283 4099.16149962404 4347.98804046193 4454.63242030137 4163.23191763322 4795.89668362445 2517.68743095723 1971.35740037163 2310.0324673043 1793.56488591854 4145.10253190437 3336.44646293028 2686.30787513271 2366.03571401617 2421.13093408845 1933.42313009853 3206.82865148732 3541.18624192515 3655.81728208618 4205.72526444607 4355.52809656877 3932.9537246197 3427.91846460793 3218.01569293874 3903.28387386826 4378.92680916226 3252.21078652661 3167.11619616332 3938.98781414718 3706.07609204128 2660.4745817241 3540.65671874583 2893.31125183586 3225.7751006541 5292.15220869544 2271.7009046087 2993.63908980358 2790.38527805749 2614.74186106392 4295.7100693599 3478.32574667756 4478.97867822565 3865.71468165978 2394.52500508974 1827.90864104309 1990.28892374951 2086.26460450251 1911.31499235474 972.753822917186 1609.73600320052 1152.71418833985 1410.89510595225 1512.65495074058 2029.93226487979 848.528137423857 991.841721243869 1238.44660765008 1515.33824606917 1473.94029729837 1758.72823369616 1227.54836971909 644.689847911381 850.734976358678 1177.12573669936 1880.65812948553 2335.19271153368 1849.66213130939 2428.60556698695 1885.13925215089 2176.72345510402 1898.68375460475 1117.19514857522 1637.26143300329 1376.81698130144 1614.19484573579 1847.29532019112 1876.66592658363 1494.15527974839 1317.66839531044 3344.58517607191 3694.75980274767 2710.62723368596 2831.62938959179 3759.65423942149 3711.72129880464 2765.97631949372 3832.59050773755 3909.44369444043 2131.31414859471 2753.52047386614 2954.23424934449 3247.01786259331 3682.56025069516 3858.35133185147 3411.46962466325 2275.54938421472 2363.78933071456 3548.7673916446 3374.35178960345 512.34753829798 1923.70086032106 2362.46693098549 1993.26992652776 3044.77010626418 3462.92867382509 2560.88363655985 2400.65095338744 658.122329054409 1197.3930014828 1019.19085553198 0 1516.78113121175 2278.5686296445 1476.90554877419 1886.96184381137 1489.33710086065 2282.13167893529 1948.55715851499 2186.60696056699 1977.05589197675 2644.80623108764 3136.18000121167 2565.7601212896 2670.67407221473 3062.47448968967 3249.32685336517 3395.86145182633 2755.22231407921 3595.65710267261 3975.3930623273 2948.5165761786 3093.74368686225 3270.89437310348 5386.61535660381 4169.90707330511 4755.32596148781 5770.29028732524 4871.34478352744 3727.85125776231 5957.92539396055 4921.88988092989 5511.06840821269 5733.72697292084 3793.16820085796 4768.31993473592 4517.8811405348 4227.66188335822 5428.4551209345 4075.61345075806 4241.53568887496 4234.53067057023 5732.63682784807 4993.55835051519 4398.29512424985 3452.71632197028 4185.1672606958 4502.08285130338 5190.19508303879 4800.32550979618 3193.15674529141 3967.44565180167 3829.24600933395 4228.10536765582 4856.82509464774 5080.41582943759 4956.56130800377 3782.02987825321 4103.50459972936 3960.74487943872 3840.32876196817
4889.52962972922 4216.41138884716 6453.14845637383 5459.281088202 6292.90274833483 3893.98574727746 4293.16316950567 4544.63969969017 3951.97735317398 7240.03625681529 6076.90299412456 5793.85450283315 5424.65436686984 5602.90103428572 6510.08832505366 6528.11228457354 6507.92785762104 4462.48249296286 6134.43151400356 3351.67868388364 2664.69979547415 2552.69465467376 2027.62175959916 4602.03759219761 4201.56220946448 5739.17459222143 5720.63152108227 3757.07665612508 4850.64428710249 5202.70362407854 4103.27613011847 5429.20344065315 3559.23095626007 2888.87954058317 3417.96723214252 2913.76045686669 3014.65172117776 2320.82959305504 7580.64970830337 6933.88419286045 5405.66832130866 4361.33580454429 5894.27688525064 8640.05931692601 5187.72589869588 5108.63240016347 5640.31249134301 4623.64845116927 6264.98204307083 2801.89667903726 2771.39405354056 2916.44046741914 2217.26182486417 4294.61872580093 3054.70947882119 2398.3066943158 1840.85577925051 2077.55866343167 1980.53023203384 3250.0961524238 4399.50281281874 4576.36591631395 5595.86901204808 5661.49273601936 4859.52672592712 4275.65784412177 3878.30504215437 5095.95427765988 5817.26954850813 4345.8313358896 4605.56728319107 5231.15665986023 4737.4175454566 4127.19638495674 5027.73557379463 4367.56511113458 4197.7672636772 6621.27253630297 3746.49836514044 4409.22328760974 4144.65016617808 3858.91824220208 5533.76002370902 4904.65340263713 5799.40729730203 5186.34023180123 3852.51541203926 3329.88363160036 3458.41365368575 3513.2783835045 3427.64496411166 2477.52396557531 2944.59250151867 2444.50915318393 2810.0266902647 2373.28885726116 2835.48937575157 2276.09863582403 2125.29409729571 2711.43412237878 1907.38695602125 1980.68801177773 2173.13138121007 2521.16044709574 2027.00518006245 2210.91044594755 1727.7152543171 2251.94360497771 3773.09554610005 3257.58729737209 3678.48474239054 3158.81702540682 3551.40817141595 3169.48339639128 2172.26839962285 2644.56990832158 2137.46344997991 3036.4452901378 3080.28001973847 3130.29551320638 2787.13562640931 2469.94433135648 4495.34481436074 4519.61004955074 3640.82751582659 3917.42900382381 5072.28991679301 5026.05710273968 3262.85917563109 5045.35677628451 5182.96488508267 2916.01183125172 3477.24747465578 4192.92558960924 3916.15244851372 4904.39853600826 4881.47006546184 4517.8811405348 3240.75608461976 3014.23705106284 4477.79242484508 4300.36335674092 1578.96326746381 1713.18416990118 1192.42400177118 838.898086778126 1751.78480413549 2253.60821794739 1469.26852549151 2591.09050401564 1457.30916417897 1186.11761642765 1502.28991875736 1516.78113121175 0 1624.42297447432 1631.14223781987 1721.55453006868 873.927914647427 1661.70093578839 2340.67298014909 2545.21610084488 2492.61408966571 2231.73139064718 2155.80611373101 2185.17733834122 1719.19312469542 1893.57466184991 3361.36133136561 2776.01332849826 2406.89114834884 3089.19487892881 3706.32904637459 2094.18838694135 2925.85457601707 2612.82892666167 4551.5107382055 3326.03367391252 3875.08064432213 4999.5624808577 3928.81979734373 2695.59826383681 5094.97301268613 4259.76818618103 4387.3397406629 4685.08271004899 2648.58452762981 3592.87489345232 3602.34298755685 3204.48903883287 4717.38804848615 2963.31739778242 3606.93775937429 3108.95882893293 4656.58136404809 4070.93355386698 3645.9738068176 2383.66839136655 3672.19280539571 3906.8049605784 4026.31965944086 3703.88309750726 1708.25203058565 2562.95727627286 3338.41279652472 2904.09194069334 4382.707496514 3920.77798402307 3487.92560127076 2702.89196972428 3119.79566638586 2556.48684721827 2611.75228534408
5840.91174389752 5168.35321935334 6577.09092228471 5009.24145954255 6256.64646595922 3906.16499907518 4087.02214332147 4152.86045997214 3264.48694284416 7832.66397849416 6045.24606612502 6325.04940692166 6162.84228258358 6425.82679505136 6872.31765854868 7110.29183648604 6939.06513876329 3681.20224926586 6841.69204217787 4097.10263478961 3941.52571981967 3941.28786058567 3485.14705572089 4896.29962318484 5073.27556909735 6068.92700565759 5859.34083323372 4607.80587698744 5433.34611450439 5041.51514923837 3509.36247771586 5126.88989544344 3892.38037709574 4025.31054702615 3489.44838047506 3565.63458587668 3294.21842020228 3235.1584196141 8028.46498404272 7094.62824959842 4598.64110363051 3233.03263206544 6310.20998065833 8929.55066058757 4482.60526926028 4019.56154325319 5050.30939646276 3392.17850355785 6533.28018685867 3052.56040071282 3248.94213552658 2650.58955706084 2205.67450001128 3203.12347560939 1956.39975465139 1585.28388624877 2424.61337124087 1837.11730708738 2831.73974792882 2232.2914236273 3534.38467063222 3704.30492805331 5513.27942335594 5281.21671587145 3999.53122253096 3517.98948264488 2818.46589477325 4526.72619008484 5746.9013389826 3730.2814907189 4746.70938651188 4806.11589539828 3980.81335910138 4800.65099752107 5409.54018378642 4645.76419978457 3427.28026283232 6262.9865080487 4359.9025218461 4405.39442048042 3992.57122666584 3517.81181986757 5061.00286504562 5185.61712817288 5629.44269000049 4871.40893376855 4481.69889662391 3923.0887066188 3744.74631984598 3651.96864718196 3858.91824220208 3049.69260746063 3250.0961524238 3069.71089843979 3383.23070451898 2561.00566184458 2523.63824665898 3106.74669067177 2736.4438601952 3231.19559915521 1871.66369842448 1646.77715553745 1806.58517651397 3487.47759849436 2481.68289674567 2530.93362220347 1654.91691634354 1512.44834622542 4137.48111778169 3882.09028746113 3753.83137607432 3397.88537181583 3532.52742381429 3253.74783903117 2568.31656927257 2657.30126255944 1761.74629274479 3154.95641808251 3001.14561459453 3018.69176962472 2791.39302141422 2451.14769036874 4186.66036358337 3957.35075524018 3275.95405950694 3447.28153767574 4846.32592795821 5056.18433208284 2631.30195910694 4821.63094813363 4973.24089503012 2656.47793139713 2902.58505474 4175.74843590942 3328.85115317582 4796.15731601873 4375.21428046673 4270.39225364603 2645.51507272213 2491.36007032304 3813.21714566585 3783.26908902869 2145.19812604803 1431.34552082996 1022.55806681088 1378.85822331377 2584.32776559012 3394.11254969543 2038.68830378751 1964.37012805632 2645.04253273931 1095.73035004056 2392.30537348391 2278.5686296445 1624.42297447432 0 1250.249975005 645.174395028197 2177.44115879167 3060.84138759263 1445.6832294801 1519.25146042385 1919.7981664748 1442.87040305081 1330.88316542062 718.505393159996 683.282518435822 1259.2160259463 2257.48754149386 1472.24318643355 1110.46161572564 1473.30410981576 2213.73553072629 689.655711206686 1866.98286012486 1045.52618331632 3184.14038635234 1990.91687420645 2703.0075841551 3743.41087779581 2662.11851727154 1504.16089564913 3753.99786893919 2996.9776442276 3289.7568299192 3567.73737822727 1715.00728861425 2643.86081328046 2281.58387967657 2220.07882742933 3295.64106055256 2129.26043498676 2510.72698635276 2045.26893097216 3476.88797633746 2715.00460404766 2146.36320318813 1283.79320764678 2119.84669257001 2419.83987073525 3155.74872256965 3185.71028186808 1994.52375267882 2816.24750332779 1954.80178023246 2298.91278651453 3010.50244975818 3066.14578909745 3298.76870968548 2641.61408990791 2064.7336389956 2227.52665528384 1914.0924742551
4884.73387197297 4205.20510795847 5704.60340426922 4559.94791636922 5397.68468882724 4063.86515524322 4250.66171319243 4216.85605635288 3779.3848705841 6812.76375636202 5336.72418249248 5227.98957535303 5316.3662402058 5500.73858677178 5864.8849093567 6015.96833435815 5872.39303861722 3862.39886598989 5773.91764749031 4060.40330509175 4012.32476252858 3816.82132146633 3288.9017923921 4560.77022003959 4439.87612439807 5371.80137384099 5239.87118162269 4265.12016243388 4837.54844936978 4681.74646900064 3918.38614738262 4716.26176118332 4146.53469779284 4037.32584763727 4043.28146435541 3923.7259078585 3917.1099039981 3671.59706394915 6982.25429213231 6019.29190187683 3936.76580456598 2937.79253862488 5173.55052164372 7835.57592012227 3713.23645893983 3652.22534901668 4438.0457410892 3480.84041576169 5371.27778093816 3201.17166050182 2992.07286007544 2623.45192446898 2218.24818268831 3705.14844506937 2790.7212329432 2329.96781093645 2856.89954321114 2448.59653679409 2869.77786596803 2776.01332849826 3200.1953065399 3202.14771676761 4773.03624541025 4568.71152514579 3595.91782442258 3273.66384957283 2475.25251237121 3719.96303745078 4684.94930602242 3120.59689803089 3934.70138638245 3967.13057511345 3395.40130176096 3757.90832778023 4269.07484122731 3503.0343989176 2768.00921241242 5278.55330559425 3269.07861636884 3304.2586157866 3194.33091585703 2740.55195170608 4123.48457011785 3993.11908162028 4514.28288878754 3878.94960008505 3371.01616727063 2910.75591556558 2620.35302965078 2529.57506312819 2855.14885776556 2143.01189917368 2049.39015319192 1925.48695139697 2620.23376819703 2245.69031702949 2271.7009046087 2170.54140711482 2187.17854780994 2138.04817532253 1828.93411581719 1434.83448522817 1795.30638053787 2533.89522277461 1425.43852901484 1736.37553541853 1342.80490019958 1446.76362962303 2961.73513332979 2736.55805712212 2536.11415358221 2171.40507506085 2711.66461790539 2052.74206855123 1364.96336947187 1418.40579525043 1138.80419739304 2116.74868607494 1856.4078215737 2300.13586555229 2004.68201967295 1303.84048104053 3085.24715379498 2974.26461499309 2164.19731078291 2448.08598705193 3767.79113009201 3863.04607790277 1705.32255013531 3693.74471234816 3859.56603778197 1481.97503352789 1903.45081365398 2976.36523296453 2367.62011310936 3623.36169875435 3364.24211376054 3131.59304508105 1823.62962248369 1446.97961284878 2902.36972145177 2764.9593125397 1549.59672173117 716.32743909472 1913.43931181525 1456.66571319572 3219.56907054345 3857.8653423882 2700.57864169885 1120.54674155075 1938.2659776202 627.495019900557 2102.08230095779 1476.90554877419 1631.14223781987 1250.249975005 0 847.422562833915 2183.60367283076 3136.57854994897 918.218383610348 1120.2678251204 881.050509335305 1262.43811729526 1961.02651690384 1602.53705105373 1885.80221656461 2074.84939212464 1863.63220620379 1983.21078052737 1303.36103977371 2369.59912221456 2532.53825242581 1903.94327646598 1637.83393541592 2019.59154286207 4027.63888649417 3187.57352856369 3397.33351321297 4346.26276242015 3574.38805951452 2625.95220824752 4595.99010007637 3478.32574667756 4351.22109298068 4457.08705322209 2706.12730668755 3642.54375402685 3240.94893511144 2981.08621143368 4015.98369020593 2912.36587674008 2820.57175054988 3156.14480022701 4599.6603135449 3793.16820085796 3135.48241902263 2487.71983953178 3092.43027407248 3084.63936303744 4012.0911006606 4373.856993547 2816.91320420065 3763.3927512286 2972.89841736982 3314.45696909765 4010.14338895756 4313.13401136575 4296.36474243051 3653.42305242631 3310.02265853272 3277.00320414857 3117.99214238907
5363.8838540744 4701.13018326445 5947.74116787205 4426.20040215081 5617.43936326864 3619.4785536041 3766.62979332984 3758.49038844055 3080.6858002724 7250.99131153803 5428.51268765212 5743.80100630236 5638.31756821128 5909.20891490562 6258.6939532142 6532.89751947786 6335.46564981612 3307.94498140462 6290.270264464 3869.91601976064 3942.31848028543 3873.62878964931 3412.2939498232 4434.52364972834 4636.87664274132 5498.23835423675 5281.1575435694 4266.512041469 4937.99048196734 4505.06659218263 3271.94514012689 4562.20889482277 3727.18056981413 3938.67046095507 3464.64283873533 3552.28799508148 3377.9616634888 3372.31374578345 7422.17959901268 6464.421861234 4021.66010498152 2744.31230001252 5716.97035150612 8306.36051468993 3890.53338245542 3522.16197810379 4438.67942072865 3008.42566801974 5930.7461587898 2814.80461133628 2866.29115757629 2222.75167303952 1849.66213130939 2991.02825128751 1961.82313168135 1551.00773692461 2468.55220726644 1816.93423106066 2687.70348066895 2029.00837849428 2979.19871777631 3131.39345978751 4887.10036729347 4649.59675670912 3437.47727265214 2977.20506515759 2294.2863814267 3906.40499692492 5114.50144197848 3111.87242669104 4132.6444318378 4169.68224208992 3383.87721408446 4263.06814395454 4819.2971479252 4050.54008744513 2829.08995968668 5644.79849064606 3821.48531333041 3784.01242069843 3355.12667421068 2875.10869359751 4449.85954834532 4604.95656874199 5032.08455811307 4243.45083628879 3948.17996043747 3383.50779517352 3160.20173406699 3050.10245729549 3285.3843001999 2536.36058162084 2712.58640415379 2613.06812004586 2873.15157971173 2103.86548999692 1995.93336562121 2666.57551927561 2301.76562664403 2707.51269618445 1491.85287478357 1128.32840963968 1364.27636496423 3076.72715722405 1986.51705253189 1990.75990516185 1171.00384286304 968.891118753805 3572.98894484716 3375.74065947016 3200.1953065399 2864.1098093474 2906.24327956212 2688.51724934024 2121.90951739229 2147.38212714924 1136.33181773635 2547.30249479719 2406.37175016663 2398.6975632622 2181.31267818257 1874.33321477266 3617.57861006503 3491.86554723976 2759.64218695105 2852.19213939033 4235.34237104865 4482.60526926028 2246.6641938661 4251.69084012467 4382.56488828175 2183.03114957162 2428.73423824016 3616.02336828732 2907.31835202133 4237.55530937355 3839.43355197092 3730.44903463377 2018.35328919394 2026.23419179521 3279.00518450337 3269.65212216835 1726.44866706195 1325.23582806986 1460.52216689785 1630.56738591203 2936.4093720052 3711.63710510605 2307.05439901187 1686.7127793433 2373.55219028358 743.723739032176 2125.5881539 1886.96184381137 1721.55453006868 645.174395028197 847.422562833915 0 2163.90850083824 3118.49322590253 843.35638967165 959.492053119774 1441.13670413323 1524.18010746762 1829.27581299267 770.551750371122 1248.24877328199 1845.43355339606 2040.22057631032 1777.28725871762 1164.84977572217 1709.71488851212 2265.64008615667 1276.95927891221 1816.76222990242 1438.09770182697 3607.45755345784 2436.95506729197 3148.2137792723 4114.38026925077 3156.0457854727 2100.29759796082 4182.85189792802 3309.55057371843 3857.62232469691 4090.69065073369 2328.89458756724 3242.8768092544 2775.90075471008 2744.76774973767 3644.51642882838 2689.56316155617 2796.20278234609 2650.82534317144 4018.55073378451 3199.80468153917 2549.14201252108 1902.7939983088 2343.3416310901 2707.97433518119 3727.09672533461 3654.44934292432 2530.93362220347 3336.16546352246 2140.96940660066 2940.02551009341 3187.769596442 3620.60077887635 3935.81313072661 3035.31299868729 2561.61570107618 2860.17919019071 2517.19089462838
4490.68480301167 3859.16117828732 6147.00130144772 5216.91958918287 6057.27867940711 3282.62471202542 3763.64185331176 4118.10029018236 3661.02786113408 6886.35426041966 5735.3073152186 5574.38337397061 4922.20733005021 5152.06269371792 6225.25099895578 6275.84655644161 6263.23598469673 4237.92402008342 5836.52293750312 2517.68743095723 1861.95461813654 1774.11949992102 1315.76973669408 3970.20150622106 3560.98652061476 5241.95812650197 5255.29494890629 2979.19871777631 4233.34973750103 4767.40233250772 3756.74393591046 5083.67485191569 2826.10597819685 2023.14730061852 2824.66812209859 2139.80139265307 2421.38906415305 1650.75740192192 7289.46157133708 6800.45954329558 5571.69184359652 4597.96150484103 5757.92931530077 8450.62867483834 5368.07693685551 5323.35655390469 5579.59451931769 4741.11010207525 6215.60536070301 2160.58441168125 2139.07106006322 2582.75531167782 1849.66213130939 4223.89038683534 3083.62611222567 2364.97885825645 1225.25507548428 1819.68403850778 1163.50762782201 3210.4322138927 4425.28247685953 4699.800527682 5314.24971185961 5529.35348842882 4897.06544779626 4189.42120107301 4106.24524352845 5192.54272972308 5814.26048608075 4352.44184337942 4301.88911991 5242.73306587318 4815.92410654487 3882.17078449674 4932.60833636728 4336.68940552583 4368.20901514568 6719.65400895016 3597.39489075081 4451.82546827703 4000.23436813395 3825.73522345705 5685.17809747417 4935.6483869903 5958.76455316033 5278.90850460585 3721.64278242821 3124.59997439672 3452.08270468713 3555.36566333197 3245.18874643679 2284.32156230247 3093.23859409519 2565.7601212896 2439.77457975117 1978.95174271633 2619.87595126181 2118.51953023804 1700.18381359193 2693.16263898042 1664.51945017173 1962.30094531904 2044.81050466785 2346.54000605146 2123.38173675861 2069.57121162815 1688.56447907683 2351.3294112055 3795.88593084671 3239.30933996739 3904.32452544611 3359.03632013707 3393.56007755867 3371.29426185256 2475.88368062799 2998.95815242561 2265.77801207444 3036.23945037278 3279.9580790004 2993.11710429111 2676.86850629612 2696.87318945478 4778.27113085894 4988.04821548469 4046.98962192887 4181.80583002128 5218.29713603969 5200.36056442243 3839.92187420526 5298.28981842254 5381.15926172047 3382.76883632329 3959.6401351638 4430.36398053252 4446.90903887183 5157.70055354128 5236.05290271212 4845.48759156393 3453.07833678878 3516.83451416185 4844.2620697068 4705.9138326153 1399.33019691565 2458.91236118736 1590.7938269933 1710.6285394556 1617.09616287962 2025.15431510786 1252.99640861417 3251.53809757782 1334.63478150391 1614.19484573579 927.698765763974 1489.33710086065 873.927914647427 2177.44115879167 2183.60367283076 2163.90850083824 0 973.396116696589 2714.08363909442 2925 2999.47912144759 3021.69240658277 2953.17625616894 2551.22519586178 2165.78507705635 2642.08724307128 4006.24512480203 3514.07882666283 3088.99255421569 3580.9391226325 4343.45772397982 2637.35189157609 3653.85070849919 3192.27583394668 5217.39877716856 3699.83107722501 4631.81929699335 5756.57233082327 4600.88306741217 3294.12355566697 5762.92026667036 5028.97852451171 4980.5873147652 5376.22079159701 3326.97309877913 4246.32193786576 4248.89691567117 3966.26398516286 5400 3723.06996979643 4415.7388962664 3699.57767860063 5178.44088505411 4613.43147776143 4204.83352821488 2911.72199909263 4043.6678894291 4573.08703175437 4744.86564614848 3729.94638031165 2133.21939799918 2668.8012290165 3560.72324114077 3514.07882666283 4555.42259291056 4202.82642991594 3948.81311282264 2572.57167052737 3406.15252154098 3036.95982851272 2986.42763180359
4621.55276936226 4056.24518489699 6641.5830191303 5889.71561282886 6639.32413728988 3575.69923231807 4147.5896614781 4628.30962663476 4208.69635397946 7149.60663253581 6261.88869271884 5974.63387999633 5087.54606858749 5295.87103317292 6645.01693000101 6612.77173354714 6672.9397569587 4907.90179200848 6103.48261241072 2402.34260670704 1047.31800328267 1067.70782520313 789.778449946566 4232.61148701366 3616.02336828732 5570.73828141298 5664.63811730282 2917.29755081651 4410.07369552936 5270.49570723665 4281.13594738593 5669.32535668928 2869.12443090222 1463.94159719574 2939.60031296773 1919.96093710263 2396.48179630057 1192.68604418766 7641.90748439158 7349.06456632407 6467.32170221955 5534.77641824853 6235.88405921727 8893.43156492476 6258.49422784746 6250.44998380117 6364.89395041269 5612.76447038356 6769.1395317278 2498.62462166689 2535.86770159644 3262.76339932886 2559.05255905384 4936.47141184875 3797.53209334694 3095.6622877827 1464.15504643463 2439.0059450522 1351.38817517396 3963.82075780427 5285.17975096401 5597.15329430953 5903.28298491611 6251.89971128776 5756.62661634399 4992.36917705412 5044.67541076728 6043.59164735673 6509.65628892955 5195.31038533792 4862.99804647298 6041.0057109723 5688.85972757283 4294.03656248989 5472.7164187449 4966.57578216622 5278.61250708934 7502.08304406183 4099.84755814164 5187.60542061557 4726.19032625644 4637.21360301636 6524.85632025717 5552.53320566388 6721.00252938503 6079.21664361454 4213.14905978889 3657.61192583358 4142.08582721314 4297.16476295708 3841.7118580133 2936.51579256778 3839.02656932718 3244.70722870338 2982.44865840135 2666.22392157898 3394.29668709145 2697.80002965379 2329.29710427846 3367.95561134644 2480.04536248836 2864.54621188069 2886.82351382969 2799.77677681632 2923.3969966462 2851.86342590244 2599.75960427113 3269.74769668854 4440.86140292624 3810.26573876416 4677.7398388538 4112.55699048658 4119.31426332102 4170.80627696852 3272.23165439124 3854.38062469186 3200.1953065399 3810.01968498852 4125.90899075586 3771.10726445165 3469.96037441352 3572.55160914437 5625.99991112691 5892.84523808321 4935.90164002485 5076.41605859882 6011.70732820552 5925.4746645311 4767.86115569655 6107.11675015305 6175.91086399407 4274.12271700287 4886.33298087635 5207.98665512883 5362.13576851612 5938.17101471488 6122.80572940217 5680.33889834049 4376.7853500029 4445.57364127511 5766.87740462722 5607.63987788089 2230.05044785987 3341.21983712536 2285.96259811923 2435.92898090236 1507.48134316813 1472.66764750231 1538.66825534291 4173.12832297307 1918.00677788166 2583.72308887775 1598.63222787482 2282.13167893529 1661.70093578839 3060.84138759263 3136.57854994897 3118.49322590253 973.396116696589 0 3685.61392443647 3895.59045588727 3948.02165647556 3892.38037709574 3691.03643980928 3434.56693048774 2918.15438248219 3313.70261188297 4956.56130800377 4361.33580454429 4005.2309546392 4426.41220403161 5256.95967266252 3424.26999519606 4568.98511706922 4028.10439288755 5941.2751156633 4360.18921607767 5352.68624150529 6500.62496995481 5290.38042110395 3975.3930623273 6462.48791101384 5825 5532.51751013948 5985.92098177047 3959.32443732514 4805.07544165542 4958.64144700945 4637.21360301636 6174.74695837813 4351.8674152598 5217.87792114764 4301.96176180124 5727.89228250672 5276.95461416905 4964.9395766716 3573.25132057626 4825.84189546239 5403.06625907919 5294.92681724686 3946.51745213422 2437.33973832127 2678.61904719577 4293.74545123485 3979.47860906426 5223.68404480975 4582.16651814401 4137.40558804669 2713.50787726883 3954.34887181189 3398.25322776276 3454.1641535978
5103.55268416032 4463.95284473302 5342.10866606062 3860.37562939152 4957.38086089822 3737.39548348847 3790.61340682481 3625.08620587152 3229.84132737198 6754.30418325974 4857.46847648032 5219.31508916639 5322.18235313297 5585.80790933594 5683.63879922009 6015.08520305407 5764.60102695755 3120.29646027425 5844.12097752947 4120.83122682791 4445.85481094468 4297.52835941777 3832.91664401928 4275.36548145302 4529.69369825378 5088.89722828041 4841.1646326065 4341.2987688018 4716.59305007333 4126.9692269267 3358.66416898147 4084.72765310002 4034.92564987262 4356.96281829441 3912.32028341239 4053.85618886512 3953.08423892029 4017.61745316798 6849.90875851642 5777.43455177123 3204.29399400242 2052.43757517738 5130.1803087221 7643.42037310522 3055.11865563353 2794.9731662397 3710.20551991396 2571.35664581948 5272.92613261366 3080.28001973847 2935.23849116217 2196.73052512137 2040.83316319586 2968.16441593117 2333.98800339676 2039.14810644053 3069.81269786937 2369.59912221456 3098.18495251655 2164.05291062857 2340.27242004003 2374.21039505769 4285.00291715187 3942.23921141272 2747.04386568544 2457.89544122609 1583.90340614572 3089.70063274745 4364.84535808544 2386.41991275634 3610.5747464912 3385.07754711764 2615.69780364629 3879.59405092852 4241.83038321902 3455.88266583228 2017.73387739811 4823.38055724406 3419.61255115254 3083.42342210732 2729.58330153157 2185.17733834122 3618.52870653253 3985.05018788973 4252.13181827657 3442.47367455439 3541.27448809041 3029.95462012222 2631.18319392626 2453.95089600424 2859.41427568654 2313.14180283008 2245.69031702949 2360.74670390536 2674.18211795682 2102.08230095779 1791.29841176729 2548.89682019496 2315.84217942415 2369.7309973919 1718.46588560844 1181.89466535728 1477.75167061317 2970.26934805583 1775.8800635178 1784.83192486015 1303.36103977371 920.597631976098 3045.28323805849 3009.25655270534 2578.03219529935 2350.6647995833 2361.93776378634 2105.20189055587 1865.81081570453 1654.16141896733 811.634154037396 2013.39265917009 1764.05073623181 1908.53346839923 1748.39211849059 1366.79369328366 2842.20425022552 2761.45342166041 2051.06679559687 2039.30135095331 3449.90941910074 3779.55023779285 1681.88881915542 3483.98119971965 3604.5977584191 1619.22049147113 1733.49358233597 2934.59963197708 2248.61068217689 3509.00626958688 3041.79223485103 2991.86396749585 1207.78723291812 1400.66948278314 2463.86383552338 2502.62362332013 1823.97231338636 1506.23703313921 2295.7841797521 2255.27160226878 3719.37494748782 4455.33388198909 3066.14578909745 1394.18434935987 2549.75489018062 1164.3131022195 2420.35637871781 1948.55715851499 2340.67298014909 1445.6832294801 918.218383610348 843.35638967165 2714.08363909442 3685.61392443647 0 241.091269024824 897.566153550812 1728.25779327044 2412.72667328896 1343.96800557156 2069.26919466753 2556.48684721827 1655.67206897984 2099.4046775217 1364.96336947187 2047.10160959343 2212.60592966755 2001.40575596254 1722.09900992945 1936.00748965493 3955.21807236971 3017.24211822651 3530.04957472271 4355.81507871948 3615.5048056945 2764.50718935582 4521.33829745132 3502.40988463658 4430.85770477906 4563.85253924795 3001.87441442843 3865.22961801754 3257.39543193638 3264.00827204834 3884.10221286722 3273.9502134272 2997.29044305019 3314.07981195384 4577.52662471776 3693.40628688478 2960.04645233821 2644.45173901888 2663.40946908281 2918.15438248219 4288.79353664874 4401.56222266595 3356.80279432677 4176.87083831904 2551.71510949009 3678.99442782943 3504.72894814991 4337.19379322621 4732.53367658382 3814.20044045931 3253.1715294463 3671.0863514769 3313.41968365011
5293.21499657817 4661.41073066942 5400.69439979712 3828.59308362746 4990.49095781167 3811.82371050918 3827.61348623395 3627.24068680312 3204.48903883287 6878.31738145311 4893.93757622633 5348.53952028028 5480.07755419574 5753.31426223181 5779.86807807929 6143.84854956566 5871.54153523587 3053.78863053748 5993.3817665822 4285.07584530309 4649.86558945525 4516.15156964423 4058.55577761351 4379.85444963643 4712.4834217215 5186.64149522598 4909.81160534699 4519.54090588856 4858.17609808455 4153.76335387562 3342.34199327358 4082.66150935882 4149.8493948576 4553.57002801099 3997.57739137093 4202.75207453402 4063.09611011111 4186.0631863363 6950.31474107468 5837.96839662566 3087.575909998 1860.27551722856 5241.95812650197 7712.7329786529 2964.05549880565 2614.14421943396 3643.31579745704 2383.53728731061 5357.99636058107 3205.07410210747 3095.56133843282 2269.91189256323 2172.69993326276 2857.11830346592 2287.60245672188 2067.90957249102 3225.19379262704 2464.87829314147 3284.52812440387 2105.64716892456 2227.38636073762 2249.1665122885 4318.78165690279 3918.6253967431 2627.37987356225 2381.56986040721 1407.79082253011 3031.60436073047 4398.1530214398 2333.05057810584 3699.57767860063 3357.17515182035 2518.68020995124 4051.15724207294 4361.1924974713 3574.03833219511 1922.72592950738 4793.55035438244 3593.30975564312 3156.44182585392 2782.31019119005 2211.47575161927 3576.39832792713 4092.06549312202 4268.04990598751 3438.56801590429 3714.33035687457 3211.30814466628 2778.26384636161 2580.45538616733 3021.89923723476 2518.43205189261 2415.57446583623 2571.47817412476 2862.36353386498 2258.45633121387 1870.32751142681 2773.31029637868 2519.17645273212 2566.8560536189 1870.82869338697 1333.69786683491 1590.7938269933 3195.40685985369 1999.21859735248 1986.20240660412 1491.85287478357 999.062060134404 3190.90504402748 3196.28690827341 2687.35464723211 2502.99820215677 2459.80182128561 2240.25668172199 2073.79483073905 1810.21407573801 995.929214352104 2160.58441168125 1884.47605450428 2012.61645625787 1891.75844123926 1544.34452114805 2855.91491469897 2723.73823999297 2084.16650006663 2034.85257451246 3466.44630709896 3844.23269326923 1679.47164310684 3502.32065922011 3622.6716660498 1715.00728861425 1728.61939130625 3011.43653428061 2224.43813130417 3551.93609176742 3005.51576272692 3017.75993080961 1207.52846757333 1440.05208239147 2397.13370507362 2477.90233867277 2048.47504256215 1650.94669810991 2417.38495072671 2425.25771826418 3875.96762112379 4633.3708032058 3214.12896443189 1445.03460166184 2790.49726751344 1380.67012714841 2634.62521053754 2186.60696056699 2545.21610084488 1519.25146042385 1120.2678251204 959.492053119774 2925 3895.59045588727 241.091269024824 0 991.841721243869 1777.28725871762 2456.24204833318 1332.52579712364 2131.02088211261 2623.92835268039 1546.16460960662 2051.37149244109 1336.50664046237 1927.43352673964 2046.03274656101 2013.70305656023 1674.06690427832 1876.49940047952 3840.16601203646 2950.10593030149 3461.48450812653 4244.40808594084 3536.4176789514 2748.74971577989 4400.92319860277 3399.0807580874 4368.99588006215 4490.33684705279 3011.74783140953 3840.97969273465 3181.39120511766 3244.51460160068 3749.0832212689 3279.7675222491 2936.51579256778 3292.98496807987 4498.54143028604 3598.69768110632 2849.78069331659 2654.47734968675 2526.97942215603 2784.78006312886 4262.26172354538 4419.62950935935 3477.06773014274 4282.01179353817 2458.7852691929 3708.85764083767 3377.68411785353 4315.74153535635 4788.39743546836 3893.90549448751 3230.13157626744 3732.12406010304 3343.93106986373
4931.84803091093 4281.79284879593 5370.87050672421 4286.97154177632 4992.36917705412 4468.64073292987 4557.06868502111 4376.999543066 4112.02504856184 6580.84341099224 5061.92898014186 4946.02112813926 5329.2823156594 5488.68153566956 5546.4515683453 5738.52115095867 5541.77318193374 3927.70607352434 5588.54855933095 4626.35115398734 4776.5049984272 4531.76290200624 4007.57096007045 4756.77148915102 4694.27843230459 5295.87103317292 5130.1803087221 4694.54470635865 4975.25124993703 4635.05663395821 4220.92999231212 4552.81506323286 4716.72555911408 4741.43965478841 4674.46521005344 4648.991826192 4647.98343370542 4499.09713164764 6651.3626423463 5524.54749278165 3238.15147885333 2424.48448128669 4795.37537633917 7366.05389608303 2984.64822047758 3051.84370504127 3935.73373083089 3226.64686633043 4877.30714636673 3748.16621829929 3425.09123966063 2931.93622031585 2718.57039636644 3837.39820711898 3205.56157326606 2875.54342690212 3639.45394255787 3116.98973370141 3567.29939870485 3061.45390296833 2839.67427709588 2660.5920393777 4464.65284204718 4108.6037774407 3142.55071558121 3066.0438679184 2013.23744252882 3062.16834938904 4092.21822487511 2676.40150201721 3740.40438990225 3376.48115647045 2845.83028306328 3671.93749946809 3904.96478857364 3118.49322590253 2162.31935661687 4550.06868080032 3151.68605670045 2781.29915686896 2889.20404263873 2367.62011310936 3382.76883632329 3528.98710680558 3798.35490706174 3209.36130717624 3235.1584196141 2888.55500207284 2348.40371316348 2166.50640432933 2759.1891924984 2318.13502626573 1801.73527467273 1971.9913792915 2819.90691335725 2634.03208029059 2462.34136544875 2432.84812514057 2611.2736356039 2126.91090551532 2368.27996655801 1865.14074535945 2225.56172684561 2777.25133900409 1621.92015833086 1975.15822151037 1864.30281875022 1755.17093184681 2646.3418146566 2634.62521053754 1998.90595076407 1814.18025565267 2527.47403547494 1620.57088706419 1393.51175093718 1021.33491079077 1349.30537685136 1904.76376488004 1389.69421096873 2217.1208807821 1995.93336562121 1086.85325596421 2314.08729308123 2106.83411781754 1358.76782417012 1697.6086121365 3073.4752317206 3228.48648750463 901.041064547005 2941.51321601655 3132.49102153542 791.359589567221 1031.07953136506 2343.3416310901 1517.19313206988 2912.9023327259 2515.57647468726 2361.27613802367 1294.45934659996 592.663479556485 2045.72725454788 1906.23975407083 2079.96394199515 1164.3131022195 2744.76774973767 2255.68725669141 4099.00902658191 4733.45803826336 3556.94742721902 694.172168845741 2497.62387080201 1451.29252737 2752.95296000495 1977.05589197675 2492.61408966571 1919.7981664748 881.050509335305 1441.13670413323 2999.47912144759 3948.02165647556 897.566153550812 991.841721243869 0 1471.8186029535 2470.45036380009 2073.19198339179 2599.75960427113 2721.90190859259 1338.60935302276 2183.03114957162 1471.39389695622 2604.08333199996 2361.40847800629 2487.71983953178 1428.72320622295 2383.01279895849 4185.4659238847 3643.57310891383 3595.22252440652 4375.07142798835 3854.05630472623 3144.53891691612 4735.30622029875 3473.65081722386 4750.06578901808 4736.88980239144 3247.78770857949 4104.95127863901 3551.93609176742 3346.73348206875 4062.86536818536 3361.2683617944 2846.59884774796 3669.46862638175 4990.55357650832 4122.57504479906 3393.56007755867 3097.37792334097 3328.75727562104 3129.89616441185 4402.62705665606 5075.6157261952 3647.43060249266 4604.5493807755 3336.63378272174 3936.13071429291 4290.97890929331 4919.41307474784 5005.12237612628 4446.76848958882 3893.90549448751 4007.64893672088 3813.5449387676
5999.63540558924 5313.66163770333 6811.11224397308 5571.523579776 6450.678258912 5129.69297326848 5284.70670898584 5235.7544824027 4545.87725307228 7910.98919225655 6463.89008260506 6264.43333430886 6525.43102024686 6663.75457231132 6949.50537808267 7047.56163506216 6917.0983801013 4700.06648889141 6836.52872443318 5180.55257670454 4875.5768889435 4733.45803826336 4183.67362493778 5794.01630995288 5675.05506581214 6599.43179372285 6443.98944753947 5474.25794057971 6099.23150896898 5825.37552437609 4760.90852674151 5804.03954156069 5169.01828203383 5017.34491539101 4882.6862483678 4820.8531402647 4668.51154009498 4382.42227540889 8035.429360028 6958.85227605817 4509.64244702393 3389.22926341668 6141.10128560017 8775.81905009441 4311.39478591325 4081.05378548237 5293.51017756649 3956.32405143967 6241.043582607 4265.12016243388 4199.2558864637 3708.60485897325 3313.8912172852 4278.06907377616 3252.97940356222 2967.53264514478 3668.8724425905 3222.86751201473 3893.98574727746 3417.05282370642 3975.55027637684 3877.49919406826 5878.40326959626 5527.26198040223 4330.48784780653 4158.50033064806 3032.01665562708 4462.97266404355 5539.85559378582 4008.97430772511 5111.07865327858 4818.25954053951 4141.85948578655 4870.89570818346 5248.21398191804 4482.04752317509 3468.15873339154 5944.06216320119 4349.49709736654 4222.78048209944 4293.45432024145 3769.8640559044 4774.7382127191 4853.47813428679 5155.45827254959 4654.1648015514 4423.65798858818 4068.62999054964 3675.42514547637 3551.40817141595 4022.51476069386 3364.3350011555 3023.86342284171 2925.96138046967 3871.44998676207 3455.88266583228 3397.14954042356 3315.87092631785 3425.45617400077 3254.03595554813 2929.80374769369 2550 2852.7399110329 3614.81327318577 2595.78986052415 2996.03905181491 2511.10035641748 2409.74583722018 3933.27153906262 3747.8327070455 3306.14957314396 3050.61469215632 3877.25740698241 2958.03989154981 2315.30235606497 2249.02756763896 2308.27316407742 3248.94213552658 2805.79756931964 3482.36629319777 3220.63658303758 2383.01279895849 3650.85606399376 3126.69953785137 2627.26093108393 3120.99743671795 4487.20402923691 4541.13146693641 1735.83553368399 4250.44115357453 4491.79808094709 2003.12256240101 2192.45866551687 3655.47534528685 2431.17769815372 4193.29822454831 3733.88202813104 3613.94867146726 2683.86381919799 1820.02747232013 3272.04064766928 3098.99177152828 2768.12210713328 761.987532706409 2201.41999627513 1559.04618276689 3574.65033255002 4214.48395417517 3223.44923955691 990.265116016918 2956.45480263102 1693.73846859543 3218.50120397678 2644.80623108764 2231.73139064718 1442.87040305081 1262.43811729526 1524.18010746762 3021.69240658277 3892.38037709574 1728.25779327044 1777.28725871762 1471.8186029535 0 1129.43569980765 1917.84384140107 1986.83164863055 1525.20490426696 1410.89510595225 1035.31396204243 744.143803306861 2083.56665360146 1859.77149133973 1726.6296649832 786.606636127614 1618.25523326823 3094.04670294422 2939.91921657722 2307.73157017882 3224.70928922283 2661.76633084123 2072.89049397213 3629.30778523949 2353.72045918796 3533.67726313539 3449.0034792676 1998.28051083926 2801.22740954746 2419.96900806601 1963.57454658589 3059.51385027099 1961.66383460572 1612.64534228701 2511.72251652128 3887.88181404734 3126.59959060958 2524.87623459052 2154.35605228105 2909.57471119062 2229.63001415033 3007.59455379212 4412.55311582762 2748.40863046236 3789.87136984885 3077.03184903894 2675.23363465698 4036.24206409873 4016.29493438916 3776.57252015634 3947.94250211423 3176.67278768211 2905.59804515353 2902.69271539376
6664.08283261845 5971.02378156376 7644.81033119854 6216.20865158177 7311.33537734387 5204.62534674687 5406.36199305966 5477.3396827292 4508.11767814462 8746.03481584655 7208.41522111483 7149.5629237038 7173.6932607967 7349.4897782091 7824.24117726441 7929.92749021074 7817.80819667508 4944.82052252658 7661.5109475873 5226.01664750506 4688.3499229473 4675.33421265261 4172.37941707127 6170.19043466245 6123.97950682397 7243.4884551575 7076.76656390473 5718.88319517019 6597.82161019832 6331.91321797764 4784.5454329539 6384.25798350912 5090.49359099881 4922.46127460643 4622.22889956783 4576.84389071771 4289.88636213129 3990.45736727007 8931.61519547276 7942.05577920478 5413.75562802755 4090.07946133079 7086.25429969882 9759.89882119687 5266.40294698383 4833.54166217692 6098.61664642073 4383.84819536443 7250.34481938618 4296.58294462006 4461.01165656401 3975.62888107026 3495.53286352739 4342.37838056519 3073.88191054894 2825.2212302756 3412.66025264749 3041.17575947198 3874.91935399951 3453.71177141347 4622.83733220195 4658.12462263516 6649.53005858309 6353.34557536421 5037.11226795671 4709.43202520219 3738.14793714749 5401.04156621665 6553.29115788395 4787.35313090647 5856.51346792612 5742.1685799008 4954.60644249369 5644.13412314059 6184.91107454262 5424.53915093255 4327.67258465795 6992.4065957294 5156.4280272297 5205.64597336392 5080.66186633198 4575.34151730775 5800.43101846751 5852.40335246982 6241.64441473559 5666.40318014876 5245.17635547176 4809.17092646955 4559.673782191 4469.13022857916 4792.83319133892 3998.5153494766 3928.81979734373 3703.461218914 4434.94644838018 3801.97317192008 3814.11850890871 3918.6253967431 3829.08278834501 4027.63888649417 3145.33384555598 2912.58047099132 3118.49322590253 4217.07837252285 3297.15786701213 3583.73059813374 2869.23334708071 2785.45328447633 4856.31032781061 4571.30998730123 4334.02238111434 4009.13020491977 4623.31050222673 3928.18342239769 3144.24076686249 3225.09689776912 2895.03885984282 4077.68316572046 3758.73981541686 4158.87605008853 3894.62771006421 3250.48073367617 4740.05537942332 4240.5040973922 3726.3420401246 4144.72556389443 5541.04006482538 5615.49196420047 2851.97300127473 5350.75929191363 5575.67260516612 3076.21927046822 3291.46623862375 4722.35375633804 3548.7673916446 5292.74267275484 4833.86491329661 4723.74321910072 3554.57451743524 2906.1357504425 4332.50793421085 4203.34688076062 3178.54133212076 1566.04597633658 1710.81121109256 1423.46408454868 2959.09614578506 3629.22167964427 2747.04386568544 2106.24072698255 3340.09730397185 2070.47699818182 3412.01919689793 3136.18000121167 2155.80611373101 1330.88316542062 1961.02651690384 1829.27581299267 2953.17625616894 3691.03643980928 2412.72667328896 2456.24204833318 2470.45036380009 1129.43569980765 0 1890.10581714358 1468.2046860026 520.21630116712 2333.72020602299 961.119139337054 1262.19055613643 1886.29928696376 2153.34042826489 1191.89974410602 1682.44613583912 1293.01005409857 2537.46921163588 2277.05950734714 1734.57487587017 2858.43051341116 1934.06954373414 1172.0708169731 3058.79878383656 2163.47521363199 2606.96183324574 2662.23590239483 923.309265630969 1786.40700849498 1694.66073300823 1102.83725000564 2689.09836190497 961.119139337054 1577.18102955875 1515.13200745018 3001.87441442843 2386.41991275634 1997.02904335415 1293.01005409857 2600.48072478917 2016.959345153 2080.56482715632 3549.82393929614 1903.45081365398 2888.12222733042 2751.8175811634 1547.98255804127 3663.75831626487 3056.95927352655 2660.00469924397 3222.67357949886 2397.5247652527 1834.56398089573 1951.60190612737
6001.87470712277 5354.96265159711 6376.56843451084 4556.45147016842 6017.73420815509 3559.58213839771 3644.34493427831 3644.34493427831 2686.19154194186 7828.99259164294 5749.89130332044 6373.08794855367 6171.86155061826 6496.34512629986 6799.54042564643 7159.87080889034 6921.38895020356 3059.20741369395 6928.29344066777 4059.71058081731 4201.2646905426 4240.4304026832 3839.10796930745 4650.67199445413 5110.8340806565 5878.40326959626 5589.10771053842 4606.85630338086 5328.34402042511 4638.49382881987 2948.19860253681 4694.01214314578 3695.01353177495 4189.64497302576 3246.92161901084 3563.00435026397 3197.7531174248 3431.6541201001 7987.09897271844 7009.36873049207 4243.67175921984 2762.9241755792 6350 8865.84034370121 4193.7453427694 3553.25554949261 4639.84105331206 2748.74971577989 6553.24347174741 2868.4708469845 3161.19044032466 2293.06018237638 2019.59154286207 2504.24639362823 1337.44158750953 1138.80419739304 2516.19752801723 1648.86324478411 2936.4093720052 1577.37915543474 3032.84107727391 3280.33915929436 5229.36420609619 4933.81191372351 3512.12186576719 2994.78713767773 2380.91369016183 4243.67175921984 5638.0958665138 3359.1293514838 4574.79507737778 4534.86493734929 3584.77684103209 4915.91802209923 5463.1149539434 4695.27688214444 3103.02271986526 6078.5483464393 4500.41664737833 4370.21166535444 3770.02984073071 3273.18652080813 4864.92548761027 5268.5980108564 5582.84201818393 4713.08020300949 4637.01142978967 4033.68627932317 3823.69258701585 3693.99851109878 3907.8446744977 3176.57441279124 3434.83987981973 3363.49892225343 3426.55074382388 2442.84670006122 2203.40645365307 3353.07694513562 2808.35806121655 3412.75182221034 1756.59471705912 1498.54095706457 1551.61206491829 3774.75164745974 2710.3966499389 2588.55654757627 1641.6455159382 1195.30330878819 4262.48167151485 4098.39907768875 3883.78037484099 3584.77684103209 3380.45854877707 3379.81138526989 2886.82351382969 2872.49891209727 1684.11697930993 3172.53841584306 3060.33086446547 2842.75394643997 2700.11573826012 2572.57167052737 4178.89040296584 3988.34238750888 3358.29197658572 3360.24552674354 4769.76152443704 5117.49450414947 2779.61328245495 4823.44534539368 4940.45797472259 2853.17805262833 2971.3212549302 4267.68379803378 3421.43975542461 4851.61055733042 4328.53901449438 4323.6269496801 2470.32386540713 2620.71078144842 3709.53164159574 3784.26016547488 2315.30235606497 1963.41539160719 1460.09417504488 2079.96394199515 2970.47975923082 3836.17648186316 2309.4912859762 2252.49861265218 3032.53194542119 1451.50783669948 2582.02924073295 2565.7601212896 2185.17733834122 718.505393159996 1602.53705105373 770.551750371122 2551.22519586178 3434.56693048774 1343.96800557156 1332.52579712364 2073.19198339179 1917.84384140107 1890.10581714358 0 976.281209488332 1851.51964612855 2305.1572614466 1724.45643609805 1340.94183319039 1125 2082.51650653722 904.502625756277 2093.59141190443 1018.27059272082 3173.91713817485 1735.65549577098 2911.82932192119 3840.97969273465 2754.65515083104 1699.63231317835 3738.48231238293 3129.39690675376 3375.83323047807 3710.12129181783 2083.26666559997 2892.44706088115 2347.73827331754 2571.23511177022 3252.49903920047 2551.22519586178 2788.36869871974 2230.61090286944 3444.74237062803 2619.63737948595 1991.38770710276 1488.91739193281 1623.26830807479 2359.15768866772 3458.86542091478 3096.5706838372 2507.11487570873 3141.45666848995 1374.77270848675 2680.71818735204 2427.57595143798 3013.71863318393 3684.85074324592 2685.72615878835 1915.23497252948 2613.06812004586 2084.16650006663
6214.95172949879 5550.90082779363 7036.95601805212 5374.1859848725 6741.19796475374 3855.67763175295 4071.62436872558 4235.34237104865 3157.92653492763 8286.2084212262 6451.11424484174 6831.40724887632 6507.20754241018 6797.47195654384 7359.3902600691 7606.78151388615 7445.72024722928 3798.76624708602 7304.6646055791 4036.4743279253 3762.14699340682 3866.60380696032 3468.15873339154 5056.24613720495 5299.41034455721 6401.95282706769 6187.28534981214 4691.48164229596 5677.20221588064 5297.40502510427 3442.20133054416 5438.00285031187 3723.74139811024 3890.53338245542 3178.14804563916 3290.23175475528 2900.43100245464 2888.87954058317 8520.74673957629 7655.1045061449 5164.96611799148 3727.85125776231 6856.61177258856 9477.47329196975 5078.20096097033 4519.12602169933 5532.0656178321 3700.67561399267 7120.08602476122 2996.45624029452 3381.01316176084 2816.24750332779 2331.71074535415 3219.76319004985 1803.29559418305 1453.87413485487 2166.93908543826 1634.58710382775 2771.84505338953 2256.93376065847 3965.16077858137 4218.11569305537 5948.5817637484 5765.46832442951 4454.00101032768 3875.3225672194 3332.13520133862 5106.18497510617 6344.09173956367 4231.6515688322 5180.55257670454 5366.62137662049 4501.38867462031 5260.76277739265 5962.06759438368 5214.52298873061 3995.38796614296 6883.81253376354 4852.64103349918 5004.18574795141 4480.09486506703 4038.17718779154 5683.14393623811 5781.76011263006 6277.43976474486 5483.95386559734 4981.59111128162 4384.20460288979 4300.14534638075 4230.24821966749 4339.42680546636 3477.96635981431 3832.26434370073 3588.69753531835 3743.41087779581 2800.55798011753 2824.11490559432 3517.45646739231 3017.65637540128 3739.81951436162 2065.49025657348 2003.74649095139 2053.80743985409 3885.46972707291 2987.99682061411 2959.51854192536 2007.64165129139 1909.67929244677 4705.9138326153 4399.85795225255 4388.69285778807 4003.59213706891 4009.13020491977 3871.36926680987 3135.38275175456 3292.89006801017 2273.35105076185 3700.08445849551 3621.46379244636 3475.17985146093 3259.60120260132 3053.07222318765 4851.93260464323 4637.75268853353 3954.11178395351 4095.80578152822 5482.92804986533 5700.60303827586 3309.55057371843 5485.77706437292 5626.1665457041 3327.91225845875 3584.95118516278 4825.45334657791 4008.81840446783 5458.59414135178 5047.95750774509 4943.7460493031 3250.0961524238 3174.11404962078 4475.34914839055 4461.64207439369 2484.95472795784 2018.81772332224 654.79004268544 1575 2148.98231728416 3017.75993080961 1637.26143300329 2627.85558963958 2949.68218627024 1589.41813252523 2543.865169383 2670.67407221473 1719.19312469542 683.282518435822 1885.80221656461 1248.24877328199 2165.78507705635 2918.15438248219 2069.26919466753 2131.02088211261 2599.75960427113 1986.83164863055 1468.2046860026 976.281209488332 0 1178.45237493927 2870.6488813507 1800.52075800308 1675.1865567751 1575.99175124745 2595.42867364911 541.98708471697 2442.59083761485 1179.51261120854 3126.19976968843 1610.31829151879 2737.81390894268 3814.61007181599 2548.03846124818 1227.54836971909 3670.40529097265 3182.37332819391 2972.68817739096 3400.09191052242 1485.97611017136 2362.59920426635 2163.04183963233 2186.46404040862 3337.75748070467 2041.59863832243 2793.85486380377 1700.3676073132 3117.79168643449 2464.87829314147 2054.87225880345 841.872912024137 2029.93226487979 2569.77625485177 2964.8988178351 2521.03649319085 1544.74917057754 2210.91044594755 1753.03308582582 1903.12243431683 2767.44466972693 2465.89233341604 2788.36869871974 2010.90775521902 1502.91383651891 1695.58249578132 1280.86884574495
6612.53544413941 5922.94268079643 7707.30173277263 6261.83878744894 7406.07858451421 4964.37307220156 5207.26655741762 5347.60460393249 4325.65024013731 8778.16894346423 7242.10777329363 7223.35621439231 7106.24725153861 7300.55648563861 7892.20343123516 7997.61683253205 7899.6835379653 4881.66211448519 7693.86931264107 4919.54012078365 4296.65567622075 4331.35371448696 3857.05522387222 6012.74687642844 5966.78305286861 7194.00792326503 7039.4424495126 5479.39321458134 6469.30251263612 6275.04980059919 4607.4667660223 6378.13648333116 4767.20568047992 4557.96007003133 4264.7538029762 4180.9837359167 3878.30504215437 3544.44988679485 9005.65794375958 8093.01396267176 5669.27023522428 4313.71359735437 7203.51476711195 9900.18939212781 5527.94039403465 5080.96939569606 6248.09971111217 4508.18699700889 7419.27388630451 4026.47488505765 4262.3350407963 3845.45185901475 3314.07981195384 4281.4279160112 2919.01096263786 2618.92153376156 3030.98581322975 2749.20443037618 3560.98652061476 3354.66093666707 4746.44603888004 4851.93260464323 6703.87015089045 6477.12320401581 5190.91754895028 4766.22229863442 3937.2420550431 5620.99857676552 6748.4257423491 4925 5878.93485250517 5927.74198156431 5139.67411418273 5660.55430147967 6301.98381464123 5553.26480549955 4538.92883839348 7255.38593046573 5199.21869130353 5376.86014324345 5156.18560565851 4684.34894088816 6063.26026160844 6020.79728939615 6509.32024100827 5891.41324301733 5296.57908465455 4817.93524240416 4659.80149791813 4595.78611338691 4820.9827836241 3967.68194289815 4052.77682583189 3761.98086119534 4361.55075632509 3666.48673800956 3750.41664352109 3874.11280166182 3695.77461434 4070.16584428694 2985.79972536672 2840.99454416935 3007.17891054058 4169.90707330511 3321.42665130513 3548.94350476307 2777.25133900409 2765.07233178447 4977.1352201844 4636.13524392893 4541.6819571608 4168.33300013327 4668.3107223063 4097.10263478961 3247.40280839935 3412.75182221034 2921.79311382582 4160.00300480661 3926.03489541293 4183.67362493778 3911.68122423083 3374.1665637606 5025.55967032529 4616.95245806149 4026.31965944086 4398.36617393323 5785.21823270307 5858.38074897834 3218.01569293874 5639.259703188 5844.97647557285 3345.70620347932 3623.62042714189 4963.49171450905 3929.1379461658 5571.01875782159 5170.65034594296 5026.11927832995 3735.05354713959 3211.11351403217 4662.21513875111 4541.47553114624 3068.99820788478 1775.70408570798 1319.56432203966 1257.72612281053 2468.42561159943 3153.66849874872 2301.22250119366 2453.18670304565 3215.10108705776 2025.77145798829 3194.33091585703 3062.47448968967 1893.57466184991 1259.2160259463 2074.84939212464 1845.43355339606 2642.08724307128 3313.70261188297 2556.48684721827 2623.92835268039 2721.90190859259 1525.20490426696 520.21630116712 1851.51964612855 1178.45237493927 0 2756.01614654196 1387.66890863779 1595.69733972329 2001.24960961895 2538.4542540688 1063.01458127346 2132.48681121361 1408.45660210033 2758.05638085954 2141.40724758277 2046.18547546404 3199.21865460928 2098.51137714333 1064.48344280219 3269.65212216835 2579.00174486176 2590.48740587558 2798.3253920872 808.161493762231 1752.31989088751 1832.68928081113 1331.11795119741 2983.3915264343 1084.83869768736 2064.1281452468 1388.79444123311 2954.97461918034 2414.1509894785 2112.75885987966 1028.95578136283 2627.37987356225 2344.14163394621 2155.66115147998 3138.96877971094 1391.04277432436 2370.78573473015 2654.83050306418 1266.14572621006 3580.32819724673 2750.11363401587 2292.65130362207 2751.8175811634 2119.84669257001 1384.28681999071 1546.56878282215
6236.28495179622 5596.70662086195 6344.33802693394 4969.02908021275 5870.74313864948 5352.62785928557 5347.42928892005 5095.95427765988 4586.18850462996 7719.25352608657 5985.71215478994 6074.84567705222 6601.37296325545 6766.73850536579 6609.36835106049 6857.56881117499 6611.59020206183 4387.48219369606 6777.5364255753 5748.80422348857 5849.09180984535 5678.68822880778 5150.84944450913 5857.68725692999 6000.46873169088 6423.24878858043 6169.12676154413 5935.11794322573 6206.54896057382 5520.69968391689 4766.87790907214 5344.97427496148 5654.36778075144 5859.8741454062 5422.52247574872 5581.5544429845 5397.51100045197 5372.61575026541 7700.40583346099 6403.61226184097 3407.16157527054 2384.58591793208 5841.98168432596 8253.06761150059 3254.42007122621 2947.56255234728 4439.24261558208 3184.0422421821 5790.40154048059 4712.01920624269 4573.90697325601 3815.18348182627 3680.5230606532 4012.01321034714 3442.92753336459 3359.03632013707 4503.47088366296 3807.39412196846 4635.59597031493 3406.15252154098 3228.48648750463 2949.25838135624 5377.84808264421 4791.52898352916 3462.11640474436 3593.22278741522 2172.84375876408 3538.7144558441 4864.73277786149 3293.74407020339 4835.93320880262 4000.15624694836 3243.93665166261 4942.79779072541 4990.55357650832 4216.85605635288 2580.9397513309 4991.86838768812 4418.28586671347 3742.15846805022 3873.87080321479 3271.27650925445 3812.64343992459 4522.78951533232 4376.28552541993 3849.91883031318 4488.94475350276 4192.62745781211 3565.37164963205 3331.76004538142 4031.28391458602 3645.9738068176 3051.74130620536 3270.7988320898 4118.55557204222 3745.83101594292 3399.81617150104 3766.7127578301 3858.83726010828 3448.64103669837 3344.49174016023 2826.76935741139 3110.66713101868 4102.59064494619 2956.13768285579 3253.93991954369 2913.1168874592 2524.62868556942 3818.21293277366 3904.24448517252 3008.94499783562 2991.3416722267 3642.97268724321 2786.68710120099 2675.81763205193 2250.27776063312 2425.64424431943 3145.43319751032 2556.97575272039 3324.7180331571 3188.35772773382 2399.60934320568 2890.82600652478 2151.88870530053 2002.03021955214 2359.55504279938 3736.39197622519 3996.09184078645 1065.36378763313 3492.40246821583 3732.54269901899 1767.23654330709 1436.57578985586 3187.18135662218 1554.02702679201 3550.61614371365 2755.22231407921 2906.67335626142 2130.43422803897 1340.94183319039 2216.27502805947 2186.46404040862 3304.2586157866 1783.6058981737 3246.63287114512 2861.16235121323 4755.52310476986 5467.74633647173 4252.05832509386 1030.77640640442 3736.47561212435 2417.77273539098 3914.15699736227 3249.32685336517 3361.36133136561 2257.48754149386 1863.63220620379 2040.22057631032 4006.24512480203 4956.56130800377 1655.67206897984 1546.16460960662 1338.60935302276 1410.89510595225 2333.72020602299 2305.1572614466 2870.6488813507 2756.01614654196 0 1610.51234084064 1227.54836971909 2192.74371507479 1305.9957886609 2512.09573862144 689.655711206686 2090.60397971495 3265.15696406773 3379.90384478612 2768.34788276329 3292.89006801017 3112.57530029395 2880.32116264836 3761.15009006554 2410.52380199823 4123.25720759693 3931.76169165935 2988.93793846577 3617.49222528536 2895.36267158365 2802.00820841053 3021.58898594763 2956.56050166405 1937.45967699976 3319.92093279343 4367.63666071252 3488.37354651133 2755.10889077002 3024.58674863195 2916.54761661798 2176.72345510402 3795.22726592229 5194.46821147266 4010.68884357787 4962.10640756524 3237.86194887923 3752.83226377092 4025.77632264884 4738.01118614129 4941.97581944712 4865.50357106025 3815.34729742916 4051.31151604021 3843.01314075297
6864.30987062793 6182.38424881534 7413.71195825681 5822.80001373909 7005.39970308618 5263.8507767603 5353.62027043383 5295.16288701301 4358.54046671589 8715.25243466878 6944.24221927778 7102.02435929362 7274.31268230889 7476.88103422811 7687.73373628406 7894.85592015459 7707.82881231803 4606.38144317207 7701.70435682908 5559.56383181271 5315.60203551771 5284.52930732719 4782.12818732413 6194.04956389598 6349.26176811131 7169.16138749854 6927.61683409237 6008.06749296311 6685.71237789961 6116.93346375453 4635.79820527167 6078.03422168714 5335.31864090609 5454.64251807577 4869.16317245582 5017.095773453 4677.80664414424 4602.58079776988 8815.25666103943 7682.85428730755 4763.40214552582 3394.84903935359 6974.32792461037 9537.65563437892 4660.06974196739 4098.39907768875 5579.93055512342 3733.88202813104 7052.74769150294 4491.45021123467 4635.79820527167 3914.15699736227 3590.61276107575 3950.6328606946 2908.6079144498 2832.51213589633 3869.26995698155 3248.46117415616 4287.33600269445 3199.70701783773 4088.01602247349 4058.55577761351 6366.61212891126 5922.30951572104 4456.87670908676 4268.34276974097 3117.89191602275 4869.67658063654 6207.00209440918 4322.32576282723 5701.20601276607 5276.00701288389 4391.68247941492 5715.22090561686 6079.73066837668 5294.63171523761 3773.42682451906 6483.24764296413 5210.20632988752 4945.7052075513 4815.14537682924 4245.29150942547 5274.11129954611 5700.93194135836 5840.00214041057 5229.78250025754 5301.47385167559 4877.05085066785 4482.53555479485 4325.7224830079 4788.39743546836 4114.07644557074 3897.83593805588 3842.93182349102 4548.48876001689 3880.88263156721 3690.02032514727 4141.4822225865 4022.82549957117 4097.63651389432 3250.0961524238 2894.28315822761 3099.39510227399 4484.97491631782 3406.79468122163 3646.31663463282 2942.15057398495 2624.88094968134 4793.87630211711 4653.56046484839 4151.95736972335 3936.4482722373 4449.85954834532 3787.7268908938 3236.31735155871 3119.89583159438 2782.31019119005 3970.04408035981 3561.1620294505 3996.87377834227 3796.95601765414 3149.30547899057 4328.75559485633 3710.20551991396 3353.63608639936 3704.89541012968 5142.65252569139 5339.70972993851 2406.50161022178 4952.08289510586 5177.65632308673 2837.58259791675 2839.45417290014 4465.63265394725 3052.66277207293 4957.12870520829 4307.55150868797 4342.09051034176 3156.14480022701 2540.05413328142 3755.07989262546 3705.82312044167 3392.17850355785 1713.54894881938 2262.87980237572 2125.73516694813 3717.02165718738 4464.02284940389 3348.69377519056 1805.89313083582 3750.16666296313 2260.66914872566 3765.38510646654 3395.86145182633 2776.01332849826 1472.24318643355 1983.21078052737 1777.28725871762 3514.07882666283 4361.33580454429 2099.4046775217 2051.37149244109 2183.03114957162 1035.31396204243 961.119139337054 1724.45643609805 1800.52075800308 1387.66890863779 1610.51234084064 0 750.416550990182 1334.40061450825 1196.08737139057 1321.22102617238 1063.30851590684 920.937022819693 2089.55736939669 2157.83456270401 1446.97961284878 2381.83227789028 1690.22927438854 1354.62171841441 2642.9150572805 1559.44701737507 2623.92835268039 2554.65261826339 1399.55350022784 2026.69681995112 1435.48772199556 1261.44758115429 2080.56482715632 1400.44635741609 1068.29303096107 1741.58692002438 2934.49314192417 2136.29351915883 1531.95136998535 1605.65407233314 2116.89631300165 1239.20337313937 2287.19260229654 3895.02888307648 2743.74288153974 3633.69646503392 2471.58855799261 2166.21790224345 3299.71589686143 3292.98496807987 3372.96234784796 3720.63502644374 2527.47403547494 2548.89682019496 2413.76262296026
6171.15264760158 5496.47614385799 6668.48933417457 5153.21501589057 6269.86841967198 4735.10823529938 4823.57491908232 4735.04223845997 3963.11115160804 7975.11755399254 6214.14716594321 6372.25431068158 6549.1411650689 6758.00451316807 6941.22647663941 7166.80716916536 6969.12835295778 4102.66681562127 6979.38929993162 5024.50246293103 4927.98133113347 4845.81004580246 4337.40994142818 5529.63606397383 5671.75017080266 6434.57457801213 6202.51964930382 5392.23979437117 5981.69081447712 5443.45937800586 4197.17166672987 5402.3721641516 4865.43934295763 5004.37308761048 4512.82893537967 4632.83120780371 4381.92309380254 4316.46556803133 8074.2259690945 6957.5947711835 4164.50777403525 2858.43051341116 6251.44983183901 8814.26400784546 4034.6158429273 3586.25849598157 4917.82472237472 3296.77873082195 6345.71705956072 3970.04408035981 4012.32476252858 3308.1339150645 3007.17891054058 3597.65548656344 2634.98102459961 2463.483306215 3501.87449803673 2857.99317703874 3796.13290072937 2794.19040152957 3470.77080776014 3437.47727265214 5634.76929430123 5221.64964355136 3847.15804198372 3645.9738068176 2521.03649319085 4200.81837265074 5497.61311843604 3636.01773923065 4955.11099774768 4579.91539223161 3745.16354783072 4996.06094838724 5355.48783959034 4567.8222382225 3112.57530029395 5833.57737584752 4495.06674032767 4219.37495371056 4074.61654637587 3512.56672534487 4622.02607089142 4999.1249234241 5184.83365210495 4538.17143792519 4591.43223841973 4155.86934347075 3750.33331851984 3589.74233058586 4052.23703650218 3407.52842981537 3191.98214280719 3175.0984236713 3842.76918380482 3229.26075131755 3027.06541059158 3472.9310387625 3363.59183017203 3388.76821278765 2653.53537756707 2243.0448056158 2488.59900345556 3834.79138937179 2711.66461790539 2935.77076761794 2293.6052406637 1981.94979754786 4079.29221802018 3961.21824695383 3464.55264067383 3241.72022235109 3703.79872563291 3074.6951068358 2572.32871149859 2428.09081378766 2062.31059736403 3224.61237980629 2829.97349810913 3260.08052047798 3058.79878383656 2415.31571435289 3679.67389859482 3186.49493958487 2714.54416062808 3017.75993080961 4460.80149748899 4674.46521005344 1849.83107336859 4314.22067122209 4519.67919215512 2182.60165857171 2227.24605735424 3795.22726592229 2532.1680433968 4317.40662898458 3722.31446817702 3719.2909270451 2429.12021110525 1890.43645754096 3161.48699190745 3115.48551593488 2744.76774973767 1204.41894704459 2073.34271166153 1880.32576964738 3598.17662156821 4348.92228028968 3125.19999360041 1233.64297914753 3177.36132663567 1649.62116863236 3195.89580556063 2755.22231407921 2406.89114834884 1110.46161572564 1303.36103977371 1164.84977572217 3088.99255421569 4005.2309546392 1364.96336947187 1336.50664046237 1471.39389695622 744.143803306861 1262.19055613643 1340.94183319039 1675.1865567751 1595.69733972329 1227.54836971909 750.416550990182 0 1395.97636083137 1330.88316542062 1317.66839531044 786.606636127614 1036.21908880314 2765.97631949372 2393.87238590531 2196.16142393951 3077.94574351141 2388.77583711825 1763.69640244573 3328.75727562104 2218.95245555194 3281.86303797096 3289.09181994057 1888.94811998636 2671.72696958353 2082.36644229588 1954.00230296691 2718.80028689126 2015.09925313866 1671.26449133583 2259.424705539 3535.97582005307 2687.12206644953 1994.68042553187 1839.49721391472 2219.37491199662 1789.90223196687 2996.76909354057 4043.74517001257 2813.58312477169 3737.89713609136 2411.04230572589 2639.24705171759 3344.77204006491 3644.94512990251 3803.12371610496 3684.59631438778 2717.99558498538 2855.47719304497 2643.97900899383
7034.42428347907 6383.27893797537 7182.79193628773 5185.13500306405 6751.66646095614 4477.16428110473 4466.89209630141 4385.98620608866 3270.51219230261 8753.21369555205 6535.91041860275 7256.50570178237 7206.68092813883 7523.3386870458 7657.79831283118 8050.58227707785 7777.5317421403 3585.12552081514 7869.7601615297 5140.22129873802 5228.64705253663 5301.23806294341 4891.51050290194 5648.06382754303 6211.48130480967 6826.32770968403 6478.71515039826 5719.15640632427 6377.84250354303 5447.13227304056 3585.56132286146 5416.23716245882 4666.77083217079 5257.8512721453 4086.63981774758 4541.81956929159 4043.04959158307 4355.52809656877 8844.87846157311 7730.58050860348 4496.17893327212 2891.04219962283 7167.50479595235 9612.16676925656 4508.39494720682 3620.94600898715 5116.76167121354 2812.2499888879 7278.95081725382 3905.4449170357 4259.40136638941 3265.34837345114 3103.72759758327 2754.20133614084 1801.56182241965 2006.55176858211 3513.10048247983 2624.52376632409 4030.27604513636 2143.88665745183 3461.0330827659 3620.25551584415 5999.73957768168 5533.13880180138 3874.03213719246 3547.79861322483 2661.17924988153 4684.34894088816 6264.68275334035 3917.98736598269 5464.60199831607 5072.53634782443 3991.39699854575 5881.91082897386 6284.50475375745 5497.84048513596 3514.52343853331 6502.73980718897 5435.24378478096 5075 4563.85253924795 3999.14053266449 5272.62979925578 6007.91145074559 6077.31437396487 5243.20989471144 5560.2383042456 5010.73846852936 4676.67082442201 4499.02767273108 4858.69066724771 4198.51164104615 4251.47033389626 4255.87828773333 4485.04459286639 3528.54431742043 3165.93193230682 4370.21166535444 3911.68122423083 4346.69414612991 2866.1821295933 2567.34298448805 2615.4588507564 4783.1082990039 3659.4910848368 3619.39221417077 2734.15892003373 2179.59285188771 5085.94878070946 4999.1249234241 4551.03010317444 4342.81015012169 4261.52848166007 4118.40381701455 3709.19465652586 3571.67677708944 2639.48385105876 4046.37183165364 3791.93222513272 3751.41639917512 3649.82876310657 3386.0005906674 4635.59597031493 4192.70199274883 3797.53209334694 3848.1326640333 5301.76857284435 5704.877299294 3030.36713947337 5282.8732712417 5433.80621664041 3379.16409782064 3302.3665756545 4861.71266119256 3628.4466373367 5355.2544290631 4621.7556188098 4762.02425445314 3081.09152736494 3036.65111594994 3969.09939406914 4089.62100933571 3399.0807580874 2495.12023758375 2221.20462812412 2739.86769753578 3706.16041207069 4583.73483089936 3160.39950006324 2564.29814959181 4053.62492098122 2426.15951660232 3696.78914735477 3595.65710267261 3089.19487892881 1473.30410981576 2369.59912221456 1709.71488851212 3580.9391226325 4426.41220403161 2047.10160959343 1927.43352673964 2604.08333199996 2083.56665360146 1886.29928696376 1125 1575.99175124745 2001.24960961895 2192.74371507479 1334.40061450825 1395.97636083137 0 1343.96800557156 1124.7221879202 1993.11314279947 605.18592184551 2157.97937895616 1232.12215303516 2135.85462988472 2890.50168655893 1887.78971286529 1346.52330094952 2706.58918197794 2283.91111911125 2603.00307337506 2854.49207390737 1814.00799336717 2322.84846686132 1505.40692173246 2060.79474960511 2200.71011266818 2185.6063231973 2210.91044594755 1759.61643547678 2628.0934153869 1711.906831577 976.601249231231 1433.96303997 828.02475808396 1360.14705087354 2839.34411440389 3193.8417305809 2962.26264871972 3547.97477443118 1210.63000128033 2480.54933432093 1995.30699392349 2706.58918197794 3599.47912898519 3203.51369592827 1762.45567320146 2678.85236621953 2129.99413144731
7241.67625622687 6591.37694264256 7230.75030684921 5432.13816098228 6734.51928499726 5448.50897035143 5396.12129218756 5179.10465235064 4324.49419007587 8780.30466441797 6712.34869475655 7190.14081920514 7506.8302232034 7747.37858891638 7636.7941572364 7981.58035729767 7699.43179721725 4313.42381409478 7881.1880449587 6060.37333833486 6140.33793858286 6100.87083947857 5617.43936326864 6321.63942344073 6735.63285816559 7172.42985326451 6835.84303506159 6459.19886673262 6894.24578906206 5946.5326031226 4587.2104813274 5792.50593439489 5732.25522809304 6176.46743697399 5281.27588751052 5641.0881042579 5253.21330235124 5418.77523062177 8775.85465923405 7489.868156383 4079.29221802018 2678.73570924793 6993.34505083226 9364.76107543593 4060.40330509175 3278.90987982287 5040.95725036426 3036.23945037278 6970.06994226026 4876.08962181788 5006.62061674339 4043.6678894291 3932.9537246197 3618.78778045909 2995.9347456178 3140.85975490788 4561.59237547592 3728.68944805008 4925.12690191837 3135.8810564178 3574.73775261906 3465.72503237057 6129.89600238046 5501.53387702012 3858.99922259645 3873.70946251781 2559.9072248814 4367.85130241404 5939.17081754684 3918.9443731699 5658.67696551058 4848.3889076682 3841.3864684512 5979.60073917983 6132.39349683303 5345.44198359687 3287.95148990979 5987.74790718514 5479.7924230759 4843.10076294103 4670.51924308208 4048.8424271636 4786.11272328599 5722.65235708059 5532.96936553963 4869.41988331259 5574.04700374871 5166.59946192851 4633.43824821266 4404.96878536046 4994.05897041675 4489.84966340745 4156.17011201418 4294.90977786496 4884.22204654948 4193.67082637634 3771.85299289355 4641.52453402974 4467.94136040302 4442.40925624824 3639.53980607439 3195.11345651449 3364.05633127628 5021.01832300979 3842.60653723485 3986.38307241038 3343.1833632034 2792.9598994615 4956.87653669123 4992.24398442224 4222.33643851363 4151.05408300109 4447.11985446761 3925.39806898613 3692.6447161892 3373.8887059297 3006.76320983213 4104.49448775364 3637.13486139846 4032.13653042652 3933.66877100754 3379.90384478612 4082.43187328337 3362.66263547207 3252.11469662434 3440.29431880472 4855.02317193234 5229.06540406601 2359.68747930738 4694.27843230459 4901.4028604064 2980.56202753776 2690.37636772255 4424.50562210062 2830.74636800968 4790.74628841896 3902.96361756038 4150.07530052167 2976.05023479107 2559.54097447179 3294.50299741858 3391.34928899988 3910.08311932112 2468.17240078565 3157.13477697738 3169.48339639128 4697.40619916992 5504.60034879917 4203.04948816927 2107.87214982313 4457.64792239136 2891.36645896019 4386.62740610597 3975.3930623273 3706.32904637459 2213.73553072629 2532.53825242581 2265.64008615667 4343.45772397982 5256.95967266252 2212.60592966755 2046.03274656101 2361.40847800629 1859.77149133973 2153.34042826489 2082.51650653722 2595.42867364911 2538.4542540688 1305.9957886609 1196.08737139057 1330.88316542062 1343.96800557156 0 2094.93436651366 1304.31974607456 1463.72811683044 2100.74391585457 2462.08752890713 1926.94706725431 2343.87499666684 2081.76607715661 2179.59285188771 2592.89895676634 1579.16116973538 3078.65636276607 2924.35890410189 2407.67003553228 2790.27328410677 1882.15302247187 2175.57463673394 1845.43355339606 2428.60556698695 1527.04780540755 2514.70674234591 3233.90244132379 2343.47498386477 1626.72984849974 2438.23706804732 1926.6226926931 980.433577556379 3015.06633426198 4478.62981278873 3822.46648121341 4609.02646987409 2486.33766813762 3160.00395569373 3079.56977514717 3831.04098124779 4369.92562865777 4456.03523325388 3026.34267722609 3558.96754691582 3231.96921396229
6514.26319701622 5843.47927180374 7186.27163416469 5457.16272434678 6845.43643604993 4220.78191808106 4373.856993547 4458.90962007529 3360.98943765076 8504.48411133797 6604.40194112987 7005.84577335242 6812.76375636202 7092.82207587361 7528.07246245677 7792.10337457095 7608.21923974329 3899.43906222421 7526.66094626296 4515.18272055517 4290.83325241147 4370.99816975482 3948.65483424419 5393.34080139574 5680.00880281008 6660.98716407711 6416.28786760694 5131.15484077415 6018.87655630185 5502.84017576378 3661.1132186809 5583.96140745976 4178.06773520966 4413.04883272325 3619.13318351232 3810.59378575046 3392.08637861715 3430.47008440534 8693.49613216685 7735.10665731249 5016.03678216179 3531.02322280667 6985.02863272585 9581.68826460139 4943.49319813429 4312.91664653979 5509.87749410094 3546.65335210533 7192.05290581208 3423.813663154 3771.93584250846 3083.42342210732 2680.13525778085 3231.19559915521 1897.53129091459 1718.64772422972 2694.78663348325 2063.52247382964 3265.06125516812 2343.87499666684 3912.00076687109 4106.85402711126 6079.21664361454 5798.54507613763 4376.71394998576 3897.67558937375 3174.40939388731 5029.97266394162 6358.95038508715 4216.11491778865 5362.5437061156 5342.10866606062 4420.54860848741 5486.06188444863 6084.81717063052 5315.89597339903 3890.61370480288 6804.45626042228 5048.45273326393 5042.87864220427 4584.34837245164 4089.39176406468 5585.97574287608 5849.78632088387 6216.20865158177 5441.39228506822 5170.95252347186 4606.78846920498 4421.96223412186 4316.97231865112 4536.17404868905 3727.26441240758 3927.4673773311 3752.66571919216 4034.6158429273 3121.39792400777 3030.77960267651 3784.67303739702 3359.1293514838 3920.61857364371 2396.87296284138 2224.01663662842 2307.18984914549 4160.3034745076 3171.25763696361 3196.09136289938 2270.04955893038 2026.23419179521 4816.31342418659 4570.42120597216 4396.80281568323 4063.86515524322 4153.68812021317 3911.68122423083 3240.46678736259 3303.31273118365 2392.04410494456 3821.7306289167 3648.11595210459 3626.72372810502 3428.73883519874 3118.49322590253 4754.60303285143 4423.94055113764 3833.56883334576 4003.82629493339 5434.49629680617 5679.84374785082 3093.64267490607 5397.33730648734 5557.31499917001 3241.72022235109 3407.43671988197 4798.04647747393 3787.23183869168 5391.31245616501 4879.10083929406 4838.06521245838 3201.65972582971 3025.92960922755 4287.91907572893 4288.93926280147 2795.30856972893 1952.72245851785 1155.96280216969 1759.79402203781 2641.61408990791 3492.22350372939 2175 2427.57595143798 3275.95405950694 1780.09831189179 2961.20752396721 2948.5165761786 2094.18838694135 689.655711206686 1903.94327646598 1276.95927891221 2637.35189157609 3424.26999519606 2001.40575596254 2013.70305656023 2487.71983953178 1726.6296649832 1191.89974410602 904.502625756277 541.98708471697 1063.01458127346 2512.09573862144 1321.22102617238 1317.66839531044 1124.7221879202 2094.93436651366 0 2075.45175805173 654.79004268544 2630.94564748115 1373.18061448595 2256.51833584396 3303.78570733636 2082.96663439432 856.227189477185 3187.57352856369 2662.00112697196 2630.70807958618 2981.71511046914 1192.94802904401 2044.65767305923 1689.30459065262 1785.18206354422 2813.47205424188 1712.27188261678 2319.61742535272 1395.97636083137 2794.07856009812 2058.67068760402 1571.22563624707 643.23401651343 1692.07712590177 2028.54627751008 2621.42613857419 2732.78703890369 1866.81547025945 2574.02894311622 1624.23058707808 1781.32675273236 2611.2736356039 2439.90266199289 2832.18113827488 2433.61870472759 1481.13132435986 1789.20373350829 1377.27085208393
6297.27123443163 5630.6083152711 6732.38442158497 5385.68704995008 6304.56184044538 5362.13576851612 5426.38231236982 5269.4283371159 4624.2566970271 7988.35089364507 6372.45047058037 6331.41966702571 6744.72015727858 6896.96491219145 6941.67667066106 7117.71557453654 6925.49637210215 4610.92452768423 6978.22506085896 5619.77535138194 5514.86627217741 5368.01872202398 4827.71944089546 5982.31769467319 6017.88999567124 6679.16536702004 6464.22849224871 5876.32963677158 6327.46987349604 5807.64582253429 4835.41621786584 5700.93194135836 5540.19403992315 5595.75732139985 5251.4878844 5329.69276788072 5132.61629191195 5000.31249023499 8032.5509646687 6823.99259964429 4029.34548034789 2919.43915846863 6143.33988966914 8663.50102441271 3862.39886598989 3550.88017257693 4968.02274551959 3582.07342191642 6153.91135782764 4614.6505826552 4535.41618817943 3869.10842443062 3611.52668548912 4163.00672591337 3353.44971633689 3205.65905860246 4202.00844834943 3595.57019122141 4408.01826221262 3439.65841327304 3674.40471369173 3484.78837234056 5771.21087814334 5279.50044985319 3969.96536508821 3958.14034617268 2645.16067564902 4097.63651389432 5327.64019055341 3750.41664352109 5126.5851207212 4520.30142800234 3777.3998994017 5072.16669678748 5268.06416058119 4491.24147647396 3105.13687298966 5565.12578474198 4541.6819571608 4110.42880974723 4217.07837252285 3639.11046823259 4386.69864476693 4821.56613560366 4866.08158583475 4361.33580454429 4613.16052181148 4290.10489382253 3761.15009006554 3574.73775261906 4181.73110087198 3658.55162598534 3165.83322365535 3238.05497173844 4154.28995136353 3734.04941049258 3507.22468627261 3698.81737856845 3793.58010327975 3497.67780105601 3248.46117415616 2785.45328447633 3076.21927046822 4020.33891606168 2913.22415890024 3265.34837345114 2822.78674362765 2533.89522277461 4015.20547419432 3974.44964743548 3266.783586343 3140.46174948844 3897.83593805588 2988.10140390182 2616.41453137686 2344.54153300811 2462.08752890713 3331.76004538142 2793.07178568686 3532.43895913291 3335.97811743423 2502.49875124844 3356.89588757233 2669.9719099646 2378.81272907306 2830.30475390902 4217.96752002668 4376.1427079107 1384.06105356664 3959.6401351638 4209.66150658221 1939.39423532195 1852.19464419915 3523.31520020562 2004.52612854011 3963.4265478245 3306.14957314396 3337.19567900955 2494.11808060485 1608.95929097041 2805.12923053466 2698.61075370273 3177.4596771635 1355.77468629562 2789.93727528058 2320.96423927643 4259.47473287494 4948.29516096201 3833.48731574789 918.218383610348 3503.12360615494 2158.99282073841 3714.33035687457 3093.74368686225 2925.85457601707 1866.98286012486 1637.83393541592 1816.76222990242 3653.85070849919 4568.98511706922 1722.09900992945 1674.06690427832 1428.72320622295 786.606636127614 1682.44613583912 2093.59141190443 2442.59083761485 2132.48681121361 689.655711206686 1063.30851590684 786.606636127614 1993.11314279947 1304.31974607456 2075.45175805173 0 1719.37488640494 2934.59963197708 3063.59674239284 2282.95313136297 2976.99512932084 2669.50369919204 2372.36696149647 3450.45286882751 2069.72220358192 3654.53485412303 3472.12110963889 2397.5247652527 3059.51385027099 2455.86033804856 2202.69721024021 2773.19761286498 2324.19340847529 1444.16931140362 2796.64978143492 3961.29713604016 3130.19568078419 2450.76518663049 2533.03178029807 2794.30223848459 1926.78488679977 3222.86751201473 4793.55035438244 3429.6501279285 4416.51729307154 3100.50399128916 3142.1529243498 3958.0613941676 4306.17289481043 4315.52430186646 4452.52737217864 3441.11173895879 3458.86542091478 3343.93106986373
6793.88511825156 6125.05102019567 7223.13989896361 5407.9224291774 6827.42630864662 4545.46477271577 4617.15550961845 4599.52443193859 3524.37937798983 8646.45881271634 6638.7592967361 7115.52000910685 7067.88511508216 7345.87469264212 7605.13806580788 7910.00158027797 7687.73373628406 3905.20486018339 7695.65624232268 4995.06005969898 4895.02298258139 4945.76839328329 4506.45370552056 5665.52071746278 6036.45177235767 6832.18486283853 6544.7498042324 5558.43952922041 6305.00793020913 5602.78948381964 3828.18494851019 5609.42287584026 4626.68888083044 4983.34726865387 4076.99337747807 4369.42501938184 3932.7153469327 4058.70977035806 8774.85754870129 7707.50445994032 4712.54973448557 3187.18135662218 7041.08478858194 9576.72960879652 4666.03418332957 3942.23921141272 5339.82677621662 3250.19230200307 7179.2670238681 3840.08463448398 4142.61390911584 3308.51175001692 3019.20933358388 3168.30001735947 2030.54795560213 2030.3940504247 3271.94514012689 2522.02795384984 3787.7268908938 2406.50161022178 3727.43209193675 3855.02918276892 6093.28523868693 5695.33800577279 4154.13950175003 3802.38412052228 2891.4745373252 4819.03776702362 6263.68501762341 4079.29221802018 5458.3078879814 5187.66566000547 4200.74398172514 5678.74325885578 6144.20458643753 5358.28797285103 3662.3933431569 6586.776525737 5217.81803055645 5002.31196548156 4595.78611338691 4047.29848170357 5357.41308842243 5856.51346792612 6049.07017648167 5282.40002271695 5335.02577313362 4805.07544165542 4505.13595799283 4355.88682130287 4695.01064961518 3971.61805817226 4012.32476252858 3940.33628006545 4305.30196385805 3422.26167906547 3190.1214710415 4071.7011186972 3701.35110466435 4097.86529793257 2733.35873971932 2451.27517835106 2555.75331360443 4460.17096084892 3376.85134407779 3426.55074382388 2551.83757320093 2144.32390277215 4890.61601436874 4734.44822550633 4365.84756948751 4108.67983663853 4228.69660770313 3924.12410609043 3382.39929635754 3317.47268263056 2509.60654286683 3904.72470220373 3637.82215068302 3718.95482629192 3557.21098615193 3177.85304883659 4571.51506614601 4124.92424172857 3660.08879673704 3824.34634937789 5283.58306455004 5585.30437845602 2847.47695337469 5218.11747663849 5390.84872724138 3147.81670368527 3176.57441279124 4713.41171551987 3504.72894814991 5247.26119037351 4606.584960684 4657.85626656727 3080.07710942437 2853.28757751475 3991.39699854575 4030.66371705703 3132.69053690274 2036.38773321782 1793.04210770411 2183.60367283076 3295.54623696892 4139.21792129866 2816.13653788306 2262.32734147824 3667.8501877803 2074.24685126915 3411.7444218464 3270.89437310348 2612.82892666167 1045.52618331632 2019.59154286207 1438.09770182697 3192.27583394668 4028.10439288755 1936.00748965493 1876.49940047952 2383.01279895849 1618.25523326823 1293.01005409857 1018.27059272082 1179.51261120854 1408.45660210033 2090.60397971495 920.937022819693 1036.21908880314 605.18592184551 1463.72811683044 654.79004268544 1719.37488640494 0 2195.59217524567 1360.83614002568 1901.47968698064 2838.79375791902 1763.16476825055 950.328890437411 2767.78340915614 2164.19731078291 2501.12474698884 2726.14654778499 1332.99474867683 2021.91122455957 1369.30639376292 1643.35784295448 2291.42422960045 1707.52013165292 1913.60262332596 1456.45116636295 2650.58955706084 1792.17047180228 1131.92314226718 1035.6157588604 1355.31361684298 1432.21855874025 2527.47403547494 3137.37549553763 2467.03263050978 3174.60627480007 1572.21976835301 2047.71213797252 2468.04578563689 2662.11851727154 3200.97641353385 3007.69845563015 1736.73544329584 2248.61068217689 1833.88249350933
8904.984559223 8227.27931943483 9194.12176338773 7229.88589121571 8727.65002735559 6546.89812048423 6548.75942450171 6489.02920320135 5240.52716813872 10694.069618251 8603.56030954628 9108.6497352791 9226.08394715765 9480.57224011294 9603.25465662553 9904.6706154218 9666.5337634542 5623.27751404819 9736.07980657513 7102.64035412184 6836.34588065876 6943.97220616557 6507.11149435754 7794.62956143523 8229.6339529775 8943.3285190694 8607.01022423001 7733.89455578494 8484.98674129783 7586.04804888553 5592.90845625065 7517.2302079955 6621.79167597411 7008.69995077546 5909.42044535672 6306.04868360529 5724.34494068972 5881.6451780093 10756.5096569473 9543.71520949782 6120.96806069105 4612.34755845654 8960.95698014448 11419.9660682508 6138.50551844665 5206.54636011243 7000.22321072693 4604.14215679751 8991.17623006023 5930.16652380015 6322.72686425723 5410.81093737344 5181.81917862829 4647.98343370542 3767.12755292411 4020.33891606168 5251.90441649503 4546.56463717387 5888.86661421364 4219.6711957213 5413.46700368627 5437.6580436802 8045.80636108029 7477.38256343756 5746.41192397482 5596.65078417441 4504.44225182208 6435.35158324703 8012.68525526867 5869.3057511089 7520.13962636333 6900.63402884112 5829.93353306879 7750.80640965829 8076.31568228979 7284.78723093544 5320.00939848794 8087.25849716701 7257.41000633146 6853.55747039448 6582.7900619722 5985.08563013095 6885.21967696021 7687.77438534717 7611.38128068749 6955.43851960464 7356.50222592232 6897.96165544576 6494.85373199428 6311.15084592343 6780.48670819433 6106.29797831714 5952.46797555434 5922.99544149749 6477.36443316261 5609.47858539455 5309.07242369135 6171.35519962998 5891.14802054744 6146.59458562219 4918.01535174505 4634.18007850364 4721.89051122535 6530.98384625165 5447.47647998594 5583.62561424027 4744.86564614848 4286.16961866886 6827.33476548499 6725.37173693767 6147.76382109788 5983.88460784464 6290.17090387853 5805.86987453215 5319.89191619529 5169.86460170864 4642.73626216265 5941.06471939163 5543.29549997111 5808.93708005174 5673.2376118051 5167.38570265468 6137.64001876943 5371.04505659746 5239.33440429221 5500.79539703123 6933.6588465254 7243.87672451706 4270.97763983845 6748.93510118448 6971.77344726577 4838.19439460632 4682.81432474105 6405.51520176168 4796.74368712776 6813.26830529959 5970.44805688819 6171.30456224614 4946.58973435234 4479.46704419175 5384.29428987681 5438.46255848103 5303.59547854095 3791.93222513272 3684.85074324592 3930.01272262572 4888.63477874958 5651.43787013535 4632.62884332427 3816.57569032765 5727.56492761104 4200.37200733459 5568.71843425397 5386.61535660381 4551.5107382055 3184.14038635234 4027.63888649417 3607.45755345784 5217.39877716856 5941.2751156633 3955.21807236971 3840.16601203646 4185.4659238847 3094.04670294422 2537.46921163588 3173.91713817485 3126.19976968843 2758.05638085954 3265.15696406773 2089.55736939669 2765.97631949372 2157.97937895616 2100.74391585457 2630.94564748115 2934.59963197708 2195.59217524567 0 2220.07882742933 1041.63333279998 1066.24340560681 704.006392016436 1979.58328948292 575.543221661067 1256.23445264011 1325.23582806986 1008.0922576828 2068.51395934376 1583.90340614572 985.203024761902 1637.83393541592 520.816666399992 1954.48202856921 1885.80221656461 1782.72964860071 1507.48134316813 1096.01551083915 1269.10401464971 2417.25567534756 2273.48850887793 1127.774356864 1619.41347407016 3952.37270509753 3802.87720022617 4300.43602440497 2945.9718260703 2431.30623328284 3160.00395569373 2872.49891209727 3390.51987164211 4408.16004700374 2713.04717983304 3052.15088093626 2869.23334708071
7654.73709542006 7008.25406217554 7993.31752153009 5893.11038416896 7612.53078811508 4509.78103681321 4553.15824455948 4635.8656149634 3233.51588831724 9529.19854972075 7271.77763686432 8102.85443532093 7797.55570675837 8151.99362119476 8493.74770051477 8886.99893102278 8638.75714440451 3929.21747934624 8644.72382439138 5149.87863934676 5080.66186633198 5293.03788008361 4967.26786070572 5981.53408416269 6618.39293182265 7422.97952307562 7079.06243792213 5924.78902577974 6823.9468051854 5954.46261219264 3607.1976657788 6022.97683874013 4522.78951533232 5166.78091271538 3734.30046996757 4266.43879599837 3595.22252440652 4013.88216070178 9691.68458009236 8698.63495038158 5583.12188654341 3942.87331777221 8082.69756949993 10563.5280564781 5619.16363883452 4667.50736475048 6031.22085485186 3583.3817826182 8271.18492115852 3952.92613136142 4550.34339363525 3644.2591839769 3411.92760767282 2961.20752396721 1783.6058981737 2068.06068576336 3343.08988811249 2567.34298448805 4075.53677446297 2403.25300374305 4335.10380498553 4629.32230461436 6782.42213372185 6423.78393160916 4788.26690985371 4282.96042475295 3708.60485897325 5744.0186281035 7297.47387799367 4851.41731868121 6214.80088176604 6082.96802556121 4988.04821548469 6627.31091771014 7197.43878056632 6427.52868527243 4575.34151730775 7615.19861855224 6220.83193793242 6073.81675719642 5409.7712520956 4905.7364380896 6390.22691302899 6989.67989252727 7198.65438814783 6317.4856549105 6357.42675931072 5743.52896745546 5558.60818910633 5425 5629.05409460595 4861.9054906487 5144.96112716121 5029.97266394162 5071.61216971487 3967.9969758053 3728.60563750043 4996.81148333615 4380.8532273976 5123.65836097607 3250.0961524238 3148.11451507089 3087.8795313289 5397.33730648734 4398.43722246891 4279.38371731258 3282.14868645526 2858.53983704968 5991.55655902538 5804.03954156069 5567.20306796869 5282.3408636702 5062.11418282915 5085.08849480518 4532.52137336384 4531.14224009796 3414.12507093692 4907.39238292599 4769.76152443704 4516.4975368088 4405.18160806113 4289.59496922495 5770.2361303503 5392.29774771386 4921.1914207842 4959.4606561601 6398.48614908245 6783.15929342663 4170.88120185651 6420.13434438875 6555.57968451303 4428.9530365539 4454.35180469617 5928.16371231429 4807.41614591456 6472.29673299981 5809.79775895857 5901.16513919073 4109.7445176069 4141.02946137793 5158.79104054429 5269.54694447255 3918.6253967431 3289.7568299192 2184.46217637202 3080.78723705484 3311.91032487294 4195.68230446491 2878.15044777023 3607.45755345784 4523.41132332668 3038.40007240653 3997.73373300424 4169.90707330511 3326.03367391252 1990.91687420645 3187.57352856369 2436.95506729197 3699.83107722501 4360.18921607767 3017.24211822651 2950.10593030149 3643.57310891383 2939.91921657722 2277.05950734714 1735.65549577098 1610.31829151879 2141.40724758277 3379.90384478612 2157.83456270401 2393.87238590531 1232.12215303516 2462.08752890713 1373.18061448595 3063.59674239284 1360.83614002568 2220.07882742933 0 2414.28043110157 3200.87878558373 1850.16891120784 1179.51261120854 2670.90808527736 2864.98254793987 2030.70184911523 2638.65496039175 1703.67250374008 1945.18636639269 1500.62486984589 2215.00564333367 2505.74340266517 2245.82946814757 2919.332115399 1305.03831361382 1889.77511889643 1238.95116933639 1098.00956279989 1143.18633651737 986.154146165801 2034.23818664384 2621.78374394228 2078.16024406204 2615.936734709 2836.15056017836 1040.43260233424 2020.82903779612 1555.83578825016 1511.6216457831 2877.17309176907 2435.28745736515 667.551496140934 2085.21581616868 1354.16025639508
8255.22561775267 7566.74467654354 8841.20325521362 7135.38716538914 8412.60215391171 6427.82039263699 6507.9758758004 6481.70502260015 5342.34265093507 10151.3853734355 8348.27826560663 8523.05696332014 8702.62173140945 8897.54179534999 9124.82876551664 9313.02850849282 9135.47344148074 5716.09569549006 9118.59364156557 6749.25921861059 6316.89203643691 6360.91581456633 5880.6887351738 7534.50396509286 7723.46263019379 8596.54727201567 8335.35392170003 7303.12433140776 8084.86239833431 7449.53857631464 5670.59300249983 7405.48782998122 6428.50099167761 6538.49179857251 5809.1522617332 6008.84764326738 5545.7754191817 5475.97023366636 10244.6327410991 9076.75602844981 5966.88779850937 4554.8051549984 8379.66288104718 10928.5463351719 5904.76502496077 5195.73142108019 6871.72649339305 4756.6400956978 8426.81731141716 5674.22902251927 5948.68682988103 5199.69951054866 4869.16317245582 4871.47308316489 3820.83106143153 3887.56028892158 4885.43754437614 4313.78604012763 5451.49062183913 4250.66171319243 5341.64066556334 5310.89681692273 7772.70866558113 7272.98081944398 5688.69492941922 5533.76002370902 4366.34858892416 6175.86026396323 7574.66995980683 5664.03124991379 7139.50278380785 6620.70615569064 5673.2376118051 7135.47475645454 7490.11849038451 6708.99582650042 5083.55190786914 7748.30626653335 6625.33018045139 6349.70471754396 6238.63967544207 5655.85979317027 6552.95734764083 7077.56137380666 7128.15719523637 6570.8161593519 6709.55475422923 6302.92590786216 5911.48247058215 5754.40049005976 6227.76043212967 5530.08815481272 5302.0632776307 5216.50026358669 5961.0192081556 5232.70962313026 5042.44484352581 5519.34099327085 5389.86317080499 5512.31575655822 4554.32486763955 4257.71358830065 4414.88957959313 5839.19943142893 4815.0804770014 5066.74204987781 4307.98676878191 3977.27922077392 6200.20160962529 6044.47061370969 5519.05789061865 5323.70876363462 5889.07887534205 5192.36217920129 4611.26338436659 4511.37451338281 4207.73097999385 5414.44826367378 4983.53539166724 5427.82184674479 5235.2769745258 4584.9618319022 5626.11100139341 4853.67129088899 4661.34369039658 5055.81348548381 6474.42082351773 6657.79618192086 3659.06408798753 6226.60621847889 6476.73721869276 4186.36178560812 4126.89350480479 5801.56228959062 4225.07396384963 6239.64141597897 5512.59920545653 5608.02995712398 4561.66088174033 3882.41226558953 4980.77554202154 4935.77501513187 4756.6400956978 3022.20945667239 3199.70701783773 3156.73882353292 4397.30030814362 5089.81826787558 4207.58244126006 3125.4999600064 5032.39505603445 3619.82389074386 5040.39928973886 4755.32596148781 3875.08064432213 2703.0075841551 3397.33351321297 3148.2137792723 4631.81929699335 5352.68624150529 3530.04957472271 3461.48450812653 3595.22252440652 2307.73157017882 1734.57487587017 2911.82932192119 2737.81390894268 2046.18547546404 2768.34788276329 1446.97961284878 2196.16142393951 2135.85462988472 1926.94706725431 2256.51833584396 2282.95313136297 1901.47968698064 1041.63333279998 2414.28043110157 0 1156.23310798472 736.970148649184 1646.58738000751 1450.43097043603 806.613290245084 1636.68873033329 1206.75183861472 1501.24947960024 1279.1598805466 930.38970329642 779.422863405995 1176.32903560186 1137.9806676741 1037.42469606232 1549.39504323462 2085.0659461993 1614.38842909629 1520.89611742551 2100.74391585457 2585.294954159 1151.90060335083 1167.26175299288 4060.01847286438 3238.34448445498 3942.23921141272 3135.8810564178 1957.99642492013 3654.87687891124 3097.78146420951 3027.06541059158 4247.57283633842 2798.77205216859 2631.18319392626 2663.17479711715
9200.30570144275 8519.3162871207 9538.99889925562 7752.62052470002 9055.66121274421 7346.76799688135 7357.18186536122 7254.43829665674 6117.08672490427 10948.4587956479 9044.36979562424 9303.59473536976 9622.04500093405 9814.94396316148 9864.67814984351 10090.9303337205 9876.48722977962 6381.85905516567 9951.79003998778 7807.16818058891 7459.4738420347 7499.87499895832 7015.11760414606 8445.153935838 8727.11292467331 9429.8064667309 9124.21229476825 8345.43288272094 9023.68411459532 8204.49571881173 6449.32166975722 8090.92856228505 7432.95028908441 7660.93989011792 6789.92820286047 7087.35670049138 6581.69810915086 6600.80487516485 10973.9179421025 9694.16706066076 6330.7286310503 4982.03020865992 9103.33043451681 11543.4505239984 6310.55663155003 5511.23851779253 7368.93818674034 5186.64149522598 9067.83463678071 6675.88945384808 6949.28053830035 6092.82364753814 5845.56455785068 5478.87990377595 4635.52855670203 4819.62135442194 5978.86904021153 5324.06095006434 6540.68994831585 5023.07176934592 5893.74668610723 5793.85450283315 8460.90272961461 7841.43641178069 6174.59512842745 6160.50931336038 4899.17084821503 6659.43879016843 8144.55339475407 6262.43762443986 7928.2327791255 7155.63589068086 6172.82350306568 8017.90964029902 8235.59348195381 7456.95983628717 5617.55062282486 8145.12891242367 7495.45695738425 7024.11026394091 6969.84576586885 6357.72168311888 6986.99685129455 7771.42200629975 7607.47987181037 7098.67945465916 7572.56561543048 7204.33897037056 6723.18748808926 6530.98384625165 7097.66687017642 6479.39040342531 6132.69924258479 6132.49541377733 6917.77601545468 6198.23563604999 5910.63659853996 6501.2498798308 6395.60395897057 6414.14452596759 5541.20925430542 5199.3990037311 5351.46008113674 6825.73256141786 5756.46375824603 6011.23947285416 5284.70670898584 4863.44785106204 6991.91497373931 6920.16979560473 6226.30508407675 6115.14513319185 6690.89866908773 5963.11579629308 5512.99600943081 5315.71961262067 5101.16408283443 6243.04613149703 5747.28196628632 6255.44762586979 6100.30736930525 5428.62781925599 6154.16525614969 5247.49940447829 5260.10931445346 5640.31249134301 7010.08202519771 7241.76256169726 4255.36426172895 6722.25780523181 6984.3575223495 4907.26502239282 4705.64820189525 6434.57457801213 4698.47049581031 6775.23062338102 5918.45630211122 6128.77434729 5252.67788846794 4556.17712561748 5406.36199305966 5402.31431888223 5771.15672980729 3979.71418571736 4321.02418414894 4271.63610341518 5537.65518969898 6233.22749464513 5331.33426076437 3880.15785761353 6087.84649937891 4638.29171139548 6108.90743095687 5770.29028732524 4999.5624808577 3743.41087779581 4346.26276242015 4114.38026925077 5756.57233082327 6500.62496995481 4355.81507871948 4244.40808594084 4375.07142798835 3224.70928922283 2858.43051341116 3840.97969273465 3814.61007181599 3199.21865460928 3292.89006801017 2381.83227789028 3077.94574351141 2890.50168655893 2343.87499666684 3303.78570733636 2976.99512932084 2838.79375791902 1066.24340560681 3200.87878558373 1156.23310798472 0 1459.88013206564 2706.58918197794 1026.21878758869 907.606743033567 2093.59141190443 1334.40061450825 2632.13316532428 2176.72345510402 1784.30658800555 1921.42525225417 882.113938218867 2266.46751576104 1670.51638722881 2548.77421518659 2421.13093408845 2140.82343970725 2176.29271928204 3166.820171718 3176.18088275841 1579.55689989313 1857.92222657462 4924.49235962449 4378.92680916226 5017.28263106634 3865.63384194623 3004.26779765054 4152.86045997214 3844.23269326923 3942.55627734088 5277.0730523653 3677.12523583301 3701.85764177933 3690.10501205589
8427.96683666945 7744.35278122065 8931.33528650672 7056.33580550132 8505.21898601088 6144.20458643753 6206.90140086017 6210.92786948939 4955.30019272294 10333.0174682907 8357.44428638325 8751.89265244953 8790.12229721521 9034.96679573312 9291.83108972607 9546.498049023 9343.91513232007 5430.29695320615 9338.39520474476 6569.67464947847 6197.07592336902 6308.97178627389 5873.72326552758 7397.5080263559 7734.58143663896 8593.74772727243 8297.5900115636 7214.04879384663 8053.14379605878 7314.71120414197 5306.71744113063 7296.36039405949 6137.28360107304 6400.48826262497 5434.66880315627 5739.82795909424 5187.96684646307 5252.43990922314 10442.970123485 9306.61726944866 6091.95165772021 4569.66902521397 8639.62528122603 11175.8668567588 6072.73620372234 5231.15665986023 6897.01022182801 4582.84845920089 8720.98761609028 5450.11467769257 5843.05142883408 5029.04066398354 4724.60315793824 4500.76382406364 3440.47598451145 3593.91847431185 4668.8462172147 4048.07052804172 5319.12821804476 3938.11503133161 5288.66712887094 5348.36423591363 7803.08432608542 7319.53721214668 5663.31395915854 5423.15636875796 4388.12317511713 6321.04619505347 7811.84997295775 5697.53236059261 7197.95978038222 6752.08301193047 5724.94541458694 7326.53567520148 7743.46498668393 6955.30373168563 5185.13500306405 7999.49217138188 6839.63632074104 6583.83436911956 6305.65222637595 5730.78310530071 6782.92893962483 7381.31085919026 7450.92276164503 6791.81492680712 6940.01080690801 6467.32170221955 6127.49949000406 5971.80877121832 6379.11631811178 5647.23383613606 5562.93537622 5465.6884287343 6020.01868767864 5159.76016884506 4945.2628848222 5675.38544946509 5397.56889719807 5711.72040632242 4449.85954834532 4205.05648000119 4299.78197121668 6022.61363529157 4988.54938834928 5137.97138956612 4282.59559146086 3906.64498003082 6462.43955484305 6296.12976359287 5836.79064212517 5616.82739631547 5959.28896765378 5462.14243680994 4876.28188274632 4801.10664326465 4248.01424197236 5575 5215.60159521411 5464.1444893048 5295.51697193012 4786.56975296506 5951.57542168458 5256.54354114945 5006.74544989058 5300.76645401398 6750.92586242806 7005.84577335242 4042.35389346356 6574.47716552427 6796.23057289848 4524.65468295648 4470.66829456179 6140.64328877684 4634.98921250093 6605.77398947315 5860.1941094131 5977.30081223958 4696.07548917178 4208.02804173166 5279.08609514942 5290.67576024084 4799.21868641136 3315.96516869523 3062.88262915836 3309.55057371843 4215.5219131206 4960.53172553104 4001.01549609596 3489.0005732301 5166.53897691675 3693.74471234816 5016.84661914235 4871.34478352744 3928.81979734373 2662.11851727154 3574.38805951452 3156.0457854727 4600.88306741217 5290.38042110395 3615.5048056945 3536.4176789514 3854.05630472623 2661.76633084123 1934.06954373414 2754.65515083104 2548.03846124818 2098.51137714333 3112.57530029395 1690.22927438854 2388.77583711825 1887.78971286529 2081.76607715661 2082.96663439432 2669.50369919204 1763.16476825055 704.006392016436 1850.16891120784 736.970148649184 1459.88013206564 0 1349.76849866931 1179.77752139969 1347.21935853075 1042.53297309965 975 1375.9087905817 944.391338376205 413.823633931171 1026.21878758869 1103.68700273221 1300.24036239458 1675 1120.82558857299 1393.96018594506 894.776508408664 1041.63333279998 1800.34718873888 2133.21939799918 1159.20231193696 1152.44305716161 3480.39150096652 3108.25513753295 3638.76696148572 2681.06788425806 1741.22801493658 3081.19295079033 2452.67710879357 2765.41136180497 3829.98041770451 2245.82946814757 2368.01604724292 2249.02756763896
7310.18125630275 6631.88321670399 8022.50740105611 6238.99030292563 7665.05870819004 4956.37216116788 5100.36763380837 5199.15858577136 3973.27006381394 9334.78039377467 7438.24576093046 7811.60994929982 7652.16472640259 7917.30699164811 8358.45380438272 8599.20054423666 8425.14836664613 4578.34577112738 8334.19162246705 5247.97580024908 4859.33380207616 4984.85205397312 4571.24162564177 6220.43004944192 6500.04807674528 7516.44031440415 7264.08115318104 5918.77309921575 6863.76354487828 6317.1888526464 4308.20438233842 6386.11775650904 4860.87697848855 5052.28908515734 4197.46947576751 4409.22328760974 3906.64498003082 3919.34305719721 9517.68091501286 8526.06298358158 5659.94699621825 4130.37528561268 7773.43231783747 10377.9513874367 5604.57402484792 4885.37357834588 6249.64999019945 4105.10353097215 7954.32272415446 4179.18951472651 4592.18085445249 3902.32302609612 3506.06617165164 3772.59857392753 2462.72207120495 2430.66348966697 3323.96600463964 2773.53564967173 3985.75588815974 3000.93735356138 4624.59457682509 4789.76773967173 6908.41877711535 6579.79862913752 5069.3934548425 4643.94767412382 3830.63310694198 5743.36573796237 7117.71557453654 4976.19332421883 6209.77052716121 6093.13137885603 5129.0228114135 6292.55512490753 6870.27110091006 6096.36161985163 4591.97669854715 7496.8326645324 5841.125747662 5810.7658703479 5410.00231053555 4894.12913601593 6271.46314666681 6596.82688873977 6902.03774258009 6170.34237299682 5955.3022593316 5419.23656985004 5211.10592868731 5100.18382021668 5359.22102548495 4546.22095811455 4675 4487.83076775406 4873.01241533407 3968.15448287992 3872.49919302768 4564.74259953395 4189.04822125504 4705.38255617968 3237.37934138093 3080.07710942437 3152.97478581736 4917.3163412577 3952.68895816506 4033.37637718079 3121.89846087281 2866.1821295933 5581.5544429845 5329.69276788072 5102.57288042023 4788.33217310579 4992.61955290006 4648.85738649832 3951.74012303441 4002.03073451467 3229.35752124165 4631.54941677189 4401.34922495364 4470.45858945142 4272.80645477887 3887.23873720151 5411.61944338291 4944.25171284796 4456.66635502367 4695.6096515788 6144.66231781698 6372.00910231616 3607.45755345784 6051.91085525886 6238.23893418647 3871.93427113633 3986.53985305553 5484.23878035959 4290.25057543263 6048.19187856999 5470.37475864314 5466.37448406163 3953.00518593133 3629.9965564722 4881.40604744166 4872.43522276079 3613.42981113512 2495.24547890583 1726.44866706195 2218.3890551479 2941.7256840161 3744.66286867056 2660.12217764523 2934.06714306268 3994.52750647683 2571.11357197616 3740.73856343904 3727.85125776231 2695.59826383681 1504.16089564913 2625.95220824752 2100.29759796082 3294.12355566697 3975.3930623273 2764.50718935582 2748.74971577989 3144.53891691612 2072.89049397213 1172.0708169731 1699.63231317835 1227.54836971909 1064.48344280219 2880.32116264836 1354.62171841441 1763.69640244573 1346.52330094952 2179.59285188771 856.227189477185 2372.36696149647 950.328890437411 1979.58328948292 1179.51261120854 1646.58738000751 2706.58918197794 1349.76849866931 0 2496.99819783675 2233.13120975907 1793.04210770411 2173.99402023097 551.135192126215 1201.04121494643 995.301461869719 1169.93589567976 2274.03825825337 1119.70978382793 2057.00024307242 552.8336096874 2024.53698410279 1394.18434935987 1160.54943884352 461.654632815485 1761.03662653563 1719.92005628169 1820.37084133975 2613.18770852765 1932.77650027105 2536.97654699447 1927.10923406018 1134.68057179102 2688.05226883705 1970.72321750164 2278.5686296445 2631.65822249015 1332.52579712364 1418.40579525043 1130.81828778986
9476.35214626388 8797.8335401393 9736.17609742141 7736.92445355388 9258.00329444746 7066.69123423402 7056.1143698214 6993.12162056402 5714.61940989949 11254.9155927532 9139.0645035474 9664.56155239336 9800.15943747856 10053.9171470626 10155.35572986 10460.1027719617 10217.9070753261 6104.19937420134 10298.7256493219 7645.50521548446 7353.78304004136 7476.5466627314 7045.12242618963 8346.48129453364 8803.01794840837 9502.99294959225 9155.70177539658 8295.59370991613 9053.65948111591 8114.60873979763 6073.55949999669 8035.39046966605 7138.14576763462 7539.43797640116 6395.01759184445 6814.23143135013 6204.98791296164 6375.83327887422 11306.358830322 10070.5635393458 6579.89361616128 5086.74748734395 9506.24794543042 11945.78900701 6612.0155777191 5645.07528736331 7488.86673669655 5050.92813253168 9519.12548504326 6470.17194516498 6885.90044946919 5960.33765822038 5741.29776270139 5095.34100919654 4265.55975224823 4551.99132248734 5776.78543828659 5079.61612722851 6436.51691522674 4727.11592834362 5912.43393197759 5927.21477592975 8582.17629742014 7986.94246880494 6229.06493785383 6106.04208960272 5009.61575372802 6929.73664723271 8528.59161878443 6388.07482736387 8078.28880394852 7407.68182362067 6324.30826256912 8318.87913122916 8625.14492631863 7834.25969699754 5827.84265401872 8557.30681932113 7822.48362094802 7391.54922868001 7131.8388231928 6529.35678302235 7366.73265430476 8223.48010273023 8100.81014467072 7461.77760322566 7919.47757115329 7468.64278165719 7054.47552976123 6866.35820504582 7349.74489353202 6680.61561534564 6508.69610598006 6483.68143881237 7052.74769150294 6177.68160396762 5867.60172472536 6742.1713861337 6464.95359612117 6714.02450099789 5483.89688086857 5204.98559075815 5285.71187258632 7098.23921828505 6017.5784166058 6158.78437680684 5318.24689159877 4852.31903320464 7380.4640775496 7285.81670096085 6682.72025450714 6532.2756371727 6851.55091931746 6355.06687612333 5877.60580508765 5719.15640632427 5215.00239693138 6505.67060340439 6095.23379371128 6372.98987916975 6242.74579011512 5730.45591554459 6638.19440812033 5829.93353306879 5751.68453585556 6019.86295525073 7439.88407167746 7754.19241442976 4775.8507095595 7239.86360368757 7468.30804131699 5370.46320162423 5191.09814971746 6925.81222673558 5273.16318730987 7310.99343454773 6438.9440128021 6665.11440261906 5490.78773947782 5006.68303370605 5862.00690890074 5921.41241596969 5877.65897275437 4339.78686112579 4218.18977761788 4461.92223150516 5358.05468430474 6100.20491459098 5138.70119777362 4346.11895833513 6289.97217799888 4773.16718751816 6134.3805718263 5957.92539396055 5094.97301268613 3753.99786893919 4595.99010007637 4182.85189792802 5762.92026667036 6462.48791101384 4521.33829745132 4400.92319860277 4735.30622029875 3629.30778523949 3058.79878383656 3738.48231238293 3670.40529097265 3269.65212216835 3761.15009006554 2642.9150572805 3328.75727562104 2706.58918197794 2592.89895676634 3187.57352856369 3450.45286882751 2767.78340915614 575.543221661067 2670.90808527736 1450.43097043603 1026.21878758869 1179.77752139969 2496.99819783675 0 1588.04124631572 1431.78210632764 958.514475634041 2549.75489018062 1905.91185525459 1515.95679357955 2081.16553882674 781.824788555595 2386.68179697252 2307.3252913276 2226.12331194837 1559.24661295127 1463.30106266619 1794.95821678389 2930.12371752457 2736.55805712212 1649.43172032067 1800.34718873888 4278.87251504412 4258.88776560266 4693.74583887965 3419.24699312583 2805.79756931964 3506.51179949533 3133.88736236643 3638.93871891242 4837.67764531702 3137.77389242756 3447.00957352892 3302.46120340573
8311.47550077602 7633.15138065531 8676.76495014127 6992.27252043282 8205.866803696 6677.48081240223 6702.09855194625 6584.6886790493 5552.9271560142 10047.0766892664 8215.34387594336 8398.1024642475 8742.21081878034 8924.15962430077 8972.7713110276 9184.94011956529 8976.70596599889 5752.4451322894 9045.88995069031 7089.64914505647 6794.9429725348 6788.63940712718 6284.75337622726 7666.20016696668 7886.77690821796 8582.68605973678 8299.09633634892 7562.24173112709 8188.74990459472 7440.76608959051 5860.99394301001 7327.81515869498 6786.65970857535 6969.84576586885 6225.4015934717 6468.81944407169 6035.31275080256 6012.12316906432 10076.8608703306 8813.0939516154 5567.48372247284 4249.33818376462 8199.88566993467 10660.4408914453 5513.90288271384 4813.00322044355 6595.54774071115 4567.54857664371 8174.08251732266 5977.98042820483 6170.79816555363 5349.64952123034 5095.27967829049 4943.87247003804 4076.99337747807 4185.83922290381 5335.31864090609 4678.34105212521 5821.35078826212 4405.25254667652 5147.32940465247 5024.44026733327 7625.65570951115 7033.18029059401 5434.89880310572 5422.9258707823 4125.30301917326 5841.92819195854 7273.92603756733 5455.4445281755 7065.27600310136 6325.39524456773 5389.34133266766 7119.03258877216 7330.67186552502 6552.76659129562 4802.40825003456 7328.15631656421 6594.17356459473 6131.2213302082 6115.04292707745 5507.43815217202 6160.6107651758 6868.86089537414 6749.72221650639 6243.49661648022 6669.61393185543 6312.58663306889 5820.54550708093 5629.60922267257 6206.0957936532 5606.58095455689 5227.69069475232 5240.82531668439 6059.54825048864 5401.67798003546 5125 5630.71931461692 5569.44790800668 5520.30343368913 4772.70887442341 4400.28408173836 4584.00752617183 5954.56757455989 4875.76917008999 5152.79050612384 4476.67566392742 4075.1533713469 6084.8685277498 6019.23998524731 5321.24280596178 5207.80664003571 5826.50195228664 5056.67875190821 4619.59143215068 4409.43590496562 4257.12637820396 5351.69365715191 4845.87453407535 5404.33853491803 5239.51333617923 4532.52137336384 5280.03314383537 4405.82001448085 4367.20734566153 4764.51728929595 6141.2539436177 6355.46025083943 3359.03632013707 5856.30002646722 6117.69973110809 4000.31248779392 3815.34729742916 5538.27590500871 3830.22518920233 5898.62272060182 5078.5701727947 5254.10553757726 4387.26851241179 3652.73869856578 4565.76937656733 4540.78737665617 4940.90072760018 3113.7798573438 3679.84374668273 3530.66920002427 5004.81018621086 5715.05686760858 4738.20904984151 2973.31885273006 5258.86156881886 3813.62688264072 5323.88485976171 4921.88988092989 4259.76818618103 2996.9776442276 3478.32574667756 3309.55057371843 5028.97852451171 5825 3502.40988463658 3399.0807580874 3473.65081722386 2353.72045918796 2163.47521363199 3129.39690675376 3182.37332819391 2579.00174486176 2410.52380199823 1559.44701737507 2218.95245555194 2283.91111911125 1579.16116973538 2662.00112697196 2069.72220358192 2164.19731078291 1256.23445264011 2864.98254793987 806.613290245084 907.606743033567 1347.21935853075 2233.13120975907 1588.04124631572 0 2301.49407994025 1749.46420369209 2174.42521140645 2075.30118296116 1490.38585607889 1476.69394256224 1020.11028815516 1831.154007723 828.02475808396 2253.60821794739 2657.18365944095 2090.60397971495 1820.71414560331 2667.63003431885 2760.54795285284 1013.03997946774 1923.70086032106 4704.31982331134 3884.42402422805 4653.29184556482 3400.45952776974 2728.89629704025 3878.30504215437 3763.72488367574 3827.85840908464 4863.25508276093 3352.79733953605 3369.34711776629 3328.75727562104
9095.12231913348 8413.49362631244 9715.0977864353 7756.93238335877 9315.07514730826 6472.8760995403 6563.82129555642 6655.73061353898 5261.35676418165 11104.1940274835 9090.24202098052 9561.31528608904 9441.82847757785 9709.85324296923 10095.853109074 10352.7170346726 10164.4293986431 5920.83186722947 10105.3822292875 6872.31765854868 6377.15649800128 6577.5185290503 6199.89919272886 7892.95572013425 8271.82718629929 9247.80379333385 8951.08233679034 7630.32600876267 8615.90099757419 7906.44515569418 5636.76547321245 7942.76400253715 6359.49093874659 6626.69789563399 5549.43690837188 5875.69144867223 5238.97652218446 5332.56504882969 11258.718843634 10191.2339782776 7005.35509449735 5425.40321082222 9490.98256241154 12058.8919474386 7004.90899298485 6100.15368658856 7715.12313576394 5277.01383359945 9619.96621615689 5795.09490862747 6318.67272455221 5551.18230650012 5215.60159521411 4922.65172442658 3804.60247594936 3988.18567772364 4894.51223310352 4370.64068530004 5654.97568518203 4400.63915812237 6057.38186017689 6198.13480008301 8560.30081247149 8132.11227172867 6460.74686085131 6119.53838128335 5236.53033983381 7225.3892628702 8725.35815883795 6513.63953562062 7936.23021339477 7633.06950053516 6575.8554576572 8068.99931837895 8589.1283026859 7806.12740095881 6068.66954117622 8959.21313509172 7605.01479288502 7469.60507657533 7088.94385645704 6540.06880697749 7734.25820618888 8268.35080291106 8419.80552031934 7718.68674063147 7713.17865733706 7198.65438814783 6944.46722218487 6811.89217471915 7130.48034847583 6334.87371618409 6388.51508568306 6223.99590295495 6663.05110291074 5717.84487372646 5560.46311020944 6344.43653920504 5974.16312130829 6467.85319870512 4981.27744659942 4831.86040775186 4871.2164805108 6684.68398654716 5720.68614765746 5818.98831413159 4898.34155607793 4570.01094090594 7298.37310638474 7073.05627009993 6737.48840444271 6471.52416359547 6716.67700578195 6327.86496379308 5664.03124991379 5664.25193648729 4975.06281367381 6371.32246868733 6080.03906237452 6195.56292841901 6023.85881308651 5606.07928948566 6919.22141573747 6271.61263153266 5967.14965456708 6237.28707051391 7696.54955158479 7950.31445918965 5022.32515872877 7550.20695080605 7761.16131774105 5443.97602860262 5444.95179042019 7073.32135562919 5640.14627469891 7572.35927568152 6860.75797561756 6954.04558512525 5562.2612308305 5152.85115251741 6268.42284789404 6285.15115172261 5405.72613068772 4113.84856308542 3411.46962466325 3846.26442148743 4256.02514090319 4950 4164.28265130983 4420.8313697765 5745.32418580536 4356.38898630506 5501.42027116635 5511.06840821269 4387.3397406629 3289.7568299192 4351.22109298068 3857.62232469691 4980.5873147652 5532.51751013948 4430.85770477906 4368.99588006215 4750.06578901808 3533.67726313539 2606.96183324574 3375.83323047807 2972.68817739096 2590.48740587558 4123.25720759693 2623.92835268039 3281.86303797096 2603.00307337506 3078.65636276607 2630.70807958618 3654.53485412303 2501.12474698884 1325.23582806986 2030.70184911523 1636.68873033329 2093.59141190443 1042.53297309965 1793.04210770411 1431.78210632764 2301.49407994025 0 888.115983416581 1783.6058981737 906.917857360853 1242.22582488048 1701.83724251175 1845.60288252918 1811.42209327368 2648.34854201633 1294.45934659996 613.392207319265 1030.16988890183 1699.08063375462 2133.21939799918 2607.44127450648 2147.2365961859 1147.27939055838 3095.76323384073 3193.45032840657 3428.73883519874 3031.70743971116 1691.89243156886 3236.60701970443 1918.65838543499 2299.32055181525 3704.47364682218 2219.37491199662 2255.41016225431 2195.73450125465
9291.25933337349 8601.92565650274 9890.30459591614 8025.19470168793 9462.85501315539 7041.88362584898 7118.37411211296 7147.28969610159 5838.93183724558 11248.6943686812 9329.45603987714 9647.73289431253 9706.28018346885 9931.38963086234 10224.0525233393 10439.6479825711 10257.5886542598 6363.46996535695 10224.0525233393 7413.75410976113 6898.23346951957 7033.22472270011 6604.6385215241 8339.5893184257 8628.33268945977 9555.26687225427 9268.25900587591 8088.301737695 8987.14359515859 8283.90759243487 6201.76386199926 8268.38859754426 6977.3293601492 7157.55719502122 6229.16527313251 6503.84501660364 5928.16371231429 5933.48548494053 11362.9331600604 10218.0599919946 6990.08225988793 5491.92589170684 9527.98509654586 12079.9679221428 6970.83208806524 6123.16298982805 7844.62395529575 5499.3749644846 9596.87449120806 6332.90020448767 6752.45325789079 5978.34634326249 5648.5617638475 5393.86225259785 4339.4988189882 4501.87460953768 5455.15810953266 4915.91802209923 6145.12001510141 4870.12576839654 6245.84862128438 6286.34432719049 8772.32865321404 8277.22779679284 6607.94975767825 6389.93348948172 5333.03384575797 7242.84129330472 8716.399772842 6657.04514030061 8157.28202283089 7687.32723383101 6666.1926914844 8214.24068310638 8632.67774216089 7848.60656422527 6121.37647919159 8874.19010389117 7719.86075003947 7490.07676863195 7267.26392805435 6690.38489176819 7669.58277874357 8246.24914733965 8302.29636907765 7696.95556697582 7812.60999922561 7363.63531144774 7026.06753454591 6876.6361689419 7293.06177130017 6546.22983097905 6430.83392726013 6306.39556323579 6934.42499418661 6092.00295469396 5908.46849868898 6535.71916471324 6299.35512572517 6591.42435289976 5374.30228029649 5150.54608755227 5246.18909304649 6859.75582655826 5867.60172472536 6057.48503918912 5211.04596026556 4869.41988331259 7338.00040883073 7151.00517409965 6691.13219119156 6473.26231509275 6914.65834296967 6338.81889629291 5716.53304022639 5658.95308338919 5195.06977816468 6496.92234831231 6114.99182337965 6423.29743978901 6242.84590551457 5687.32142576802 6802.43522571145 6035.88228844798 5846.41984465707 6196.47076972045 7631.71835172132 7846.73498979034 4852.44783588654 7410.17037590905 7651.02117367349 5363.59254604598 5308.60151075592 6986.10227523188 5418.14082504322 7432.23553178988 6680.47528249301 6799.35658720735 5637.59700581728 5058.71772290172 6126.6324355228 6113.76520648283 5690.17794097865 4118.85906532379 3847.9702441677 4027.87164641576 4805.07544165542 5467.06045329663 4715.79791763812 4306.24546443883 5975.26150055376 4580.59766842712 5873.82967066632 5733.72697292084 4685.08271004899 3567.73737822727 4457.08705322209 4090.69065073369 5376.22079159701 5985.92098177047 4563.85253924795 4490.33684705279 4736.88980239144 3449.0034792676 2662.23590239483 3710.12129181783 3400.09191052242 2798.3253920872 3931.76169165935 2554.65261826339 3289.09181994057 2854.49207390737 2924.35890410189 2981.71511046914 3472.12110963889 2726.14654778499 1008.0922576828 2638.65496039175 1206.75183861472 1334.40061450825 975 2173.99402023097 958.514475634041 1749.46420369209 888.115983416581 0 2050.60966544099 1207.78723291812 1371.81449183189 1580.74349595372 1426.09606969517 1800.34718873888 2222.61107708929 1775 1354.16025639508 1500.83310198036 1951.44177468865 2599.39896899264 3005.82767303783 1971.8329036711 917.196816392207 3943.19033271284 3652.82424981 4074.15635438799 3554.57451743524 2108.02039838328 3808.29686342859 2791.50497044157 2816.13653788306 4438.5386108493 2937.36701826653 2796.538038361 2855.03940428149
7367.66584475708 6680.61561534564 8273.79145253251 6624.66980309208 7933.35521705665 5324.06095006434 5511.01170385257 5632.60596882118 4450.91282772422 9471.17336975731 7745.72462717337 7918.41208829144 7801.40211756835 8025.73984128566 8535.14791904628 8701.07751947999 8566.83284534022 5055.56623930495 8419.69417496859 5459.5100512775 4893.93757622633 4996.12349727266 4558.91982820492 6525.23945920761 6649.48306261472 7777.57192187896 7567.24024991938 6100.66594725527 7088.45892983799 6691.0854874228 4775.13088825846 6768.95486762912 5161.69787957412 5148.60417977533 4531.28017231334 4612.48306229952 4169.00767569454 4008.27269531403 9670.50929372388 8696.33543511288 5966.04978189086 4497.63826913637 7878.6102835462 10531.2926557 5876.01055138603 5249.8214255344 6599.85795301687 4570.62632469556 8061.32743411406 4474.72066167264 4830.95487455638 4257.12637820396 3799.17754257418 4293.74545123485 2958.67368934122 2843.74313185984 3505.17474600055 3097.37792334097 4143.97152499869 3481.10973685117 5016.2859766963 5137.66727221606 7207.02782012113 6901.6302421964 5453.89768880935 5053.09311214428 4182.55304807961 6018.20155860536 7299.52909440054 5305.53955785837 6455.52089300314 6366.71029653462 5464.9451049393 6381.32039628164 6974.28311728166 6208.51230167099 4890.16870874615 7706.73406833271 5917.66423515224 5965.21164754445 5676.54164082322 5168.05088984232 6492.1105967166 6677.05960734214 7035.49038802556 6378.33246232901 6020.12250705914 5524.09494849609 5323.59136298045 5229.78250025754 5496.02128816838 4664.29255085913 4736.36200052319 4502.01343845173 5032.0224562297 4222.26242670917 4201.7853348309 4618.23830047779 4352.80082245903 4780.88642408497 3504.37226903764 3351.21246715275 3465.18397779974 4935.9649512532 4028.80255162747 4198.28834169355 3347.38704066321 3186.49493958487 5658.95308338919 5367.20364808342 5169.01828203383 4838.96941507177 5231.39560729257 4734.7782419032 3964.05726497486 4054.16452552187 3461.3942277643 4788.00584794964 4527.76158824645 4726.12420488501 4493.9542721305 4004.13848411865 5532.91288563267 5026.61665536571 4541.26909574846 4873.52541801107 6305.20618219579 6452.42202587524 3660.08879673704 6160.00202922045 6368.52612462256 3918.6253967431 4080.90063588909 5558.60818910633 4349.28154986545 6127.65248688272 5600.11160603072 5548.76112298953 4191.95658374464 3711.21610796246 5049.81435302329 4983.53539166724 3746.41495299173 2438.23706804732 1830.81266108797 2064.2795353343 2905.81313920906 3625.08620587152 2755.67596063108 2946.82032027743 3988.89082327406 2684.56234794426 3863.53141568695 3793.16820085796 2648.58452762981 1715.00728861425 2706.12730668755 2328.89458756724 3326.97309877913 3959.32443732514 3001.87441442843 3011.74783140953 3247.78770857949 1998.28051083926 923.309265630969 2083.26666559997 1485.97611017136 808.161493762231 2988.93793846577 1399.55350022784 1888.94811998636 1814.00799336717 2407.67003553228 1192.94802904401 2397.5247652527 1332.99474867683 2068.51395934376 1703.67250374008 1501.24947960024 2632.13316532428 1375.9087905817 551.135192126215 2549.75489018062 2174.42521140645 1783.6058981737 2050.60966544099 0 975.320460156558 1140.9973707244 828.402076289045 2378.81272907306 643.23401651343 1906.56759649376 628.987281270456 2158.99282073841 1683.00326797068 1559.04618276689 816.624148553054 2294.55878111675 1915.88752279459 1489.54691097662 2880.75510934199 1766.52908269295 2481.68289674567 2471.84141886166 775.403120963541 3231.58242970839 2211.89963605947 1985.73034423106 2833.39460718058 1765.82133864103 1230.09146001425 1303.36103977371
8342.43669439571 7654.85956762108 9176.77094625337 7407.59745126583 8809.68926807297 6096.15657607316 6249.29996079561 6366.02309138131 5067.72878121945 10430.034755455 8618.29449485221 8868.27209776516 8769.01505301479 8999.51387576018 9471.47031880478 9653.82048724752 9507.66138437839 5713.25213866848 9383.9623827038 6315.55619086712 5707.94402565407 5859.50083198219 5448.50897035143 7403.63086600082 7604.80933357306 8699.82040044506 8459.12968336578 7014.76122188061 8024.41586659116 7515.44243541257 5421.31211055036 7574.62870377156 5930.06112953315 5989.00033394556 5203.48440950869 5370.63776473521 4834.96380544881 4747.23603794882 10612.0803803967 9592.37978814434 6656.38790936946 5137.36313686311 8810.15039599211 11439.487532228 6601.04158447741 5853.36441715361 7357.35176541125 5128.53536596951 8962.90968380247 5307.83618812789 5742.00531173561 5099.08079951671 4683.4816109386 4825.97140480546 3567.56219287064 3594.17932218191 4321.89194682144 3896.79355367974 5029.78627776569 4142.23671462653 5737.3229820187 5852.08296250147 8078.75299783327 7713.05711115897 6156.80517801238 5796.22722121899 4884.03009818736 6790.52648916121 8159.15896401094 6097.95047536465 7373.68632367827 7174.17242614087 6205.79366398852 7348.21406873806 7906.20800384103 7133.59131153446 5648.5617638475 8481.4503476705 6878.86255132344 6854.74288358068 6561.678520013 6030.33995724951 7261.80074086311 7583.90565605876 7847.65092240984 7198.30709264338 6979.29974997492 6490.42564089598 6261.63916239191 6152.38774785855 6453.0031768162 5633.43811539632 5669.93165743645 5456.93366278169 5995.51916017287 5141.86250302359 5071.3656937752 5592.57320023618 5310.661446562 5741.56990726404 4412.26982402482 4262.26172354538 4347.84429344014 5907.8337823605 4992.86991619049 5156.60983592903 4283.54409338809 4055.55175037873 6592.32508300372 6321.83715386595 6054.85342514581 5755.92086464017 6144.81488736642 5643.74653931234 4905.7364380896 4957.94816431152 4378.78407780059 5722.21548003918 5429.7214477356 5634.93566955294 5422.81061812046 4930.83410793752 6336.649351195 5726.74645850504 5348.53952028028 5687.15658303866 7132.45224309283 7304.45069803336 4410.64054305041 6961.54616446663 7182.48738251589 4767.79561223004 4853.3493589479 6416.5313838553 5062.73147618951 6947.52653827245 6334.23239232663 6345.56932039986 5031.77404103165 4523.48040782758 5774.56708334053 5730.45591554459 4713.478015224 3340.47152360262 2727.7509050498 3001.87441442843 3598.43716076855 4264.97362242722 3542.06860464334 3746.83199516605 4956.4352109152 3650.42805709139 4812.28895641149 4768.31993473592 3592.87489345232 2643.86081328046 3642.54375402685 3242.8768092544 4246.32193786576 4805.07544165542 3865.22961801754 3840.97969273465 4104.95127863901 2801.22740954746 1786.40700849498 2892.44706088115 2362.59920426635 1752.31989088751 3617.49222528536 2026.69681995112 2671.72696958353 2322.84846686132 2790.27328410677 2044.65767305923 3059.51385027099 2021.91122455957 1583.90340614572 1945.18636639269 1279.1598805466 2176.72345510402 944.391338376205 1201.04121494643 1905.91185525459 2075.30118296116 906.917857360853 1207.78723291812 975.320460156558 0 1000.31245118713 953.283798246881 2027.62175959916 950.657667091577 2133.95173328733 726.722092687432 1424.34195332441 1323.3480267866 1634.58710382775 1553.4236382906 2585.294954159 1995.15037027288 720.243014544397 3027.99438572795 2450.12754770032 2900.21550923375 2913.97494841668 913.783344124853 3408.53707622493 2039.91421388253 1832.17766605753 3330.63432396893 2053.80743985409 1599.02313929474 1733.1330012437
8078.17275130954 7397.88821218596 8565.84788564448 6680.80272123044 8147.92918476836 5732.47328820641 5797.03588051687 5805.65457119178 4558.91982820492 9979.91733432697 7978.76086870637 8416.09321478796 8413.08504652128 8671.03655856669 8939.41413069112 9211.03278682689 9002.84677199385 5041.14322351587 8997.81223409335 6172.57037221934 5852.24315967818 5964.32100075105 5534.71995678191 6986.46011940239 7347.70372293276 8200.07621915797 7902.29397074039 6817.8992365684 7653.63475742082 6914.02560018402 4907.13765855412 6906.74489177065 5735.3073152186 6033.9663572148 5044.48956783538 5361.14493368721 4814.43143060528 4907.71076979889 10098.1743399488 8983.63094745104 5802.63948561342 4259.76818618103 8317.26367262695 10854.7800530458 5783.32732948776 4945.07330582672 6557.5338352158 4251.61733931924 8416.76155062029 5041.94902790578 5439.32440657845 4617.49390903767 4316.03116300149 4129.24024488767 3039.01711084357 3181.58765398661 4290.17773524594 3643.23002293295 4934.25526295509 3536.06419624984 4935.20516290863 5022.32515872877 7429.88055085679 6968.63508873868 5325.11736959853 5048.0813186794 4057.16957989187 6009.21167874789 7501.41653289564 5345.85119508577 6820.41970849302 6425.48636291448 5395.25254274533 6980.19519784368 7419.65295684374 6631.27061731008 4861.9054906487 7721.60119405295 6501.97085505618 6263.83468811239 5937.90788072702 5370.57957766199 6498.22091037232 7079.81285063384 7181.83472380143 6487.77696903955 6607.76058888335 6114.63408553611 5792.99145519826 5640.14627469891 6022.3023006156 5284.29276251799 5246.30822579078 5147.9364797946 5641.19889739761 4757.82250614711 4541.6819571608 5328.34402042511 5012.48441394086 5372.84840657169 4046.14013598145 3807.39412196846 3893.18314493423 5686.00255012254 4645.22604401551 4763.53335246013 3890.61370480288 3508.65002529463 6143.54335868154 5974.11081249754 5546.2261944497 5313.30876196744 5586.31139482933 5151.33477848218 4566.52219966136 4500.62495660325 3869.5122431645 5224.64113600159 4893.49057422205 5083.61338026408 4918.46012487648 4452.38700025054 5684.29854951339 5046.28576281605 4744.33873158315 5003.81104759163 6461.71416885643 6732.98782116825 3807.31204394912 6315.95202641692 6524.85632025717 4251.02928712565 4216.41138884716 5863.33949213245 4421.04342887513 6347.93273436321 5622.11036889174 5726.74645850504 4357.39314269438 3937.48015868017 5026.80315906641 5049.38115020049 4424.50562210062 3036.75402362457 2704.6256672597 3023.76007646109 3917.6683116364 4695.27688214444 3652.82424981 3237.37934138093 4829.91977159041 3332.04141630923 4638.42645732365 4517.8811405348 3602.34298755685 2281.58387967657 3240.94893511144 2775.90075471008 4248.89691567117 4958.64144700945 3257.39543193638 3181.39120511766 3551.93609176742 2419.96900806601 1694.66073300823 2347.73827331754 2163.04183963233 1832.68928081113 2895.36267158365 1435.48772199556 2082.36644229588 1505.40692173246 1882.15302247187 1689.30459065262 2455.86033804856 1369.30639376292 985.203024761902 1500.62486984589 930.38970329642 1784.30658800555 413.823633931171 995.301461869719 1515.95679357955 1490.38585607889 1242.22582488048 1371.81449183189 1140.9973707244 1000.31245118713 0 1000.31245118713 1308.86401127084 1231.10722522451 1676.8646337734 885.296560481289 1508.51748415456 798.044484975618 720.243014544397 1439.6180048888 1792.17047180228 1049.40459309077 1401.11562692021 3225.7751006541 2852.41126067052 3400.82710527895 2301.49407994025 1621.92015833086 2784.55561984314 2282.95313136297 2721.90190859259 3510.16381384117 1918.00677788166 2172.26839962285 1959.11331984651
7759.26865110366 7066.51434584265 8589.92869586238 6982.92560464452 8211.38691086956 6004.32136048696 6153.14960000161 6202.01580133427 5068.59201356748 9788.80099910096 8110.87233286285 8177.71361689806 8246.85546132585 8434.08264128352 8823.54803919602 8962.97941535068 8825.63737075119 5543.57736484303 8720.45010306234 6170.49430758995 5611.42807135581 5661.60312985642 5186.03895087571 7114.158418253 7194.57260718105 8235.63142691561 8019.85816582812 6740.22440279254 7627.08987753521 7176.7419488233 5389.86317080499 7193.31286682291 5908.09825578417 5869.99787052772 5307.89506301698 5395.25254274533 4975.5024871866 4789.96346541391 9939.56739501272 8870.73841345804 6017.5784166058 4604.75297925958 8081.22824823059 10708.086897294 5920.62074448279 5307.12963851459 6813.63522651455 4802.14795690428 8193.51878010907 5170.77121907361 5445.81261153926 4825.64762493077 4409.22328760974 4761.69612638186 3549.11960914253 3493.29715312053 4264.97362242722 3814.61007181599 4840.06714829454 4014.73847217973 5273.81503278225 5293.9234032993 7546.02544390091 7150.78667001051 5664.25193648729 5401.38871032256 4339.64284244683 6128.92731234431 7422.64272345099 5545.60636900961 6827.51785058084 6526.5802684101 5633.43811539632 6711.37094787645 7182.40036478057 6410.58694660637 5026.43014474488 7728.43774640127 6214.70031457672 6126.68344212429 5990.87848316088 5444.37783405965 6526.00566962671 6810.79107005934 7039.22048241139 6470.75150195091 6301.43832787404 5874.25527194725 5570.51389011822 5450.51603061582 5835.45199620389 5068.71532047323 4943.36676769992 4768.84419959386 5494.20148884258 4777.94411855141 4696.67435532846 5012.29737745078 4880.12551068105 5087.79176067575 4087.40443313357 3848.78227495399 4009.83166728979 5315.42566498677 4364.91695224548 4625.67562632747 3855.02918276892 3639.53980607439 5863.8724406317 5626.77749693375 5263.79140924106 4996.68640200683 5581.1065211121 4894.95914181109 4189.42120107301 4193.44726925235 3847.40172064213 5076.29293874969 4706.44504907898 5106.73574800968 4877.8196973648 4243.45083628879 5525.22623971182 4864.47581965416 4522.51312878139 4937.99048196734 6359.88403982337 6483.7296365595 3556.15663322076 6134.3805718263 6376.37240129527 3952.29363787662 4026.63010469052 5602.95680868593 4193.89437158353 6109.67470492497 5507.83532796688 5503.40803502702 4381.35253089728 3710.54241317897 4985.2908641322 4897.63973766956 4241.53568887496 2581.90820905779 2555.99784819941 2488.47342762586 3665.20804320846 4327.67258465795 3534.29625243838 2905.38293517395 4441.00213915733 3121.39792400777 4457.64792239136 4227.66188335822 3204.48903883287 2220.07882742933 2981.08621143368 2744.76774973767 3966.26398516286 4637.21360301636 3264.00827204834 3244.51460160068 3346.73348206875 1963.57454658589 1102.83725000564 2571.23511177022 2186.46404040862 1331.11795119741 2802.00820841053 1261.44758115429 1954.00230296691 2060.79474960511 2175.57463673394 1785.18206354422 2202.69721024021 1643.35784295448 1637.83393541592 2215.00564333367 779.422863405995 1921.42525225417 1026.21878758869 1169.93589567976 2081.16553882674 1476.69394256224 1701.83724251175 1580.74349595372 828.402076289045 953.283798246881 1000.31245118713 0 1876.49940047952 364.005494464026 1256.48318731291 1116.07571427749 2195.44984001001 1741.76634483504 1625.76904878891 1569.43461157195 2595.42867364911 1575.39677541881 1055.93560409714 3621.63637048227 2486.33766813762 3248.65356724905 2972.58305182547 1302.40162776311 3646.65943021829 2788.14454431617 2430.66348966697 3659.4910848368 2443.9977495898 1946.31061241519 2101.19013894507
8885.73294669607 8213.59391496804 9043.54051243206 7094.8044370511 8551.64457867608 6663.00420230995 6632.11881678849 6513.73548741427 5341.64066556334 10578.840910043 8473.11926034326 8981.30001725808 9198.26749991541 9444.2442789246 9459.58508603839 9775.28771955076 9518.83002264459 5607.13830755047 9639.76140783578 7266.96291445058 7080.73972124382 7153.14616095603 6697.85413397455 7829.59130478724 8277.71858666384 8885.27574135997 8536.28285613826 7843.82719085524 8498.89698725664 7535.12607724648 5679.18348004359 7423.19001508112 6805.6502260989 7225.86500012282 6137.48727086256 6550.47708186205 5996.09247760573 6168.062904997 10603.1245394931 9333.60862689239 5829.5583023073 4375.07142798835 8801.34932837005 11206.3876873862 5853.73812191834 4922.20733005021 6782.46820855063 4439.38340313157 8788.84235835414 6073.55949999669 6409.02683720391 5456.24642038829 5270.792160577 4660.60618374906 3894.70794797248 4163.30697883305 5481.90204217478 4727.7108625634 6064.96084076394 4277.48465806717 5245.29551121765 5213.26433245045 7906.40563087931 7281.74086328263 5541.77318193374 5480.98987410121 4307.11620460837 6184.05206963848 7781.74948196098 5692.4291826952 7424.03192342274 6672.04990988527 5607.41696327284 7687.73373628406 7929.09988586346 7139.80917111935 5100.12254754726 7785.4832862193 7185.48884906239 6672.23725597344 6456.92457753689 5844.33486378048 6600.85221770644 7512.69758475609 7337.36158302152 6709.46160284117 7279.46598316113 6850.04562028604 6388.02590789987 6184.7089664753 6714.25721878452 6097.38673531538 5855.60628799444 5882.44209491262 6483.24764296413 5660.94073454227 5309.77871478652 6182.08096032396 5945.63915824026 6096.97670981282 4999.06241209289 4666.97171622027 4774.01822367699 6544.17680079015 5427.59154690181 5580.60256603174 4791.78985348899 4292.8719990235 6706.61986398514 6656.81042241703 5981.11611657891 5863.71256116805 6200.50401177195 5674.11887432754 5269.72485050216 5058.03815723053 4617.76461071805 5850.53416364694 5410.00231053555 5742.71277359403 5622.7773386468 5082.62973272695 5885.73487340366 5067.60545030885 5020.76936335458 5278.96770211753 6685.85260082811 7015.96393947403 4055.24351919832 6482.4281716036 6710.20677773793 4681.14569309694 4456.31574285306 6201.46152128674 4527.14037776608 6564.44018938401 5668.88436996205 5916.81924685891 4791.00720099647 4298.61896427213 5092.82583640949 5161.94004227093 5357.99636058107 3783.68206909619 3915.43420325256 4078.75593778299 5211.04596026556 5985.08563013095 4908.15647672321 3681.37202683999 5804.41642200144 4255.07050470377 5685.1231297132 5428.4551209345 4717.38804848615 3295.64106055256 4015.98369020593 3644.51642882838 5400 6174.74695837813 3884.10221286722 3749.0832212689 4062.86536818536 3059.51385027099 2689.09836190497 3252.49903920047 3337.75748070467 2983.3915264343 3021.58898594763 2080.56482715632 2718.80028689126 2200.71011266818 1845.43355339606 2813.47205424188 2773.19761286498 2291.42422960045 520.816666399992 2505.74340266517 1176.32903560186 882.113938218867 1103.68700273221 2274.03825825337 781.824788555595 1020.11028815516 1845.60288252918 1426.09606969517 2378.81272907306 2027.62175959916 1308.86401127084 1876.49940047952 0 2225.14044500566 1763.16476825055 2176.43630736119 2001.56189012481 1501.24947960024 1452.79902257676 2708.89737716289 2362.46693098549 965.983954318083 2010.90775521902 4364.91695224548 4134.0809135768 4703.45617604757 3090.10517620355 2837.03189971491 3301.79875219554 3327.72444772701 3855.27236391931 4766.35342793629 3058.08355019937 3454.43555447196 3250.96139626419
7608.13709129903 6914.70353666735 8569.82351043474 7015.42942377728 8217.16952484248 5893.37551832564 6078.34270175679 6168.26555848563 5036.67797263236 9706.85968787022 8099.15119009393 8107.24984196244 8119.4596495087 8300.978857942 8776.24635023425 8887.77249933863 8772.79174493502 5566.08030843968 8620.39732262962 5972.22739017864 5329.69276788072 5386.90541962637 4916.55367101794 7007.58517607885 7028.291044059 8160.15471667051 7968.4142086114 6553.48189896028 7500.33332592626 7147.94550902565 5354.02885685163 7195.39783472742 5740.04573152514 5614.43452183744 5146.47937914843 5170.22726773205 4772.1195500532 4517.05102915608 9886.98639626858 8869.75196947468 6148.27211499296 4744.33873158315 8034.5348340772 10695.3553003161 6036.24469351599 5467.46056227203 6892.25108364459 4933.87525176711 8178.40143304301 5020.64487889753 5299.70518047938 4754.66875817864 4293.74545123485 4814.43143060528 3533.58882724066 3417.32717192838 4043.82244911915 3673.72426836854 4627.49932468931 4016.9173504069 5355.42948791224 5399.36338840052 7541.55156449918 7198.35050549777 5763.35405818522 5450.91735398731 4448.59528390705 6215.60536070301 7452.39055605649 5603.01258253094 6782.51428306642 6589.66994621127 5726.52818032008 6604.16535226065 7134.2045807504 6370.88102227627 5115.90656677778 7818.48770543255 6116.37147334921 6127.49949000406 5982.73557831198 5457.67807771767 6618.25127960551 6783.20536324826 7097.40269394375 6529.78751568533 6203.47684770404 5769.0445482766 5513.90288271384 5414.39054742083 5751.08685380424 4950.44189946716 4879.74128412562 4656.3800317414 5370.87050672421 4664.89549722178 4644.48597801737 4866.27424216926 4735.04223845997 4988.54938834928 3972.01145516979 3771.02439663283 3930.80780501922 5156.4280272297 4257.3465914816 4522.92770227427 3752.16604110213 3603.6439890755 5806.24663616695 5525.9049032715 5250.23808983935 4948.42146547765 5544.47923614112 4864.47581965416 4096.49240204348 4157.82395009697 3798.02580296659 5026.05710273968 4689.68282509596 5066.43365692279 4819.81586785221 4197.84170735391 5585.75196370193 4977.2607928458 4572.26694321318 4997.87454824548 6410.97691463633 6502.21116236623 3633.35244643291 6194.20091698679 6432.38874758048 3961.45490949979 4100.45729157127 5614.76847251959 4294.03656248989 6150.66053363377 5611.70651406504 5560.12589785519 4418.56877280415 3755.07989262546 5099.08079951671 4990.67881154458 4097.94155644026 2502.74848916147 2337.33288172652 2254.99445675594 3356.89588757233 3991.71015981872 3277.38462802278 2938.74973415567 4245.58594307076 3001.35386117665 4269.14804147151 4075.61345075806 2963.31739778242 2129.26043498676 2912.36587674008 2689.56316155617 3723.06996979643 4351.8674152598 3273.9502134272 3279.7675222491 3361.2683617944 1961.66383460572 961.119139337054 2551.22519586178 2041.59863832243 1084.83869768736 2956.56050166405 1400.44635741609 2015.09925313866 2185.6063231973 2428.60556698695 1712.27188261678 2324.19340847529 1707.52013165292 1954.48202856921 2245.82946814757 1137.9806676741 2266.46751576104 1300.24036239458 1119.70978382793 2386.68179697252 1831.154007723 1811.42209327368 1800.34718873888 643.23401651343 950.657667091577 1231.10722522451 364.005494464026 2225.14044500566 0 1523.56489851926 1066.82941466759 2311.38486626524 1914.74541388666 1826.36934928289 1448.4905936871 2726.49041810163 1889.94047525312 1123.61025271221 3468.6092313779 2161.45205822382 2945.12308741078 3015.5845204537 1032.59382140317 3738.39872137791 2704.8567429718 2151.88870530053 3436.84084589322 2377.10433090346 1652.46028696607 1911.15148536164
7595.22876548166 6912.89555830261 8168.11636792719 6677.48081240223 7734.05618029763 6328.35879197759 6407.51511898333 6316.94150677367 5387.77551499689 9404.15466695439 7770.6981668316 7738.1360804783 8098.26370279457 8245.15008959813 8379.81205039827 8520.34330294267 8353.33017424787 5579.31447401919 8358.00514476989 6580.55848693711 6215.35397222073 6158.02322178148 5629.49820143856 7200.26041195733 7255.90276946983 8057.17847636504 7829.15225295817 6987.53354195885 7623.56543882192 7072.34932677961 5670.26233961005 6986.50484863497 6394.38230011312 6404.73457685797 5918.82589708466 6029.92537267253 5693.69168466295 5533.64707945854 9463.94473779301 8254.01417493331 5293.03788008361 4052.93103815004 7553.97246486906 10083.6811234787 5177.11309515255 4661.34369039658 6288.332449863 4503.12391568342 7556.45419492502 5547.57830048391 5646.73578273324 4952.84009432972 4634.78694224449 4889.65745221483 3925.0796170269 3894.46722928824 4870.18993469454 4305.95517858698 5280.38824330181 4218.18977761788 4889.33788973517 4746.906887648 7175.21776673015 6656.01231970014 5194.70884650911 5151.8200667337 3852.43429535145 5462.94334585304 6749.86110968218 5091.29158465708 6533.85414590806 5914.81191586005 5080.66186633198 6431.46561834859 6680.05426624665 5910.63659853996 4443.11264768293 6910.58969987367 5900.52963724444 5549.43690837188 5624.77777338803 5039.4692180824 5745.65052887834 6216.96268285406 6226.80696665635 5769.5862069996 5967.98751674298 5639.42594596294 5167.26475032971 4999.31245272788 5562.2612308305 4949.05293970473 4534.93384736757 4507.84039202809 5436.10614318742 4884.92579268099 4691.48164229596 4926.52260727585 4965.06545777596 4828.75501552936 4282.88746058077 3905.52493270751 4136.72575837461 5225.05980827014 4190.31621718457 4540.16794843539 3937.63888643944 3639.53980607439 5407.05557581943 5299.70518047938 4661.67888211962 4514.76743587087 5291.73884465211 4396.09201450561 3890.21207648118 3720.7190165343 3720.0470427133 4736.03209448585 4222.33643851363 4886.07715862122 4681.67971992959 3887.88181404734 4735.83413983218 3907.92464103391 3770.36138851437 4253.38100809227 5620.3313959232 5745.97685341666 2751.59044917662 5310.89681692273 5583.28980082532 3332.13520133862 3244.41828376059 4909.23873935664 3278.90987982287 5311.60286542584 4605.83868584213 4680.94541732757 3901.60223497988 3034.07728972088 4128.02919078826 4027.17332629228 4316.61035999313 2369.59912221456 3204.19646713494 2841.43449686949 4529.21074802222 5194.58853038429 4277.11935769859 2284.45836031213 4542.43877228962 3194.03741368194 4717.18931144384 4241.53568887496 3606.93775937429 2510.72698635276 2820.57175054988 2796.20278234609 4415.7388962664 5217.87792114764 2997.29044305019 2936.51579256778 2846.59884774796 1612.64534228701 1577.18102955875 2788.36869871974 2793.85486380377 2064.1281452468 1937.45967699976 1068.29303096107 1671.26449133583 2210.91044594755 1527.04780540755 2319.61742535272 1444.16931140362 1913.60262332596 1885.80221656461 2919.332115399 1037.42469606232 1670.51638722881 1675 2057.00024307242 2307.3252913276 828.02475808396 2648.34854201633 2222.61107708929 1906.56759649376 2133.95173328733 1676.8646337734 1256.48318731291 1763.16476825055 1523.56489851926 0 2210.34499569637 3068.18350168304 2433.61870472759 2028.08407123571 2428.34820402676 2878.36759292485 1329.70861469722 2042.36382655001 4663.01940806598 3432.65567746024 4334.02238111434 3386.0005906674 2531.55090804037 4064.2496232392 3865.5530005421 3669.5537875878 4609.84001891606 3323.11976913261 3104.13031298623 3149.80158105237
7817.00869898454 7137.3139205166 8572.41214594819 6754.30418325974 8214.24068310638 5375.75576082098 5523.30290677598 5646.95714522432 4348.13178273152 9876.36066575133 7978.13418037075 8352.43228047974 8174.27366803926 8437.30555331499 8908.59837460417 9138.68836321712 8972.52751458584 5015.66296714602 8865.76984812938 5656.24654696027 5173.49011789913 5336.37283180252 4941.21695536636 6708.34368529222 6991.15512630066 8047.59280779041 7793.02572817516 6371.91101632783 7371.10066407996 6822.1147747601 4699.33505934616 6897.87104837427 5234.73972609909 5405.20582401818 4510.3353533856 4730.28804619761 4179.86243792783 4185.31659495432 10066.0630337784 9076.10186148216 6163.04510773692 4613.63468428093 8315.83579683967 10927.5454700495 6118.46590249549 5354.55413643377 6771.63200417743 4540.78737665617 8495.32959925629 4610.17895531182 5074.56894721118 4398.43722246891 3997.89006852365 4148.87032817368 2851.86342590244 2872.49891209727 3683.83292237854 3191.88423975557 4400.35509930733 3435.47667726038 5131.8856183668 5300.58958984753 7452.05508567939 7116.39831656436 5572.53308648769 5149.3324810115 4337.40994142818 6272.70874503193 7662.81606199705 5509.59390518031 6756.89462697177 6631.97745774215 5648.5617638475 6822.25219410716 7412.06786261432 6639.27706907913 5117.67769598673 8022.81901827531 6371.27342059655 6357.13182182028 5960.07550287746 5443.17232870685 6796.36851561185 7131.88264064966 7427.81933005913 6708.57660014403 6483.34404454985 5951.36538955558 5753.25994545701 5645.46277996764 5900.26482456508 5074.32261489157 5204.92555182108 4999.37496093262 5397.85837161369 4480.58310937315 4397.22924123817 5073.58354617326 4698.00489569775 5234.6203300717 3744.16212255826 3614.72682232005 3671.59706394915 5413.92879524657 4479.46704419175 4569.05351249031 3652.13978374322 3405.60200258339 6116.6269299345 5850.53416364694 5629.44269000049 5314.72012433392 5543.06999775395 5183.50749975342 4464.51285136464 4525.82865340702 3779.63291868404 5179.82866512011 4943.55641213894 5018.77724152009 4820.91796238019 4429.02359442801 5930.85154088348 5418.14082504322 4966.76454042267 5227.03309727421 6678.60389602498 6896.78367066852 4086.79275226919 6568.67566561175 6763.3201905573 4382.20834739746 4486.15927046733 6007.80742034896 4760.97416502127 6563.91651378961 5968.30168473411 5975 4498.12460921215 4138.08530603225 5381.91415762087 5369.70669590062 4127.19638495674 2972.89841736982 2128.6732957408 2614.98087947121 3133.18926973779 3891.4168370916 2960.04645233821 3414.21660121323 4462.97266404355 3097.37792334097 4212.03632462969 4234.53067057023 3108.95882893293 2045.26893097216 3156.14480022701 2650.82534317144 3699.57767860063 4301.96176180124 3314.07981195384 3292.98496807987 3669.46862638175 2511.72251652128 1515.13200745018 2230.61090286944 1700.3676073132 1388.79444123311 3319.92093279343 1741.58692002438 2259.424705539 1759.61643547678 2514.70674234591 1395.97636083137 2796.64978143492 1456.45116636295 1782.72964860071 1305.03831361382 1549.39504323462 2548.77421518659 1120.82558857299 552.8336096874 2226.12331194837 2253.60821794739 1294.45934659996 1775 628.987281270456 726.722092687432 885.296560481289 1116.07571427749 2176.43630736119 1066.82941466759 2210.34499569637 0 1575 1156.77353012593 1258.47129486532 863.85762715855 2018.19845406739 1860.44349551391 1422.36598665744 2535.12820188644 2069.72220358192 2528.2157740193 2240.67512147567 854.766049863938 2837.69272473254 1692.07712590177 1937.45967699976 2751.13612894746 1397.31886124821 1305.27774822066 1145.91666363658
9304.90462068258 8633.40170500597 9772.25025262861 7682.52888051845 9361.99097414647 6360.96494252248 6412.19541186948 6498.84605141559 5048.82412052549 11258.1359469497 9089.348161447 9753.20460156558 9570.03787871292 9876.17081666776 10223.2577977864 10545.3781345194 10325.3026590023 5735.52525929404 10306.3693898482 6890.93607574472 6513.3036932113 6751.20359639672 6406.63718342158 7861.69510983477 8384.02498803528 9277.15608362822 8942.48986580359 7693.5443717444 8665.59288219796 7825.95840776068 5433.74870600399 7861.53610943816 6284.15666577465 6723.60580343613 5425.74879624923 5870.58344630242 5168.71599142379 5412.83197596231 11404.6043333384 10334.892355511 7036.42309700035 5414.21739497039 9690.78170221577 12211.1885170937 7074.5141175914 6071.70692639228 7690.94435033826 5136.20725827921 9823.88670537278 5771.21087814334 6365.28671781562 5523.30290677598 5245.11677658372 4683.34816130511 3660.08879673704 3939.3051417731 4952.77699881592 4361.33580454429 5743.80100630236 4266.512041469 6010.25165862462 6198.84061740581 8576.85839920422 8135.03226791388 6413.17004296627 6046.90003224793 5253.80814267137 7291.00473185966 8868.80065172287 6530.98384625165 8006.55981055534 7695.53441938895 6584.49884197727 8271.78940737734 8793.00147844864 8008.15990100098 6126.58142849665 9075.72311168647 7823.84176731611 7643.05240071007 7156.50927477915 6611.44840409422 7848.80564162472 8498.63959701787 8611.36603565311 7845.73928957622 7941.859039293 7392.35246724613 7147.42086350034 7005.57813460103 7302.91037874627 6518.57921636303 6635.27505081741 6495.52730730924 6803.76733876167 5781.32770218053 5574.38337397061 6572.14767028252 6107.42376129248 6693.32690072732 5047.46223363781 4917.63408561475 4912.61132189389 6934.24473176423 5948.31909029769 5973.01222165165 5014.60367327269 4631.00960914572 7528.94414908226 7326.36506051944 6987.66770818418 6729.55236252754 6810.56165084789 6562.05950902611 5944.43016613031 5927.47838460842 5102.20540550848 6542.45748935368 6285.74776776797 6279.23164089365 6138.65824101652 5818.66608424989 7129.73526857765 6516.75724574731 6213.14131498713 6405.36884183885 7867.5361454524 8187.71946270755 5299.17446400852 7768.24465371682 7958.83942544389 5718.44603017288 5688.03568905822 7318.68328321427 5907.93957315069 7813.64991537246 7063.72776938636 7196.35324313642 5685.17809747417 5407.22895760851 6442.67995480142 6508.21596138297 5575.89678885827 4446.48737769489 3594.17932218191 4189.57038370284 4431.56292971227 5166.11556200595 4284.41944725303 4726.12420488501 6001.87470712277 4568.16429214187 5652.93065586338 5732.63682784807 4656.58136404809 3476.88797633746 4599.6603135449 4018.55073378451 5178.44088505411 5727.89228250672 4577.52662471776 4498.54143028604 4990.55357650832 3887.88181404734 3001.87441442843 3444.74237062803 3117.79168643449 2954.97461918034 4367.63666071252 2934.49314192417 3535.97582005307 2628.0934153869 3233.90244132379 2794.07856009812 3961.29713604016 2650.58955706084 1507.48134316813 1889.77511889643 2085.0659461993 2421.13093408845 1393.96018594506 2024.53698410279 1559.24661295127 2657.18365944095 613.392207319265 1354.16025639508 2158.99282073841 1424.34195332441 1508.51748415456 2195.44984001001 2001.56189012481 2311.38486626524 3068.18350168304 1575 0 937.416662962634 1718.46588560844 2306.10602531627 2437.46794850722 2319.88685068906 1759.26120857592 2896.7654375182 3468.69932395415 3570.53917497064 2851.53467452177 2089.55736939669 2867.59917003754 1690.78384189109 2614.98087947121 3669.04279070168 2097.17071312757 2529.45152157538 2292.37867726953
8546.05171994647 7877.69795054367 8886.54179082054 6815.88218794897 8460.68111915347 5728.49238456332 5751.63020369008 5774.40473122555 4406.60016339127 10410.8417046846 8217.7399569468 8898.80609969675 8786.17522019678 9092.85433733544 9347.25895650698 9693.36113017564 9452.54595333977 4973.30373092173 9480.57224011294 6319.31562750271 6090.82301499559 6272.26035811652 5895.44315552275 7130.83094737212 7671.41610134661 8458.90802645353 8114.83980125301 7050.9307896192 7912.88506172054 7020.55019211458 4778.79430400598 7023.79882969323 5746.79258369397 6245.2481936269 4961.85449202211 5426.09435966608 4773.69092003242 5046.90499217094 10529.541775405 9425.69626075443 6102.35610235915 4486.50755042271 8817.87956370464 11305.9995135326 6137.18176364364 5151.51676693379 6776.84476729399 4267.68379803378 8930.98538796252 5143.26015286025 5664.63811730282 4758.47927388572 4518.15781043558 3955.5340979443 2952.75295275443 3239.11639185751 4445.64393535965 3739.48525869537 5164.78460344669 3503.65880188126 5106.91932577753 5271.91853123699 7694.07239373272 7224.26466846281 5502.9537523043 5173.61092468307 4323.91604913879 6356.3944182217 7948.30956870705 5615.49196420047 7145.3656309527 6766.64614118398 5658.01422762439 7460.47920712872 7924.68453630805 7136.39439773335 5193.86657510568 8139.94778853034 7006.51482550348 6743.05197963059 6267.82458274001 5709.53150442311 6913.39279948709 7623.52444739308 7692.89444877544 6916.69176702273 7125.08771875827 6582.60017014553 6293.10138167184 6134.99185003534 6470.99296862545 5729.80147998166 5799.83835981659 5712.10337791605 6024.63691852048 5023.44503304256 4759.46425556491 5818.55867032378 5367.66941977615 5884.46046804633 4303.55957319055 4115.59533968052 4129.76996938086 6197.88270298817 5154.48833542186 5172.58397708534 4234.08785926792 3793.25058492054 6678.79105826796 6520.87992528616 6118.92555927918 5886.05343162972 5942.64250986041 5700.05482429775 5150.606760373 5084.65829727033 4257.7869838685 5683.52883339216 5409.54018378642 5420.44739850872 5292.74267275484 4967.70822412106 6220.58076066857 5626.44425903252 5325 5486.46060771423 6946.80682040317 7295.11823070744 4431.28085320712 6860.2569193872 7043.83595777187 4860.87697848855 4797.78594770546 6435.10877918936 5031.02872184208 6918.13739383658 6150.71134097512 6300.89279388247 4772.315999596 4530.52149316169 5520.69968391689 5604.07218012045 4830.95487455638 3691.54439225644 3030.16088681773 3599.82638470246 4135.66802342741 4944.82052252658 3850.81160276636 3892.78178170829 5325.29341914603 3805.50587964334 4986.16836859727 4993.55835051519 4070.93355386698 2715.00460404766 3793.16820085796 3199.80468153917 4613.43147776143 5276.95461416905 3693.40628688478 3598.69768110632 4122.57504479906 3126.59959060958 2386.41991275634 2619.63737948595 2464.87829314147 2414.1509894785 3488.37354651133 2136.29351915883 2687.12206644953 1711.906831577 2343.47498386477 2058.67068760402 3130.19568078419 1792.17047180228 1096.01551083915 1238.95116933639 1614.38842909629 2140.82343970725 894.776508408664 1394.18434935987 1463.30106266619 2090.60397971495 1030.16988890183 1500.83310198036 1683.00326797068 1323.3480267866 798.044484975618 1741.76634483504 1501.24947960024 1914.74541388666 2433.61870472759 1156.77353012593 937.416662962634 0 783.022988168291 1718.10215063017 1602.34203589621 1500.20831886775 1800.34718873888 2885.95738014268 3175 3483.35326948043 2119.55183942266 1948.39677683987 2315.30235606497 1841.1952639522 2840.00440140504 3433.38389930401 1683.93141190489 2386.55085845661 1997.8113024007
7912.52962079764 7248.1032001483 8154.98313916099 6127.14248243013 7716.78365642059 5279.79639758959 5282.3408636702 5244.103831924 3989.36085106374 9699.67782970136 7508.78651980465 8178.05753220164 8139.02635454635 8440.56425838936 8614.41379317246 8973.88572470142 8718.29971955541 4420.47791533902 8784.2543792857 5901.32400398419 5798.38339539565 5920.77908724857 5515.03626461332 6562.82142070009 7097.09447591055 7794.38900748481 7448.15413374347 6553.05272373113 7308.42835362022 6390.22691302899 4339.21075773003 6362.92974973007 5382.26253540275 5904.34162290767 4688.08329704155 5143.26015286025 4560.15350618814 4832.76577127425 9794.4180531566 8661.01177692306 5334.96719764986 3733.21242363732 8079.33320268449 10543.4813984756 5359.62918493435 4410.78224354819 6035.00207125068 3605.89794642056 8173.92959353089 4693.47951950363 5125.54875110949 4176.27226123968 3969.49304067912 3467.9785178112 2501.37462208283 2764.73326018985 4116.81005148404 3325.93971683192 4746.1168337916 2966.69007481402 4382.35096723209 4514.97508298772 6972.66986168139 6479.82445749883 4771.33367099808 4483.92963816338 3560.98652061476 5580.60256603174 7173.9110671934 4865.37511400714 6437.05095521233 5996.09247760573 4899.48976935354 6781.45449000434 7190.70580680367 6400.29296204478 4420.47791533902 7357.43671396499 6321.04619505347 5983.88460784464 5534.77641824853 4963.55467381996 6130.71162264219 6880.67947226144 6915.83328312648 6136.87624121588 6438.65280940043 5908.99737688214 5575.28026201374 5402.54569624358 5778.67848214451 5082.44527761982 5097.18059322995 5059.52072829038 5391.02263026228 4430.64611541026 4117.41727300015 5200.48074700791 4779.77509931168 5210.68613524169 3734.46783357415 3482.45602987317 3525 5591.67908592759 4500.06944390862 4520.92357820833 3618.44234443496 3127.59891929896 5960.96678400408 5844.54874220414 5382.20447400505 5173.85252978861 5226.91352520778 4972.42395618073 4490.05846287106 4375.57139125852 3569.40121028724 4966.70162180093 4671.45587584856 4717.18931144384 4598.64110363051 4256.31883204254 5450.11467769257 4874.80768851449 4571.92519623845 4710.69262423266 6169.27872607487 6536.19728894408 3699.74661294527 6090.25861519854 6269.0709040495 4136.72575837461 4044.36336151934 5684.40850045104 4290.76042211634 6157.00820204099 5379.76532945444 5540.58886762048 4008.19473079839 3789.78891232744 4744.07525235425 4839.03399450758 4238.21896555617 3085.14586365053 2680.25185383762 3176.96789407762 4000.39060592838 4846.32592795821 3604.25096240537 3198.53482082031 4785.72094882265 3202.53805597998 4474.51114648293 4398.29512424985 3645.9738068176 2146.36320318813 3135.48241902263 2549.14201252108 4204.83352821488 4964.9395766716 2960.04645233821 2849.78069331659 3393.56007755867 2524.87623459052 1997.02904335415 1991.38770710276 2054.87225880345 2112.75885987966 2755.10889077002 1531.95136998535 1994.68042553187 976.601249231231 1626.72984849974 1571.22563624707 2450.76518663049 1131.92314226718 1269.10401464971 1098.00956279989 1520.89611742551 2176.29271928204 1041.63333279998 1160.54943884352 1794.95821678389 1820.71414560331 1699.08063375462 1951.44177468865 1559.04618276689 1634.58710382775 720.243014544397 1625.76904878891 1452.79902257676 1826.36934928289 2028.08407123571 1258.47129486532 1718.46588560844 783.022988168291 0 1476.05894191255 1096.87054842402 966.307404504384 2111.42724241211 3101.71323626153 3076.72715722405 3562.03944391412 1704.58939337308 2099.25582052307 2136.87856463581 2273.35105076185 3180.01572323157 3409.36211042476 1693.0002953337 2488.47342762586 2034.23818664384
7022.59745393398 6350.88576499373 7796.39339694964 6028.31858813052 7466.50855487356 4561.38685050939 4736.62590880893 4881.91816809745 3654.96238010735 9085.77184393269 7197.09142640275 7598.5607189783 7340.47001219949 7621.14656728238 8134.84019511139 8380.37141181702 8213.47977412741 4331.06511149394 8093.24564065616 4814.36652115312 4429.58801696049 4576.36591631395 4184.569870369 5856.24666488699 6139.93078136879 7212.57582282502 6971.81827072393 5514.86627217741 6512.72792307494 6025.67423613325 3984.03062237227 6133.15783263402 4423.37540798879 4614.5151424608 3759.23861972075 3950.55375865207 3450.1811546642 3469.23983027983 9297.34505114229 8367.08581287416 5630.10879113361 4108.29952656814 7592.88318097941 10207.6564401433 5570.17728622707 4882.49423962794 6120.35538183854 4035.62262854197 7813.8898763676 3763.14363265608 4210.84908302352 3570.18907062357 3140.95924838257 3572.55160914437 2182.45847612274 2073.64413533277 2873.69535615729 2353.85322397128 3561.1620294505 2741.57801275105 4497.36033690875 4714.73753246138 6683.60868094475 6417.7001332253 4965.56895028153 4461.01165656401 3775.33111130666 5665.30008031349 6999.73213773213 4837.41924997203 5959.49872053011 5979.70526029503 5037.2363454577 6047.36512871515 6692.25298386126 5929.27061281571 4519.47176116855 7444.1671797455 5617.66188017755 5676.54164082322 5204.92555182108 4720.23569326787 6223.89548434098 6461.71416885643 6849.90875851642 6084.30357559516 5738.90233407051 5171.43597079186 5027.05181990399 4935.20516290863 5121.09607408414 4277.70382331456 4517.60445369003 4295.49182283007 4569.80579456064 3627.24068680312 3582.16066083028 4298.98243774035 3855.19130524025 4489.43203534701 2888.98771198494 2791.28106789696 2836.70142947755 4654.36622968154 3732.37524908737 3761.81472164699 2820.79332812597 2620.71078144842 5414.39054742083 5130.54577993414 5005.8091254062 4657.38660624175 4765.17313431527 4522.30582778299 3794.48613121724 3897.83593805588 3007.59455379212 4435.29874980254 4272.73331721042 4232.68531785674 4030.66371705703 3730.78409989107 5380.40425990464 5008.2432049572 4442.26856459625 4640.91855132149 6073.19932160966 6299.65276820874 3661.36927938169 6021.52389350071 6189.20431073333 3834.22091173683 4006.32312725771 5413.29382169488 4358.39706773029 6008.63961309047 5492.32418926633 5450.97468348551 3844.72040595932 3624.74137008422 4903.18773860435 4896.04432169481 3305.48786111823 2441.69510791171 1323.82022948737 2025 2536.36058162084 3371.66501894835 2215.42885238953 2970.79534805075 3704.81106130933 2329.16293977042 3372.31374578345 3452.71632197028 2383.66839136655 1283.79320764678 2487.71983953178 1902.7939983088 2911.72199909263 3573.25132057626 2644.45173901888 2654.47734968675 3097.37792334097 2154.35605228105 1293.01005409857 1488.91739193281 841.872912024137 1028.95578136283 3024.58674863195 1605.65407233314 1839.49721391472 1433.96303997 2438.23706804732 643.23401651343 2533.03178029807 1035.6157588604 2417.25567534756 1143.18633651737 2100.74391585457 3166.820171718 1800.34718873888 461.654632815485 2930.12371752457 2667.63003431885 2133.21939799918 2599.39896899264 816.624148553054 1553.4236382906 1439.6180048888 1569.43461157195 2708.89737716289 1448.4905936871 2428.34820402676 863.85762715855 2306.10602531627 1718.10215063017 1476.05894191255 0 1806.0661671157 2102.67686533143 2201.278037868 2319.61742535272 1625.1922963145 2195.59217524567 1775.3520777581 1232.12215303516 2618.44419455523 1885.96792125423 2250.27776063312 2204.82425603493 1109.61705105861 1254.49192902944 825
7551.98649363199 6922.29188925171 7496.70761067817 5271.02931124463 7054.65272001393 4436.2850449447 4356.46071943728 4276.24250949359 2998.02018005216 9198.13160375519 6753.05486428179 7773.75391943944 7607.35663683516 7979.19168838548 8077.97932653953 8560.00876167776 8247.15860160334 3403.12356519713 8386.22382243641 5312.83822452745 5531.10522409401 5678.3580373203 5330.9239349291 5781.11148482712 6573.47891150493 7080.82798830758 6673.12707806468 5984.19794124493 6650.65786219679 5509.82077748451 3348.41380357924 5484.18179859129 4670.71996591532 5522.51075146079 3983.4030677299 4637.34838027078 4015.98369020593 4556.17712561748 9283.52034521388 8181.45769407873 4790.22442063 3125.09999840005 7702.11010048545 10060.5976462634 4875.70507721704 3801.06892860416 5304.77379348074 2725.45867699365 7822.08412125566 4022.82549957117 4526.38100473215 3420.983045851 3362.47676571898 2393.48072898029 1617.48261196218 2088.51023459307 3730.44903463377 2765.18534640989 4324.63871323374 2028.70032286683 3611.18055488783 3872.09568580117 6252.69941705181 5769.53204341565 4020.57209859493 3637.13486139846 2972.16251238051 5045.41871404148 6733.17347169966 4200.74398172514 5811.0885383033 5423.0987451825 4254.7767273971 6421.54576406647 6836.34588065876 6061.61075952589 3886.99755595498 6921.7952873514 6009.05566624241 5609.47858539455 4926.01512380951 4383.06399679494 5706.35610525666 6604.78046569301 6618.95951037623 5701.37044928673 6146.2895310911 5551.63264274574 5255.29494890629 5072.78276688446 5376.91826235066 4733.98616390035 4902.3591259719 4922.20733005021 4939.50908491927 3857.78433819207 3427.09789763876 4955.36325610949 4349.35340021939 4952.46150918914 3208.67963499007 2987.16002249628 2933.00187521249 5384.35232873927 4283.25226901242 4126.81778129348 3195.30906173409 2583.84403554085 5695.5026117104 5629.10960987615 5207.56661023169 5010.05239493561 4671.45587584856 4763.46774944473 4409.79024444474 4272.73331721042 3158.52022314248 4592.92934846597 4408.86890256447 4151.95736972335 4105.8647079513 4021.58240000127 5234.56063103676 4837.54844936978 4472.20583157797 4408.37271564009 5828.21799523662 6319.11781817684 3768.786276774 5876.48917296714 5996.30094308149 4106.47354794841 3990.14410767331 5505.05449564307 4324.20512926942 5980.43685695284 5201.80257218591 5400.81012441652 3594.78789360374 3755.07989262546 4524.72374847349 4715.99671331522 3914.47633790268 3289.37684067971 2667.74717692663 3422.90081655896 4006.40112819473 4912.61132189389 3441.83817167513 3358.0128052168 4652.55306256683 3059.71812427223 4136.04581696093 4185.1672606958 3672.19280539571 2119.84669257001 3092.43027407248 2343.3416310901 4043.6678894291 4825.84189546239 2663.40946908281 2526.97942215603 3328.75727562104 2909.57471119062 2600.48072478917 1623.26830807479 2029.93226487979 2627.37987356225 2916.54761661798 2116.89631300165 2219.37491199662 828.02475808396 1926.6226926931 1692.07712590177 2794.30223848459 1355.31361684298 2273.48850887793 986.154146165801 2585.294954159 3176.18088275841 2133.21939799918 1761.03662653563 2736.55805712212 2760.54795285284 2607.44127450648 3005.82767303783 2294.55878111675 2585.294954159 1792.17047180228 2595.42867364911 2362.46693098549 2726.49041810163 2878.36759292485 2018.19845406739 2437.46794850722 1602.34203589621 1096.87054842402 1806.0661671157 0 1765.11331081039 3156.54082818518 2920.83036138698 3362.38382698942 3717.02165718738 784.219357067906 2814.02736305104 1204.41894704459 2438.74967965144 3801.39776924226 3182.47152383175 1589.22150753128 2959.83529947191 2263.57018888304
7936.82083708584 7268.85479288175 8106.941470123 6219.37496859612 7631.18601529277 5827.94989683336 5809.74397026237 5681.7140899556 4600.67929766899 9624.1233366993 7548.05438507169 8036.2849003753 8233.5441943309 8482.96086281199 8512.16041907106 8831.58394626921 8575.54662980734 4814.88577226916 8689.82882455115 6406.78351436975 6304.26442973326 6340.5934264862 5876.38281598468 6910.18270380748 7331.60964590996 7932.13401298793 7598.27283005816 6933.16305880656 7547.30912312461 6636.3581880426 4916.42654780889 6534.57152382618 5998.64568048489 6411.31811720492 5407.46012467961 5785.16421547392 5294.92681724686 5454.41335067301 9661.10112771831 8423.59038652759 5026.98965584772 3550.08802707764 7871.03074571558 10300.1820372263 5025.49748781153 4161.88058454348 5929.27061281571 3689.00393060241 7884.35951742435 5217.51856728848 5492.03969395706 4552.19727164806 4366.70642475539 3956.08708195358 3146.52586196268 3348.32047450658 4698.6035159396 3917.03012497989 5213.74385638574 3472.9310387625 4381.63782163702 4358.46876781284 6978.67286810322 6393.4048049533 4702.99106952161 4607.80587698744 3425.91228726014 5319.12821804476 6887.39791212908 4789.11526275992 6467.37002188679 5786.24446424449 4743.54824999177 6733.63757563473 6993.92593612486 6202.51964930382 4211.51694760926 6966.39253846638 6236.73592514546 5745.48735965888 5509.42374482123 4901.84914088551 5761.13053141482 6600.3787770097 6492.97697516324 5828.05713767461 6334.9230460993 5893.00432716624 5438.40509708499 5237.48508351098 5752.5537807134 5142.71329163896 4920.87390612684 4958.07422292164 5525.9049032715 4726.58703506029 4375.28570495688 5245.83167858062 5006.62061674339 5149.63590946001 4083.50339781908 3725.75495705233 3851.05505024273 5618.10688755563 4484.06902266234 4622.76973253049 3853.00207630362 3350.46638544547 5770.77767722861 5722.43392272903 5073.15237303198 4940.64773081425 5239.33440429221 4742.49406957985 4350.64650368195 4135.44133074089 3655.38985608922 4890.10480460286 4467.52168433462 4781.01715119283 4657.38660624175 4130.98051314697 5024.315873828 4289.95920726526 4146.2332302947 4378.14172909009 5809.36743544424 6144.15372529041 3203.61124358122 5639.48135913224 5854.16518386695 3784.01242069843 3587.5653304156 5314.72012433392 3723.65747619192 5714.34598182504 4863.70486357879 5073.64513934508 3846.18317296511 3401.65400944893 4265.99929676506 4334.16658655387 4424.22309564063 2918.15438248219 3162.08001163791 3309.36172093653 4583.18939167912 5386.61535660381 4195.0119189342 2804.57215988464 4910.89350322322 3334.85381988476 4786.56975296506 4502.08285130338 3906.8049605784 2419.83987073525 3084.63936303744 2707.97433518119 4573.08703175437 5403.06625907919 2918.15438248219 2784.78006312886 3129.89616441185 2229.63001415033 2016.959345153 2359.15768866772 2569.77625485177 2344.14163394621 2176.72345510402 1239.20337313937 1789.90223196687 1360.14705087354 980.433577556379 2028.54627751008 1926.78488679977 1432.21855874025 1127.774356864 2034.23818664384 1151.90060335083 1579.55689989313 1159.20231193696 1719.92005628169 1649.43172032067 1013.03997946774 2147.2365961859 1971.8329036711 1915.88752279459 1995.15037027288 1049.40459309077 1575.39677541881 965.983954318083 1889.94047525312 1329.70861469722 1860.44349551391 2319.88685068906 1500.20831886775 966.307404504384 2102.67686533143 1765.11331081039 0 2190.1769334919 4033.68627932317 3579.80446393375 4256.53908709881 2438.36523105133 2566.73430646805 2895.90227735675 3185.21977263736 3729.10847254407 4222.85448482422 2609.83715967108 3079.97564925439 2798.548731039
8729.7623106245 8036.51821375401 9622.2073870812 7932.92190809918 9244.0183361999 6761.79524978389 6916.55622401785 7009.63622451265 5748.09751135104 10819.1092516898 9113.79448967333 9215.47611358198 9228.3869121315 9420.25742748042 9867.11710683521 9998.2498468482 9871.01185289532 6335.12036191894 9739.80235939108 6925.67686222798 6235.83394583275 6352.65692446869 5914.81191586005 8003.04629500542 8111.21908223419 9219.30718655149 8995.1723163039 7579.61905375198 8564.31550096095 8097.26033915176 6096.97670981282 8131.03621932654 6596.0689050373 6548.80714328953 5896.7151872886 6008.43157571092 5510.50133835389 5333.03384575797 10984.7621731196 9926.47973855787 6995.08756199663 5535.22808924799 9128.18437587673 11763.4231837506 6922.15645590303 6221.38449221715 7796.03264487778 5624.11104086681 9245.33666233956 5946.16473031146 6319.95846505339 5703.67206280305 5278.84930643033 5454.69980842209 4233.94024520895 4249.19109949176 4938.11705005056 4549.31313496884 5607.47269275562 4779.18664628198 6215.95728749804 6263.83468811239 8557.30681932113 8157.28202283089 6609.17922286875 6324.9505926924 5301.17911412169 7146.41518525197 8475.58994996809 6542.45748935368 7844.42477177262 7553.39327719668 6617.82630476201 7724.4740921308 8229.02637011208 7460.10221109604 6031.16904090741 8756.06932361776 7234.81167688558 7182.35685551755 7014.4939232991 6468.86775255145 7552.56578918714 7858.87237458403 8079.7973365673 7514.19490032033 7321.58623523619 6886.35426041966 6613.48055111679 6500.24038017057 6859.11801910421 6062.74484041676 5982.2132192024 5775.97394384705 6469.06098286297 5698.35502579472 5632.16210704202 5987.33037338011 5815.76521190462 6106.40033080046 4983.66080306435 4797.7208130528 4920.49286149264 6277.63888735247 5375.1744157748 5617.99563901575 4805.07544165542 4590.88771372161 6905.79466824782 6643.27667646019 6312.88365170783 6039.1948966729 6602.36699979636 5945.63915824026 5209.96641064028 5240.70605930155 4851.03081829007 6115.6561381425 5760.26258082043 6114.22521665664 5888.81354773608 5288.37167755823 6566.62965302597 5863.49938176854 5565.79958316862 5983.83238401612 7407.63963756337 7528.52907280034 4586.25664349478 7171.34053019378 7418.93691845402 5001.06238713336 5063.96583716755 6650.42291888268 5202.52342618464 7147.77063146265 6523.51515672341 6537.77485081889 5417.91011368775 4759.52991376249 6000.88535134608 5920.88464673988 5191.39913703425 3606.07126940109 3295.54623696892 3347.76044543214 4126.28767780435 4715.79791763812 4133.24932710331 3950.79106002836 5352.33593863464 4098.85654786795 5328.98911614576 5190.19508303879 4026.31965944086 3155.74872256965 4012.0911006606 3727.09672533461 4744.86564614848 5294.92681724686 4288.79353664874 4262.26172354538 4402.62705665606 3007.59455379212 2080.56482715632 3458.86542091478 2964.8988178351 2155.66115147998 3795.22726592229 2287.19260229654 2996.76909354057 2839.34411440389 3015.06633426198 2621.42613857419 3222.86751201473 2527.47403547494 1619.41347407016 2621.78374394228 1167.26175299288 1857.92222657462 1152.44305716161 1820.37084133975 1800.34718873888 1923.70086032106 1147.27939055838 917.196816392207 1489.54691097662 720.243014544397 1401.11562692021 1055.93560409714 2010.90775521902 1123.61025271221 2042.36382655001 1422.36598665744 1759.26120857592 1800.34718873888 2111.42724241211 2201.278037868 3156.54082818518 2190.1769334919 0 3705.9074462269 2931.19003136951 3441.11173895879 3564.93337946167 1411.11657916701 4032.44652785378 2683.51448663874 2126.76397374039 4000.23436813395 2772.29597986939 2136.1472327534 2418.67732448956
8027.21931929108 7426.85162097641 8795.34678111102 6797.33403622332 8545.94201946163 4366.13387334837 4575.20491344377 4965.25427344864 3488.28396206502 10134.1933571449 8025.35045963726 8879.11876257999 8127.76875901376 8521.07680988735 9266.8090516639 9616.45724786421 9438.51815699901 4633.84289763906 9260.264575054 4722.6846178842 4378.56997203425 4806.76606462183 4679.87713513934 6093.43909463285 6697.24756896443 7857.36119826497 7584.40010811666 5731.54647542877 6994.73015919842 6468.62620654494 3832.18279835396 6727.27656633797 3990.84890718754 4539.3419126565 3023.86342284171 3473.29094663836 2658.59455351883 3147.61814710743 10440.6058253341 9733.51169927894 7140.46567108897 5573.03777126981 8995.20705709435 11515.5601253261 7160.39454220227 6311.34890494893 7264.76943887416 5039.65524614532 9338.56252321523 3830.87783673664 4684.34894088816 4162.70645133668 3812.97128234662 3840.41013434763 2640.31248150669 2693.62673731904 2955.71480356275 2705.31883518376 3864.42104331296 3295.73588140797 5640.75571178189 6092.87493717047 7629.95740486144 7534.50396509286 6144.61146045867 5383.42363185362 5270.792160577 7158.56130797243 8514.43627024127 6111.15782810426 6968.9489881904 7376.73708356208 6388.90640094218 7283.28565964565 8138.066416539 7436.85921609385 6048.24354668362 9050.75963662719 6975.04480272349 7244.39438462595 6398.58382769187 6038.52217020026 7864.23867898222 8074.2259690945 8599.23688474739 7672.14930772336 7124.12275301317 6440.15721857782 6531.22308606895 6487.34344705134 6402.83140493329 5527.26198040223 6176.6192209007 5882.22959429501 5591.51142357771 4436.35548620712 4478.69958805008 5594.02583118813 4801.36699284693 5953.20291943757 3787.89189391672 3989.43918364474 3813.95464052734 5937.48684209068 5250.11904626933 5015.03988020036 4036.24206409873 3916.79077817542 6979.16542288546 6629.14964380802 6794.39106910987 6388.31941906477 5971.70411189302 6247.84963007273 5528.336096874 5741.84203892793 4463.04268408896 5898.62272060182 5973.1168580566 5424.13587587922 5289.67153989735 5412.5433023672 7238.22319357451 7065.98365409941 6408.44169826019 6416.77489086223 7769.85360222443 8082.46558916275 5782.94907465041 7873.17439156532 7970.68848971028 5820.06228489008 6035.00207125068 7237.27331251211 6464.32517746439 7873.49191909155 7423.19001508112 7377.58429297829 5477.56789095306 5649.61281859208 6803.07834733659 6874.09084897778 4496.45693852393 4521.75297865772 2618.80220711683 3786.98428832231 2648.11253537307 3356.89588757233 2502.49875124844 5128.35256198323 4954.4172210261 3962.08594051164 4220.55979699376 4800.32550979618 3703.88309750726 3185.71028186808 4373.856993547 3654.44934292432 3729.94638031165 3946.51745213422 4401.56222266595 4419.62950935935 5075.6157261952 4412.55311582762 3549.82393929614 3096.5706838372 2521.03649319085 3138.96877971094 5194.46821147266 3895.02888307648 4043.74517001257 3193.8417305809 4478.62981278873 2732.78703890369 4793.55035438244 3137.37549553763 3952.37270509753 2078.16024406204 4060.01847286438 4924.49235962449 3480.39150096652 2613.18770852765 4278.87251504412 4704.31982331134 3095.76323384073 3943.19033271284 2880.75510934199 3027.99438572795 3225.7751006541 3621.63637048227 4364.91695224548 3468.6092313779 4663.01940806598 2535.12820188644 2896.7654375182 2885.95738014268 3101.71323626153 2319.61742535272 2920.83036138698 4033.68627932317 3705.9074462269 0 2539.31585274459 1874.83332592527 2485.7091543461 2623.21367791494 2695.71419108184 1216.03865070153 2583.23924559844 1247.24696832664 1454.94845269515 2164.05291062857 1615.16253052131
6545.84792062877 5886.74358198147 8015.4538237083 6654.9323813244 7815.04958397578 4654.03051128804 5028.4813810931 5363.00988251933 4307.40641221606 8919.71131819859 7522.00937250147 7493.45547794874 7030.38050179363 7246.42153065912 8167.73377382001 8230.545243178 8192.37450315841 5130.3630475825 7832.98314820095 4306.60829423805 3333.35416660156 3504.37226903764 3141.15822587784 5829.07582726456 5687.48626371968 7228.84845601289 7137.3139205166 5011.112650899 6294.19375297583 6395.21305352683 4572.33528954297 6632.35440850382 4182.25417687639 3708.77338213054 3645.63094676354 3338.13196264018 3064.92251125538 2487.59421932115 9261.85051704032 8575.36442374317 6552.33736921413 5213.50409993125 7585.38891554019 10316.0675647264 6408.24664007246 6003.22829817424 6879.95276146574 5234.14271872673 7928.94223714614 3647.25924496738 4025.23291251575 3913.11896062463 3265.06125516812 4614.44742087284 3145.33384555598 2707.62811331246 2331.71074535415 2505.11975761639 2994.68278787587 3646.05951679344 5403.35543898419 5643.02667014786 7047.4729513493 7018.94757068323 5895.17811435753 5271.3257345757 4791.33332173832 6399.65819399755 7379.61719874412 5566.2487368065 6138.55642639212 6611.40113742919 5889.71561282886 5826.39468282059 6708.9492470878 6021.10870189204 5354.61249765097 8060.90100423023 5448.56632519051 5978.55542752595 5595.64562852223 5235.51573390817 6901.4944033883 6554.00640829714 7301.11292886228 6635.03956280594 5557.09006585281 5016.22367922325 5100.85777100283 5114.07371867086 5085.94878070946 4134.30768085782 4564.53721641088 4116.12682020367 4407.73467894791 3671.59706394915 3982.22613622079 3978.22196464702 3645.71666479994 4390.18792308484 3028.20078594534 3135.8810564178 3201.65972582971 4222.63247275914 3669.04279070168 3774.25489335312 3004.26779765054 3224.61237980629 5433.86372666816 4952.90318903974 5223.68404480975 4750.26315060545 5042.87864220427 4723.74321910072 3757.07665612508 4116.05089861629 3414.21660121323 4613.90561238524 4581.07520130373 4551.99132248734 4263.06814395454 3970.51633921836 5896.29120719118 5691.5507552863 4952.65080537685 5250.29761061218 6552.95734764083 6580.13107772178 4309.94489523938 6491.24410263549 6656.10621910438 4228.03145683662 4644.1495453958 5709.09362333462 5023.25840466126 6386.41135537009 6161.42231956226 5917.08331866301 4494.23241499591 4192.70199274883 5672.41130384601 5545.26825320471 3145.03577086176 2688.05226883705 1165.65432268748 1599.02313929474 1219.88728987559 1859.60345235214 1423.24453274903 3541.62745076328 3146.72448746311 2468.04578563689 2943.84952061073 3193.15674529141 1708.25203058565 1994.52375267882 2816.91320420065 2530.93362220347 2133.21939799918 2437.33973832127 3356.80279432677 3477.06773014274 3647.43060249266 2748.40863046236 1903.45081365398 2507.11487570873 1544.74917057754 1391.04277432436 4010.68884357787 2743.74288153974 2813.58312477169 2962.26264871972 3822.46648121341 1866.81547025945 3429.6501279285 2467.03263050978 3802.87720022617 2615.936734709 3238.34448445498 4378.92680916226 3108.25513753295 1932.77650027105 4258.88776560266 3884.42402422805 3193.45032840657 3652.82424981 1766.52908269295 2450.12754770032 2852.41126067052 2486.33766813762 4134.0809135768 2161.45205822382 3432.65567746024 2069.72220358192 3468.69932395415 3175 3076.72715722405 1625.1922963145 3362.38382698942 3579.80446393375 2931.19003136951 2539.31585274459 0 1113.83347049727 3104.13031298623 1570.23087474422 3973.50600855214 2603.00307337506 1820.37084133975 1852.70073136489 2216.69799476609 996.870101868844 1388.11923119017
7141.86600266345 6520.0172545784 8598.87347272886 7106.77493663617 8429.15327894801 4660.00268240266 5058.40884073243 5504.20293957263 4324.42192668569 9534.77189029711 8021.45560356722 8215.91443480274 7520.0149600915 7790.61935920373 8818.23395017392 8933.01460874211 8887.24507369972 5350 8504.55760166277 4332.00300092232 3310.1170674162 3662.64931436249 3464.64283873533 6048.55354609679 6060.16707690473 7649.22381683266 7539.93534455038 5205.10566655471 6633.53224157387 6710.11363540142 4600.61137241563 7012.75623417783 4050.54008744513 3701.09781010986 3370.27446953509 3121.49803780172 2701.96687618483 2263.29405955126 9920.1184468735 9327.84809052978 7297.85927515734 5890.35228148538 8361.14525648251 11047.8787556707 7195.91898231213 6679.49286997149 7489.11710417189 5707.06798627807 8755.49827251425 3757.40934687718 4345.18411577691 4264.46069274885 3655.98823849312 4791.78985348899 3351.67868388364 2997.60320923234 2402.86287582126 2710.3966499389 3213.83727030477 3921.9733553404 5976.25509830362 6317.88136957319 7596.29844068807 7629.79357518931 6489.31814599962 5757.06088208211 5484.86554074026 7157.51353474096 8185.23823721705 6218.42021738641 6720.02604161621 7339.70367249251 6566.62965302597 6532.51482968083 7503.37424096653 6838.9966369344 6101.12694508154 8892.06106591717 6211.58192411563 6807.62440209505 6244.34744388875 5925.4746645311 7733.45007095798 7420.28469804225 8203.4672547649 7454.65458623 6333.8870371992 5736.1245628037 5917.08331866301 5943.32608898418 5804.6317712668 4844.39108660727 5455.55909142225 4996.31113923062 5005.49697832293 4143.82070075432 4470.877989836 4725.52907090836 4205.72526444607 5201.98279505036 3524.29070878099 3754.08111260266 3712.98397518761 4969.02908021275 4505.13595799283 4470.80809250408 3651.88307589386 3850.16233423995 6283.01281233772 5785.812388939 6157.21121937521 5669.93165743645 5701.86373039553 5629.22063877407 4694.94408912396 5071.61216971487 4152.25842163033 5399.4212652839 5461.74193824644 5195.06977816468 4943.49319813429 4847.48646207496 6830.94978754785 6685.29169146717 5926.68752339787 6132.29157819489 7426.17835767496 7508.57842737225 5318.59943970215 7431.81505421119 7567.81837784179 5221.64964355136 5621.72126665846 6651.73849455915 6031.79077886493 7341.10856751213 7110.29183648604 6886.67191029165 5297.05106639534 5174.51688566189 6589.90705549024 6510.42433332882 3826.30696625349 3739.15097314885 1890.27114457159 2664.34795024974 1171.537451386 1700.3676073132 1581.92920195564 4567.8222382225 3897.91610992335 3326.127628339 3465.27415942808 3967.44565180167 2562.95727627286 2816.24750332779 3763.3927512286 3336.16546352246 2668.8012290165 2678.61904719577 4176.87083831904 4282.01179353817 4604.5493807755 3789.87136984885 2888.12222733042 3141.45666848995 2210.91044594755 2370.78573473015 4962.10640756524 3633.69646503392 3737.89713609136 3547.97477443118 4609.02646987409 2574.02894311622 4416.51729307154 3174.60627480007 4300.43602440497 2836.15056017836 3942.23921141272 5017.28263106634 3638.76696148572 2536.97654699447 4693.74583887965 4653.29184556482 3428.73883519874 4074.15635438799 2481.68289674567 2900.21550923375 3400.82710527895 3248.65356724905 4703.45617604757 2945.12308741078 4334.02238111434 2528.2157740193 3570.53917497064 3483.35326948043 3562.03944391412 2195.59217524567 3717.02165718738 4256.53908709881 3441.11173895879 1874.83332592527 1113.83347049727 0 3343.46377279611 2058.82247899133 4018.31743395168 2285.55244962788 1743.73879924718 1268.11868529724 2246.52509445143 1330.64833821713 1538.26200629152
7126.18411213182 6513.49560527986 7148.47011604581 4918.96838778214 6755.2294557624 3712.22642089623 3663.50242254594 3665.54907210366 2303.39423460249 8822.59173939268 6365.23762321565 7468.01513121124 7122.98217041149 7528.11397363244 7744.59488934056 8242.49658780639 7938.86799235256 2899.7844747498 8032.51206037065 4610.4500864883 4910.76623349147 5095.2183466462 4799.34891417576 5157.39759956511 6010.04367704595 6586.01738533994 6188.54789106459 5338.8318010591 6079.98766446117 4998.56229329994 2667.74717692663 5047.64796712291 3913.837630766 4864.47581965416 3205.07410210747 3912.16052840371 3270.41664012401 3918.70514328394 8957.05029571678 7964.68769004787 4817.02709147457 3180.9982709835 7453.35494928291 9822.58239975619 4893.61829324683 3890.45305844962 5126.7070327843 2660.00469924397 7642.97062666081 3317.8494540892 3911.92088365805 2829.8630708923 2766.54116181198 1927.7577648657 885.296560481289 1418.40579525043 3081.5986111108 2086.56416148653 3694.92895736846 1425.87692315992 3429.01224844707 3809.28142830114 5897.56305604272 5531.0487251515 3890.37273278538 3326.22158011158 2958.67368934122 4977.82583062124 6592.27767922438 4008.58453821296 5420.67800187394 5286.30305601183 4156.99711330186 6069.69933357493 6595.12130290262 5842.14215848947 3834.54690934926 6898.82236327331 5699.01307245386 5445.52568628594 4617.15550961845 4133.8541338562 5696.27070985921 6440.35131029356 6597.9637010217 5620.3313959232 5848.6643774455 5200.06009580659 5012.54675788665 4861.64838300756 5036.49183460075 4356.6759117474 4714.67125046911 4685.41620349783 4487.90039996433 3317.75526523582 2936.83503111768 4595.99010007637 3857.70333229501 4667.10563411629 2671.25906643291 2556.48684721827 2422.29230275786 5029.28921419319 4003.90434451174 3741.74090497993 2766.76706645138 2209.92081306096 5482.13006047832 5368.60084193265 5116.51737024316 4865.24665356239 4329.83833416445 4625.27026237387 4236.00637393288 4179.26428932175 2856.79015680186 4328.39462156583 4266.80501077797 3790.28363054798 3749.74999166611 3840.32876196817 5255.29494890629 5022.13848873167 4524.17119481569 4392.18055184438 5775 6263.68501762341 3932.7153469327 5895.81419313736 5982.73557831198 4120.75539191542 4102.89531916182 5455.55909142225 4512.89818187825 5982.73557831198 5317.07156242983 5446.90278965946 3483.17384004876 3825.98026654608 4646.03325429339 4834.31742855183 3492.93930665851 3288.61673048107 2308.00238301437 3265.15696406773 3531.81964431934 4447.6117186643 2902.36972145177 3487.65680651064 4281.50090505654 2791.39302141422 3619.65122629239 3829.24600933395 3338.41279652472 1954.80178023246 2972.89841736982 2140.96940660066 3560.72324114077 4293.74545123485 2551.71510949009 2458.7852691929 3336.63378272174 3077.03184903894 2751.8175811634 1374.77270848675 1753.03308582582 2654.83050306418 3237.86194887923 2471.58855799261 2411.04230572589 1210.63000128033 2486.33766813762 1624.23058707808 3100.50399128916 1572.21976835301 2945.9718260703 1040.43260233424 3135.8810564178 3865.63384194623 2681.06788425806 1927.10923406018 3419.24699312583 3400.45952776974 3031.70743971116 3554.57451743524 2471.84141886166 2913.97494841668 2301.49407994025 2972.58305182547 3090.10517620355 3015.5845204537 3386.0005906674 2240.67512147567 2851.53467452177 2119.55183942266 1704.58939337308 1775.3520777581 784.219357067906 2438.36523105133 3564.93337946167 2485.7091543461 3104.13031298623 3343.46377279611 0 2908.82278593936 1066.82941466759 2343.60832905159 3777.31716963244 2606.36240764787 1346.52330094952 2856.24316191742 2070.92974289327
7763.45606028655 7081.09278289728 8860.90429922364 7227.89734293453 8554.12911990461 5620.99857676552 5857.58055855829 6062.89947137506 4808.00114392665 9979.88602139323 8324.0615086627 8456.28464516185 8225.30394575179 8447.26287030302 9098.42019253892 9227.87895455938 9126.50672491945 5553.26480549955 8906.52850441742 5640.81111188808 4877.30714636673 5043.93199795556 4651.2095201141 6912.03660291234 6985.38653189643 8263.28475849647 8077.55377574176 6355.85360120889 7482.22894597592 7197.00458524239 5142.0448267202 7324.95733775972 5332.74085250727 5203.42435325046 4642.33238792743 4656.04445855063 4183.52423203213 3939.38446968559 10225.1528105941 9325.83776397595 6706.89943267379 5225.65785332335 8452.73624337114 11141.4485144437 6615.41759830776 5986.39081584221 7281.01126218055 5223.68404480975 8676.90901185439 4746.64355097368 5179.10465235064 4712.01920624269 4202.9751367335 4772.315999596 3373.79608156747 3239.30933996739 3620.25551584415 3381.56768378218 4336.90557886611 3961.77043756955 5685.67278340919 5849.94658095268 7803.76511691632 7560.17526251872 6141.35571352124 5673.07235984171 4900.63771360422 6734.89049651143 7969.4337941914 5980.38460301677 7013.46918436233 7060.71880193511 6170.64623844213 6867.95093168261 7551.20023572412 6802.25146550758 5608.36428916667 8430.00593119602 6425.0486379482 6610.78664003007 6290.31994416818 5812.48655912424 7219.67797065769 7282.72785431393 7733.57129662616 7079.41558322437 6527.68144136952 6020.22632464926 5900.90035503058 5835.82684801391 6024.42943356464 5143.26015286025 5310.89681692273 5003.56123176283 5483.49797118591 4658.19170923654 4722.6846178842 5053.40231923008 4760.05514673937 5299.58724807885 3937.08331128514 3873.22540010261 3953.9537174833 5342.98605650436 4544.91474067446 4701.92779612788 3841.06105132423 3763.30971353674 6232.27486556875 5876.70188115749 5801.61615414188 5432.13816098228 5815.38906694986 5353.67864183124 4505.96826442442 4673.72977395998 4051.08010288614 5375.75576082098 5165.93408784897 5303.06515140065 5056.86414687996 4613.09278033729 6238.63967544207 5760.69657246413 5240.88494435816 5584.91271194098 7001.20525338316 7110.90711512955 4379.64039619693 6860.43912588691 7067.22187284367 4585.50706029333 4802.60346062425 6215.45452883375 5075.80042948893 6808.49653007182 6335.81091889586 6246.09878244012 4881.47006546184 4414.96036222297 5796.82024906759 5713.19744101322 4181.1332195949 3033.76828383448 2081.01537716568 2398.6975632622 2731.52887592279 3359.31540644817 2775.56300595032 3641.59992311072 4331.13726404509 3204.00140449407 4178.89040296584 4228.10536765582 2904.09194069334 2298.91278651453 3314.45696909765 2940.02551009341 3514.07882666283 3979.47860906426 3678.99442782943 3708.85764083767 3936.13071429291 2675.23363465698 1547.98255804127 2680.71818735204 1903.12243431683 1266.14572621006 3752.83226377092 2166.21790224345 2639.24705171759 2480.54933432093 3160.00395569373 1781.32675273236 3142.1529243498 2047.71213797252 2431.30623328284 2020.82903779612 1957.99642492013 3004.26779765054 1741.22801493658 1134.68057179102 2805.79756931964 2728.89629704025 1691.89243156886 2108.02039838328 775.403120963541 913.783344124853 1621.92015833086 1302.40162776311 2837.03189971491 1032.59382140317 2531.55090804037 854.766049863938 2089.55736939669 1948.39677683987 2099.25582052307 1232.12215303516 2814.02736305104 2566.73430646805 1411.11657916701 2623.21367791494 1570.23087474422 2058.82247899133 2908.82278593936 0 3570.10153917224 1940.68286950753 1215.26746027366 2668.44992458169 1869.65905982882 732.717544487642 1185.85412256314
8041.33850798485 7453.77421176681 7772.14577835491 5317.01278915144 7348.04395740798 4192.10567614892 4029.50058940311 3988.81247992432 2546.32087530225 9600.26041313464 6904.02962044631 8311.17470638176 7926.4588562611 8375.59699364768 8481.78194720897 9074.3112686308 8720.73678080012 3127.59891929896 8894.48565123358 5325.93888436584 5750.86949947571 5993.90315237075 5750.05434756925 5746.46630547852 6833.46544587737 7221.92841282714 6751.94416446108 6108.90743095687 6792.32103187121 5441.39228506822 2917.83310009329 5458.53689187863 4470.45858945142 5673.29269472323 3677.7200817898 4587.82355807195 3840.41013434763 4693.81241636263 9700.16108113675 8677.44922197762 5293.21499657817 3658.63704130377 8287.3774500743 10526.0985174945 5452.35041060275 4251.91133491751 5562.59831373792 2872.49891209727 8449.44524806215 4029.73324179157 4719.77224026753 3558.26502666679 3629.47999030164 1988.24671507336 1633.43962239196 2315.43732370367 3923.40732017465 2944.16796395858 4568.43791683766 2032.24014329016 3901.76242229073 4320.1562471744 6475 6041.16089837044 4307.62405509116 3792.50906393116 3560.98652061476 5567.03466847477 7305.5629488767 4604.41364345125 6141.10128560017 5888.17671270148 4680.14422854681 6983.9548251689 7455.45102592727 6715.09493603776 4468.57080060281 7494.70646523264 6635.55762539969 6263.23598469673 5337.13406239716 4864.98972249685 6322.4303080382 7313.94216548094 7335.87077312571 6308.92225344393 6789.97422675521 6131.7819595938 5928.9543766165 5758.36348279613 5939.32866576686 5318.71695054362 5684.29854951339 5701.64449961588 5397.39520509662 4187.8544626097 3725.33555535605 5598.10235704922 4797.00427350237 5645.01992910565 3603.29710126712 3514.79017865932 3332.13520133862 6038.26340929244 5013.79347400748 4698.00489569775 3751.74959185711 3150.09920478705 6408.63675051099 6346.55418317688 6033.08586048632 5825.91194578154 5131.09393794345 5562.48595503845 5258.98041449101 5156.12499848481 3816.82132146633 5237.66407857549 5183.7486435976 4613.36374026588 4632.3590102668 4807.93614766253 6052.0657630267 5788.89022179554 5391.77614520484 5182.84429632996 6522.7486537502 7102.86033932809 4808.52108241193 6679.44608481871 6747.59216313494 5064.21267325929 4956.87653669123 6332.15997902769 5332.15481770738 6807.89982299975 6047.36512871515 6270.416652823 4303.55957319055 4733.52405719037 5359.33764564242 5616.82739631547 4492.91108302846 4316.89992934745 3308.51175001692 4307.04364965112 4374.57140757812 5278.55330559425 3787.7268908938 4433.60744766607 5319.83317407604 3848.86346860992 4592.52109412684 4856.82509464774 4382.707496514 3010.50244975818 4010.14338895756 3187.769596442 4555.42259291056 5223.68404480975 3504.72894814991 3377.68411785353 4290.97890929331 4036.24206409873 3663.75831626487 2427.57595143798 2767.44466972693 3580.32819724673 4025.77632264884 3299.71589686143 3344.77204006491 1995.30699392349 3079.56977514717 2611.2736356039 3958.0613941676 2468.04578563689 3160.00395569373 1555.83578825016 3654.87687891124 4152.86045997214 3081.19295079033 2688.05226883705 3506.51179949533 3878.30504215437 3236.60701970443 3808.29686342859 3231.58242970839 3408.53707622493 2784.55561984314 3646.65943021829 3301.79875219554 3738.39872137791 4064.2496232392 2837.69272473254 2867.59917003754 2315.30235606497 2136.87856463581 2618.44419455523 1204.41894704459 2895.90227735675 4032.44652785378 2695.71419108184 3973.50600855214 4018.31743395168 1066.82941466759 3570.10153917224 0 2485.08048159411 4318.13038246878 3194.33091585703 1870.82869338697 3563.17975970902 2753.2934823589
8533.75649992429 7892.59938169929 9205.19554382198 7148.16409996301 8884.7129948018 5179.82866512011 5319.89191619529 5575.28026201374 4063.63445698552 10607.573945064 8468.83994417181 9228.69167325467 8720.77261485472 9074.6900773525 9664.94956013739 9997.0620684279 9804.36764916535 5031.27717383966 9685.10454254367 5608.36428916667 5207.98665512883 5550.7882323144 5313.77925774114 6824.8626359803 7380.76046217461 8450.92450563842 8151.41858819678 6531.51016228253 7685.29439904549 7024.46617188808 4442.05751876312 7187.74999565233 4937.67404756531 5409.0780175553 4011.23422402632 4447.75224130122 3685.52913433065 4021.34927605151 10850.4032183141 9984.17497843462 7063.90472755685 5432.19568866955 9269.57388448897 11820.3479221214 7089.07610341432 6160.6107651758 7420.95849604349 4993.80866673925 9527.98509654586 4595.44611544951 5337.89518443365 4657.05110558173 4320.1562471744 4078.75593778299 2870.32228155655 3042.51129825347 3699.15530898609 3270.12996683618 4578.75528937723 3559.58213839771 5733.72697292084 6081.78633297817 8015.53179770376 7769.16983982201 6208.26062597246 5600.55800791314 5177.47525344158 7180.0940105266 8645.84437750299 6235.68360326276 7378.09257193212 7482.47953555504 6424.02716370347 7656.94129532152 8383.05582708358 7634.99345120872 6019.65530574634 9053.65948111591 7280.1957391268 7369.44706202575 6673.87630991165 6223.24272385386 7832.30489702744 8216.63708581558 8582.28553475122 7715.28515351183 7416.99905622213 6783.48177560757 6729.64523582038 6644.02927446892 6726.34744865295 5866.48318841877 6290.71736767755 6049.22515699325 6038.72917094317 4921.88988092989 4855.15190287595 5920.35683046216 5269.4283371159 6186.42667458364 4204.23893231581 4254.7767273971 4157.52330119748 6276.44405694817 5442.31108996904 5328.28537148678 4322.90411644765 4080.28798003278 7154.45665302404 6855.42668256324 6811.11224397308 6456.05336099385 6269.36998429667 6304.41313684311 5597.20912598413 5723.0892007726 4612.88954994589 6097.74548501329 6025.62237449378 5715.00218722618 5569.39179803325 5485.72009858323 7144.27218126521 6781.7309737264 6253.04925616295 6349.11411143318 7777.73263875791 8090.04017295341 5484.18179859129 7792.18358356629 7932.88251520215 5680.94402366367 5805.92369911972 7217.7299062794 6158.83511713051 7808.0487319176 7229.88589121571 7251.98248756849 5479.50727711899 5448.91044154701 6598.72146707224 6663.37939787312 4841.81009540853 4322.90411644765 2767.10588883042 3737.47909693151 3209.94548240309 3949.84176898265 3083.62611222567 4831.53702252192 5282.8732712417 4053.00814210877 4721.95669188103 5080.41582943759 3920.77798402307 3066.14578909745 4313.13401136575 3620.60077887635 4202.82642991594 4582.16651814401 4337.19379322621 4315.74153535635 4919.41307474784 4016.29493438916 3056.95927352655 3013.71863318393 2465.89233341604 2750.11363401587 4738.01118614129 3292.98496807987 3644.94512990251 2706.58918197794 3831.04098124779 2439.90266199289 4306.17289481043 2662.11851727154 2872.49891209727 1511.6216457831 3097.78146420951 3844.23269326923 2452.67710879357 1970.72321750164 3133.88736236643 3763.72488367574 1918.65838543499 2791.50497044157 2211.89963605947 2039.91421388253 2282.95313136297 2788.14454431617 3327.72444772701 2704.8567429718 3865.5530005421 1692.07712590177 1690.78384189109 1841.1952639522 2273.35105076185 1885.96792125423 2438.74967965144 3185.21977263736 2683.51448663874 1216.03865070153 2603.00307337506 2285.55244962788 2343.60832905159 1940.68286950753 2485.08048159411 0 2100.14880425174 2143.15771701478 1118.31346231725 1822.25821441419 1330.88316542062
8353.180531989 7689.11568387419 9725.032133623 8142.59633040961 9473.18584215469 6125.6632293981 6433.55461622889 6755.78455843583 5450.91735398731 10716.0510450445 9181.60525180646 9252.06058129755 8846.68016828912 9063.97401805632 9924.37025709944 10000.5312358894 9948.42952430181 6363.4208567405 9620.84325825964 5959.49872053011 4923.54039284741 5182.00009648784 4877.05085066785 7504.20715332406 7494.08099769411 8978.58563471998 8834.44961500149 6759.80768957224 8069.27041311667 7966.33541849701 5782.62483652537 8167.73377382001 5658.51128831604 5344.97427496148 4921.44541776092 4815.14537682924 4338.49052090701 3965.23958923039 11031.3473791736 10255.6386929338 7833.38209204683 6349.16333070744 9305.2740421763 12032.7677614088 7736.48014280396 7121.97304122952 8310.00902526586 6262.1881159863 9593.51994838183 5237.48508351098 5754.02033364499 5458.82313324035 4894.57607970292 5595.70147523972 4161.35494761021 3989.83082348112 3950.07911313179 3971.38200126858 4726.32256622419 4794.91918597175 6716.21172983699 6937.75900417419 8692.99286782176 8548.13576167342 7194.65947769594 6634.4272548578 6005.46626000013 7817.00869898454 8970.64657647374 7006.20260911715 7850.19904206256 8104.35839533272 7243.79044423567 7605.13806580788 8415.6847612063 7698.94473288385 6700.79286353488 9517.18839784104 7200.73780941925 7584.6473220579 7218.2927344352 6790.94065649229 8317.63938867273 8196.72190573768 8786.85097176457 8134.26394949168 7303.1671211879 6784.08063041706 6784.08063041706 6760.54731512176 6833.23678793586 5900.74147883128 6203.93020592592 5804.41642200144 6192.78814428525 5371.97589346788 5553.88377624163 5755.64939863435 5428.74294841817 6111.97594890556 4675.86890320933 4728.10744378763 4766.87790907214 6000.15624796555 5371.74319937206 5503.74872246181 4659.46617114021 4693.81241636263 7108.3137944241 6668.48933417457 6772.60105129484 6351.47620636337 6705.82768940569 6307.33699749744 5375.23255310875 5642.30670913945 4984.53859449398 6279.3809408253 6146.1369981477 6192.48536534403 5930.85154088348 5561.81175517475 7312.9166547965 6894.10980475362 6316.6446789415 6666.1926914844 8051.24214019179 8109.67786043317 5498.69302652912 7925.03943207856 8124.73076476999 5623.610939601 5914.54774264271 7218.72564930958 6203.07383480158 7845.61979705874 7460.01843161262 7312.87392206375 5934.4860771595 5503.63516232681 6937.30855591706 6831.81893788177 4908.66580650995 4024.37883405626 2762.01918892683 3142.1529243498 2719.48984186373 3111.57114654317 3056.65258084722 4736.36200052319 4933.87525176711 4082.43187328337 4746.18267663604 4956.56130800377 3487.92560127076 3298.76870968548 4296.36474243051 3935.81313072661 3948.81311282264 4137.40558804669 4732.53367658382 4788.39743546836 5005.12237612628 3776.57252015634 2660.00469924397 3684.85074324592 2788.36869871974 2292.65130362207 4941.97581944712 3372.96234784796 3803.12371610496 3599.47912898519 4369.92562865777 2832.18113827488 4315.52430186646 3200.97641353385 3390.51987164211 2877.17309176907 3027.06541059158 3942.55627734088 2765.41136180497 2278.5686296445 3638.93871891242 3827.85840908464 2299.32055181525 2816.13653788306 1985.73034423106 1832.17766605753 2721.90190859259 2430.66348966697 3855.27236391931 2151.88870530053 3669.5537875878 1937.45967699976 2614.98087947121 2840.00440140504 3180.01572323157 2250.27776063312 3801.39776924226 3729.10847254407 2126.76397374039 2583.23924559844 1820.37084133975 1743.73879924718 3777.31716963244 1215.26746027366 4318.13038246878 2100.14880425174 0 2714.08363909442 2509.23295052492 1095.44511501033 1761.56890299528
6879.72564859966 6288.58092100277 7933.78850234867 6213.94600877735 7750.64513443881 3601.7356926904 3948.17996043747 4416.65880502445 3164.84596781581 9088.79805034747 7239.17294999919 7861.09884176506 7035.71247280615 7402.57556530158 8305.532794469 8578.27925635439 8452.3665325162 4288.13770767684 8180.96112935393 3622.41286989763 3144.24076686249 3559.93328589175 3441.2025514346 5184.17061833424 5564.6203823801 6921.2534991864 6731.92023125646 4605.29586454551 5961.70068017508 5764.65523687237 3442.56445110328 6084.25221370712 3071.84797800933 3323.77797092405 2242.34809964912 2364.45025323012 1687.0832818803 1921.09994534381 9448.11489134208 8854.76566601285 6699.11374735494 5266.93696563762 8021.57247676539 10587.1974573066 6656.43485658802 6030.85814789239 6727.83397535938 4886.07715862122 8424.10974524905 2865.30975637888 3650.3424496888 3399.26462635671 2913.0096120679 3750.08333240743 2424.48448128669 2140.3854793004 1776.75969112314 1846.78775174626 2689.91170858822 2976.36523296453 5206.12619900824 5654.75463658681 6852.87348489668 6890.80002612179 5727.61948805959 4905.29051127454 4885.37357834588 6582.7900619722 7728.59948502961 5535.6232711412 6082.50565145648 6735.95761566238 5897.56305604272 6227.50953431627 7180.00696378492 6517.57240082533 5535.0587169424 8406.43354818201 5948.68682988103 6424.02716370347 5617.4949933222 5325 7256.93633705023 7163.97236175573 7870.27636109432 6984.5364914216 6095.5926701183 5414.33283055262 5610.1470568961 5613.93355856658 5421.42739506857 4512.75968781853 5273.28171066178 4905.09938737229 4555.28539171806 3490.43335418398 3718.28253364372 4533.62437791222 3751.16648524162 4973.30373092173 2890.06920332369 3191.59051258146 3030.36713947337 4844.64911010075 4302.54285277904 4062.32691938992 3165.14217690138 3257.77915150797 6042.09193905555 5622.83291588857 5970.91910847903 5512.03229308392 5129.63205308139 5410.75318232129 4630.67219742447 4943.36676769992 3699.57767860063 5020.52039135387 5177.23381739709 4604.41364345125 4427.89453352268 4592.11280349253 6560.20197859792 6526.38874110331 5752.49945675791 5776.51495280675 7050.44324847736 7276.5462274351 5243.86546356788 7169.81519984999 7254.5675267379 5123.841332438 5458.76588616878 6449.51548567797 5929.2179079538 7127.85030707015 6843.83846974781 6688.56299962855 4846.19696256766 5038.97310967225 6276.2448964329 6292.25714668433 3488.37354651133 3857.21726118714 1821.74367022367 2993.63908980358 1534.80454781708 2293.06018237638 1331.58739855858 4573.90697325601 3858.35133185147 3139.46651519012 3105.84127089586 3782.02987825321 2702.89196972428 2641.61408990791 3653.42305242631 3035.31299868729 2572.57167052737 2713.50787726883 3814.20044045931 3893.90549448751 4446.76848958882 3947.94250211423 3222.67357949886 2685.72615878835 2010.90775521902 2751.8175811634 4865.50357106025 3720.63502644374 3684.59631438778 3203.51369592827 4456.03523325388 2433.61870472759 4452.52737217864 3007.69845563015 4408.16004700374 2435.28745736515 4247.57283633842 5277.0730523653 3829.98041770451 2631.65822249015 4837.67764531702 4863.25508276093 3704.47364682218 4438.5386108493 2833.39460718058 3330.63432396893 3510.16381384117 3659.4910848368 4766.35342793629 3436.84084589322 4609.84001891606 2751.13612894746 3669.04279070168 3433.38389930401 3409.36211042476 2204.82425603493 3182.47152383175 4222.85448482422 4000.23436813395 1247.24696832664 1852.70073136489 1268.11868529724 2606.36240764787 2668.44992458169 3194.33091585703 2143.15771701478 2714.08363909442 0 1810.73189622318 2021.44750117335 1611.48223694833
7562.28305473949 6921.61469600844 8107.48111314482 6076.23444248163 7776.1655074979 4312.62680972977 4431.35137401673 4624.4594278683 3183.35514826731 9550.65442783896 7383.46971281118 8163.98340272688 7717.10761879086 8076.23829514707 8577.04057353118 8936.89683279381 8722.1700281524 4053.62492098122 8649.38581634558 4820.8531402647 4628.4446631671 4896.61873132879 4613.90561238524 5862.75319282673 6443.69847215091 7409.87516763947 7102.02435929362 5667.34064619377 6705.26845100179 5996.56151473492 3555.1019675953 6135.60306734391 4187.48134324202 4749.86841923016 3346.73348206875 3817.47626056797 3114.28161860805 3504.55061313145 9768.22015517668 8875.42252515338 5984.82455883211 4374.42853410591 8191.80230474344 10716.7509068747 6000.26041101551 5121.4011754597 6323.96236547941 3987.63714497696 8439.08318480153 3703.20806868855 4376.21411724792 3610.5747464912 3297.44219054709 3154.85736603099 1835.2452152233 1983.99848790265 2944.16796395858 2316.92144881953 3754.41406879955 2515.94912508183 4644.75510656913 4991.36754807738 6917.41461819371 6661.12790749435 5126.46320575892 4517.53527933098 4093.36353137612 6073.86820732884 7534.66986668958 5123.5363763713 6287.93487561695 6367.54466022815 5324.82394075147 6625.75467399752 7308.12903553297 6556.8666297249 4918.65072962088 7951.1398553918 6245.44834259319 6271.21399730547 5561.92412749401 5105.69534931335 6734.10164758448 7146.24027024001 7494.33119097361 6607.00385954178 6385.82414414929 5746.6294469019 5661.49273601936 5564.0587703582 5665.74134601995 4838.77567159297 5252.26141771333 5058.03815723053 5013.17015470251 3887.56028892158 3768.70335792033 4938.49673483743 4270.39225364603 5156.67043740435 3163.66085413718 3170.76489194642 3078.65636276607 5320.77297016138 4423.02215685158 4277.41160048925 3263.52953104457 2970.37455550643 6098.82160749107 5839.84160744108 5759.61153203929 5419.06357224198 5167.5066521486 5247.97580024908 4605.09229006325 4696.87396041239 3520.38705258385 5015.78757524678 4951.89357720862 4613.36374026588 4478.69958805008 4426.20040215081 6076.80014481306 5778.08359233405 5217.39877716856 5264.20696781576 6681.78494116654 7021.44037929541 4507.97903721834 6724.20999077215 6850.54742338158 4668.64541382187 4787.54895536328 6160.05275951432 5175.12077153761 6748.88879742436 6182.28315430473 6204.28279497316 4375.57139125852 4433.53696274205 5547.29663890439 5627.94367420286 3838.78235903001 3422.07904642777 1929.05417238604 2979.19871777631 2799.4419086668 3669.21313090423 2428.34820402676 3886.75635974266 4384.70352475512 3047.74506807902 3796.87371399155 4103.50459972936 3119.79566638586 2064.7336389956 3310.02265853272 2561.61570107618 3406.15252154098 3954.34887181189 3253.1715294463 3230.13157626744 3893.90549448751 3176.67278768211 2397.5247652527 1915.23497252948 1502.91383651891 2119.84669257001 3815.34729742916 2527.47403547494 2717.99558498538 1762.45567320146 3026.34267722609 1481.13132435986 3441.11173895879 1736.73544329584 2713.04717983304 667.551496140934 2798.77205216859 3677.12523583301 2245.82946814757 1332.52579712364 3137.77389242756 3352.79733953605 2219.37491199662 2937.36701826653 1765.82133864103 2053.80743985409 1918.00677788166 2443.9977495898 3058.08355019937 2377.10433090346 3323.11976913261 1397.31886124821 2097.17071312757 1683.93141190489 1693.0002953337 1109.61705105861 1589.22150753128 2609.83715967108 2772.29597986939 1454.94845269515 2216.69799476609 2246.52509445143 1346.52330094952 1869.65905982882 1870.82869338697 1118.31346231725 2509.23295052492 1810.73189622318 0 1716.46438937719 897.566153550812
7431.39455284134 6763.3201905573 8649.63872077904 7052.79200033575 8388.16130030891 5154.00329840795 5444.32043509564 5728.92878294014 4482.46583924518 9716.15922059741 8094.55835731635 8254.73349054953 7864.71550661561 8105.90062855449 8884.43160815592 9012.80339295161 8928.11570265529 5333.20963398215 8653.93696533549 5073.02917397486 4241.60936438046 4459.0497866698 4114.07644557074 6487.1507613127 6545.32275751166 7929.37576357685 7767.07795763632 5840.80473907492 7067.75247161359 6896.55711206686 4802.99385800149 7084.62243171787 4769.56496968015 4583.53029879808 4075.61345075806 4019.40605064977 3555.62933951221 3263.91252946521 10009.5267120878 9211.84699178183 6788.36320477919 5319.01071628926 8302.89859025148 11003.0677540402 6692.01950086818 6101.02450413043 7224.00512181435 5249.28566568824 8588.69169315094 4255.73142949599 4742.23048786117 4388.47923545276 3833.65034921027 4620.80891186814 3161.78351567592 2937.47340413492 3040.25081202193 2944.80474734744 3801.06892860416 3763.14363265608 5641.58665625194 5874.73403653306 7603.16545920184 7455.24144478232 6124.79591496729 5552.98343235418 4956.37216116788 6752.45325789079 7922.90981899958 5920.04011810731 6776.84476729399 7027.8463984353 6171.9121834323 6621.03655026915 7409.70647191911 6683.09434319163 5639.20428784062 8476.84345732537 6215.35397222073 6545.75243955957 6131.37423421536 5704.11036008246 7276.88978891394 7205.9870940767 7780.66513866263 7083.51960539392 6326.63022469308 5779.59773686716 5763.13716650923 5729.31060425249 5804.57793469947 4882.49423962794 5212.36510616822 4846.7772798015 5167.26475032971 4311.39478591325 4464.93281024474 4784.08820988911 4404.68500576375 5113.34039547535 3603.29710126712 3637.99395271625 3678.73959393703 5065.75512633605 4362.98349756219 4453.22916544837 3580.59003517577 3598.87135085432 6112.94732514521 5704.27471287981 5788.62030193724 5370.40501265966 5626.55534052585 5303.06515140065 4409.43590496562 4657.85626656727 3902.0026909268 5230.73847558832 5118.10511810768 5107.53120401628 4855.40935452409 4531.41810033018 6318.92000265868 5968.1446028058 5346.02656184946 5638.0958665138 7024.42168438086 7127.89414904571 4574.45351927419 6939.470440891 7120.48102307702 4661.00847456857 4953.97567616152 6237.78806950028 5288.48986006402 6873.40890679436 6487.82513636118 6346.50494366781 4871.15232773519 4535.41618817943 5949.47476673362 5868.02777771203 3877.49919406826 3096.06605226697 1696.68795009572 2243.46272534223 2055.63250606717 2698.49495089392 2166.36215808899 3816.16626996257 4012.86992064283 3032.53194542119 3759.82047443758 3960.74487943872 2556.48684721827 2227.52665528384 3277.00320414857 2860.17919019071 3036.95982851272 3398.25322776276 3671.0863514769 3732.12406010304 4007.64893672088 2905.59804515353 1834.56398089573 2613.06812004586 1695.58249578132 1384.28681999071 4051.31151604021 2548.89682019496 2855.47719304497 2678.85236621953 3558.96754691582 1789.20373350829 3458.86542091478 2248.61068217689 3052.15088093626 2085.21581616868 2631.18319392626 3701.85764177933 2368.01604724292 1418.40579525043 3447.00957352892 3369.34711776629 2255.41016225431 2796.538038361 1230.09146001425 1599.02313929474 2172.26839962285 1946.31061241519 3454.43555447196 1652.46028696607 3104.13031298623 1305.27774822066 2529.45152157538 2386.55085845661 2488.47342762586 1254.49192902944 2959.83529947191 3079.97564925439 2136.1472327534 2164.05291062857 996.870101868844 1330.64833821713 2856.24316191742 732.717544487642 3563.17975970902 1822.25821441419 1095.44511501033 2021.44750117335 1716.46438937719 0 838.525491562421
7336.80788899369 6679.49286997149 8256.62612693587 6466.54853843996 7968.49264290305 4577.8679535347 4805.59569668527 5063.10181608073 3735.05354713959 9496.47961088739 7620.77751938738 8072.48412819747 7634.01106889426 7935.44264675891 8600.58137569781 8839.40043215602 8694.35880327008 4610.72120172105 8508.74550095371 4750.26315060545 4222.04038351127 4471.15756823666 4156.32048812408 6020.27823277297 6319.56288045305 7528.32152607738 7302.2684831496 5567.82048920401 6725.1394037596 6325.79046444 4075.30673692177 6501.44214770846 4293.96378652638 4455.54429896057 3527.21561575133 3700.1689150632 3116.98973370141 3144.24076686249 9760.89135274028 8929.44567148488 6315.55619086712 4779.51357357629 8118.11246534562 10746.5401409012 6266.27880005351 5556.58393259744 6688.65644206667 4572.81368524894 8395.60897136116 3785.74629366523 4369.99713958716 3840.16601203646 3372.12840799398 3839.10796930745 2400.26040253969 2282.67934673269 2739.52550636055 2404.42300770892 3552.99169714763 3039.83963392808 5058.47061867517 5352.16077860148 7141.95351427045 6959.25642579723 5548.98639392817 4941.15371143218 4439.87612439807 6322.67743918666 7620.73651296251 5420.21678533248 6394.13794033254 6599.52649816636 5662.65176397066 6468.96436842869 7225.77850477026 6485.60906931647 5185.07473427336 8129.19122668424 6077.21153161547 6285.00198886206 5717.79022000633 5281.21671587145 6917.45979388388 7050.31027686016 7540.1011266428 6744.11780739334 6204.88718672628 5602.39903969719 5566.69785420405 5506.64371464143 5579.2024519639 4686.34985889871 5084.47391575569 4791.33332173832 4914.64647762176 3914.23683493986 3961.21824695383 4683.81521838768 4144.65016617808 4973.24089503012 3183.06063404391 3219.9572978535 3197.06897016627 5019.33760570058 4220.48575403353 4187.70521885197 3226.25944400013 3119.49515146281 5964.8973168027 5618.55185968769 5646.45906741561 5254.22449082641 5253.68917999533 5137.18064700863 4348.41925301597 4534.86493734929 3542.95074761137 4973.0523825916 4897.00163365298 4711.55494502611 4508.67219921786 4325.7224830079 6095.1312537139 5788.4043569882 5170.89208937878 5342.40114555244 6749.30551982943 6963.74540028568 4434.94644838018 6732.61650474762 6884.8111811436 4537.68938998693 4764.32051818515 6081.78633297817 5139.18767900142 6706.75964978618 6248.29976873709 6173.53221421902 4500.41664737833 4364.98854523125 5661.32714122758 5654.36778075144 3659.32029207611 3098.99177152828 1491.85287478357 2414.02154091466 2172.84375876408 2983.91521327266 2002.18630501759 3726.09044442026 4005.93309979086 2834.71779900575 3562.74121990357 3840.32876196817 2611.75228534408 1914.0924742551 3117.99214238907 2517.19089462838 2986.42763180359 3454.1641535978 3313.41968365011 3343.93106986373 3813.5449387676 2902.69271539376 1951.60190612737 2084.16650006663 1280.86884574495 1546.56878282215 3843.01314075297 2413.76262296026 2643.97900899383 2129.99413144731 3231.96921396229 1377.27085208393 3343.93106986373 1833.88249350933 2869.23334708071 1354.16025639508 2663.17479711715 3690.10501205589 2249.02756763896 1130.81828778986 3302.46120340573 3328.75727562104 2195.73450125465 2855.03940428149 1303.36103977371 1733.1330012437 1959.11331984651 2101.19013894507 3250.96139626419 1911.15148536164 3149.80158105237 1145.91666363658 2292.37867726953 1997.8113024007 2034.23818664384 825 2263.57018888304 2798.548731039 2418.67732448956 1615.16253052131 1388.11923119017 1538.26200629152 2070.92974289327 1185.85412256314 2753.2934823589 1330.88316542062 1761.56890299528 1611.48223694833 897.566153550812 838.525491562421 0
